"","Datasets","volume","center_x","center_y","MERFISH_cell_type_annotation","Region","Excitatory_vs_Inhibitory","Segment","Gender","Mouse_ID","AP_position","Section_ID"
"2707604700067100081","20240415",1276.37915039062,7406.21110995064,5801.42498748447,"MV_in_Sema5b",4,"inhibitory",15,"male","M3",3,"0415_M3_S"
"2796212800986100038","20240613",4494.86376953125,9914.72753673419,8397.08039194919,"oligodendrocyte_2",NA,NA,NA,"female","F4",1,"0613_F4_C"
"2656144900112100180","20240328",2117.8623046875,8282.69598113858,1206.51815053241,"endothelial",NA,NA,NA,"male","M1",1,"0328_M1_C"
"2787445900053200043","20240503",2298.6337890625,4588.81609628041,384.014023694646,"pericyte",NA,NA,NA,"female","F5",4,"0503_F5_T"
"2795103300233100096","20240610",2867.119140625,6873.49588935572,1651.43361911451,"DH_in_Cdh3",1,"inhibitory",10,"male","M4",2,"0610_M4_L"
"2787445900753100213","20240503",3171.271484375,3682.3438702533,5763.80302187483,"MV_in_Gabra1",4,"inhibitory",16,"female","F3",2,"0503_F3_L"
"2787889600412100201","20240503",3096.2607421875,6848.62814832304,9029.4262924681,"oligodendrocyte_progenitor_2",NA,NA,NA,"male","M4",4,"0503_M4_T"
"2796212800399100077","20240613",3103.61352539062,6794.45190318767,3445.17781902174,"DH_ex_Reln",1,"excitatory",6,"female","F4",2,"0613_F4_L"
"2946331700000001467","20240415",3036.45385742188,8196.98566120584,560.276898716867,"astrocyte_1",NA,NA,NA,"female","F2",1,"0415_F2_C"
"2796212800760100266","20240613",1776.40979003906,9373.50063585117,6599.06700078247,"DH_ex_Tac2",1,"excitatory",8,"female","F4",1,"0613_F4_C"
"2945606900000017077","20240328",2801.31225585938,3273.32357346587,7350.07615519618,"oligodendrocyte_2",NA,NA,NA,"female","F1",4,"0328_F1_T"
"2787445900548100167","20240503",2664.14965820312,8505.0645927256,4001.89729813172,"astrocyte_1",NA,NA,NA,"female","F3",1,"0503_F3_C"
"2707604000123100134","20240415",2515.02319335938,5515.22728173684,9726.5353014965,"oligodendrocyte_2",NA,NA,NA,"male","M3",4,"0415_M3_T"
"2795103300156100042","20240610",3755.3173828125,4847.84715597713,1052.21436346829,"oligodendrocyte_1",NA,NA,NA,"male","M4",4,"0610_M4_T"
"2656144900395100204","20240328",772.466064453125,7333.31450122769,4391.11238186611,"DH_in_Npy",1,"inhibitory",4,"male","M2",4,"0328_M2_T"
"2787445900097100208","20240503",1674.76708984375,6663.83740058367,663.22196279667,"DH_in_Cdh3",1,"inhibitory",4,"female","F5",1,"0503_F5_C"
"2796212800854100197","20240613",3220.71508789062,8964.95930202678,7380.93610968557,"astrocyte_1",NA,NA,NA,"female","F4",1,"0613_F4_C"
"2656143800129100068","20240328",3884.9228515625,2183.53752773631,3801.25467817084,"astrocyte_1",NA,NA,NA,"male","M3",1,"0328_M3_C"
"2787445900512200012","20240503",1141.33666992188,8788.40676262463,3749.12170250068,"meninges_1",NA,NA,NA,"female","F3",1,"0503_F3_C"
"2787445900361100208","20240503",174.762893676758,8074.40796696127,2596.96208382677,"MV_in_Esrrb",4,"inhibitory",14,"female","F4",1,"0503_F4_C"
"2795584800124200179","20240610",1488.36474609375,4656.63009603895,4842.02103686327,"DH_in_Pdyn",1,"inhibitory",2,"female","F3",4,"0610_F3_T"
"2787889600315100079","20240503",1699.50244140625,9868.47891660244,8090.10109643388,"oligodendrocyte_1",NA,NA,NA,"male","M4",1,"0503_M4_C"
"2787889600353100095","20240503",2229.525390625,10362.9610960686,8409.49184453781,"MV_in_Gm26673",4,"inhibitory",19,"male","M4",1,"0503_M4_C"
"2787445900858100201","20240503",4326.0126953125,2169.77699450904,6607.88546622069,"M_in_Tfap2b",3,"inhibitory",12,"female","F3",3,"0503_F3_S"
"2787445900618100070","20240503",2354.7109375,7297.02484883973,4513.30408570578,"astrocyte_1",NA,NA,NA,"female","F3",1,"0503_F3_C"
"2787889600351100126","20240503",1606.41931152344,9887.35512439464,8345.68181458852,"astrocyte_1",NA,NA,NA,"male","M4",1,"0503_M4_C"
"2796212800922100073","20240613",2608.79125976562,9946.15964042209,7786.676269733,"DH_ex_Prkcg/Rxfp1",1,"excitatory",6,"female","F4",1,"0613_F4_C"
"2787445900754100137","20240503",2756.93969726562,4100.16205809137,5655.47328186706,"astrocyte_1",NA,NA,NA,"female","F3",2,"0503_F3_L"
"2796212800265100093","20240613",2468.09375,5279.68747175485,2196.83786759269,"DH_ex_Sox5",1,"excitatory",5,"female","F4",3,"0613_F4_S"
"2787445900549100054","20240503",1828.50512695312,8903.1405265209,3841.27581682641,"DH_ex_Sox5/Tac1",1,"excitatory",5,"female","F3",1,"0503_F3_C"
"2787889600409100243","20240503",1657.06726074219,6012.55693558033,9054.81977203568,"MV_ex_Syt2",4,"excitatory",14,"male","M4",2,"0503_M4_L"
"2707737900021100138","20240415",3783.58056640625,10620.1106262845,8148.73973618587,"oligodendrocyte_progenitor_2",NA,NA,NA,"female","F1",3,"0415_F1_S"
"2787445900126100131","20240503",820.416687011719,4152.94066089287,978.674090559973,"endothelial",NA,NA,NA,"female","F5",4,"0503_F5_T"
"2656143800267100079","20240328",626.653259277344,5768.56310080347,5200.68870701437,"DH_in_Cdh3",1,"inhibitory",10,"male","M3",4,"0328_M3_T"
"2946331700000018601","20240415",1371.46789550781,10551.5766264877,3581.7491297072,"DH_in_Cdh3",1,"inhibitory",10,"female","F2",2,"0415_F2_L"
"2707604700037200059","20240415",4059.26220703125,5701.32277686297,5553.56870833214,"pericyte",NA,NA,NA,"male","M2",2,"0415_M2_L"
"2656143800468100060","20240328",2263.18798828125,6262.27480254573,7434.79797564544,"DH_ex_Reln/Nmur2",1,"excitatory",3,"male","M3",2,"0328_M3_L"
"2795903600372100097","20240613",2495.77026367188,2384.31408183323,7806.57768226479,"astrocyte_1",NA,NA,NA,"male","M4",2,"0613_M4_L"
"2787445900425100195","20240503",1995.88317871094,5113.97686385899,3203.86303410161,"astrocyte_1",NA,NA,NA,"female","F4",4,"0503_F4_T"
"2707737900112100022","20240415",3002.93872070312,10531.7058756937,10023.1575849617,"endothelial",NA,NA,NA,"female","F1",2,"0415_F1_L"
"2946331700000004514","20240415",1526.03259277344,8217.9163084754,1291.97928740428,"DM_ex_Zfhx3",2,"excitatory",11,"female","F2",1,"0415_F2_C"
"2795903600518100067","20240613",769.651184082031,6748.32398511519,9128.05439954074,"DH_ex_Grp",1,"excitatory",6,"male","M5",1,"0613_M5_C"
"2707604700272100112","20240415",1715.31213378906,4220.39673847161,8351.52010849921,"DH_in_Pdyn",1,"inhibitory",2,"male","M2",4,"0415_M2_T"
"2707604000109100211","20240415",3266.2685546875,5647.00567766344,9602.2527111661,"pericyte",NA,NA,NA,"male","M3",4,"0415_M3_T"
"2656144900058100068","20240328",3152.96508789062,7721.30725932057,646.2655331149,"peripheral_glia",NA,NA,NA,"male","M1",1,"0328_M1_C"
"2707604700365100052","20240415",2362.44750976562,3218.81805142805,9377.11497660505,"DH_ex_Grp",1,"excitatory",6,"male","M2",1,"0415_M2_C"
"2796212800456100305","20240613",2537.54516601562,5084.73119216692,4049.01075189922,"oligodendrocyte_progenitor_2",NA,NA,NA,"female","F3",2,"0613_F3_L"
"2796212800760100272","20240613",1287.26928710938,9389.72778961621,6599.28909898282,"oligodendrocyte_precursor_cell",NA,NA,NA,"female","F4",1,"0613_F4_C"
"2787889600092100060","20240503",2339.1494140625,7902.66430353816,6354.06327147168,"MV_in_Gabra1",4,"inhibitory",16,"male","M5",1,"0503_M5_C"
"2787889600196100010","20240503",2491.89331054688,6944.47956940637,7154.86635217824,"oligodendrocyte_2",NA,NA,NA,"male","M5",4,"0503_M5_T"
"2795584800411100147","20240610",1961.35534667969,4340.71583116261,7006.74785370674,"astrocyte_1",NA,NA,NA,"female","F4",4,"0610_F4_T"
"2795584800420100182","20240610",2129.4619140625,6867.8336717051,6982.44600822259,"oligodendrocyte_1",NA,NA,NA,"female","F4",2,"0610_F4_L"
"2787445900389100156","20240503",2726.8603515625,5286.41340264771,2861.65862190013,"pericyte",NA,NA,NA,"female","F4",4,"0503_F4_T"
"2656143800153100191","20240328",1818.12158203125,1986.58636864153,4210.90318103717,"MV_ex_Syt2",4,"excitatory",14,"male","M3",1,"0328_M3_C"
"2795103300382100107","20240610",1491.52221679688,9276.35325029329,2797.13755933143,"astrocyte_1",NA,NA,NA,"male","M5",3,"0610_M5_S"
"2787889600413100192","20240503",2159.63403320312,6968.54909829982,9046.75827782796,"MV_ex_Syt2",4,"excitatory",14,"male","M4",4,"0503_M4_T"
"2656144900504100204","20240328",2009.79797363281,8791.44488744988,5518.52452108571,"endothelial",NA,NA,NA,"male","M2",2,"0328_M2_L"
"2787445900253100102","20240503",2246.86474609375,8861.97439858038,1680.80629132086,"DH_in_Rorb",1,"inhibitory",7,"female","F4",1,"0503_F4_C"
"2787445900933100079","20240503",4189.34423828125,2301.62636656876,7032.97609553129,"astrocyte_1",NA,NA,NA,"female","F3",3,"0503_F3_S"
"2945606900000006599","20240328",5352.0078125,1598.516838804,5987.36801225206,"endothelial",NA,NA,NA,"female","F1",1,"0328_F1_C"
"2795903600435200091","20240613",4308.81640625,5442.98081016107,8387.05579673205,"oligodendrocyte_progenitor_2",NA,NA,NA,"male","M5",1,"0613_M5_C"
"2656143800078100083","20240328",1344.826171875,1979.64464425742,3257.24175264756,"DH_in_Npy",1,"inhibitory",4,"male","M3",1,"0328_M3_C"
"2787445900659100022","20240503",4570.97021484375,8616.10815237765,4675.10553056306,"astrocyte_1",NA,NA,NA,"female","F3",1,"0503_F3_C"
"2656143800052100323","20240328",1056.41394042969,1601.43907372047,3143.36176128522,"DH_in_Npy",1,"inhibitory",4,"male","M3",1,"0328_M3_C"
"2787445900437100077","20240503",3467.58740234375,8381.4258173526,3096.15215271694,"oligodendrocyte_2",NA,NA,NA,"female","F4",1,"0503_F4_C"
"2787445900896100105","20240503",3884.90966796875,2194.48252092133,6717.04466043533,"oligodendrocyte_progenitor_2",NA,NA,NA,"female","F3",3,"0503_F3_S"
"2787889600348100196","20240503",1451.12341308594,9114.19593644515,8516.24889192136,"MV_in_Sema5b",4,"inhibitory",15,"male","M4",1,"0503_M4_C"
"2945606900000003404","20240328",1444.44799804688,1281.42533960797,5411.90710530768,"pericyte",NA,NA,NA,"female","F1",1,"0328_F1_C"
"2795103300154100140","20240610",4104.79931640625,4207.45206798945,1165.95121379645,"MV_ex_Syt2",4,"excitatory",14,"male","M4",4,"0610_M4_T"
"2795903600518100164","20240613",1683.11938476562,6830.3048452411,9239.6574778201,"astrocyte_2",NA,NA,NA,"male","M5",1,"0613_M5_C"
"2787889600479100206","20240503",4221.57177734375,5402.96771191608,9643.19543757988,"oligodendrocyte_progenitor_2",NA,NA,NA,"male","M4",2,"0503_M4_L"
"2707604700106100095","20240415",3195.63208007812,4744.93598028926,6408.45544329158,"oligodendrocyte_progenitor_2",NA,NA,NA,"male","M2",2,"0415_M2_L"
"2656143800213200032","20240328",1481.97290039062,4770.16571200971,4677.73422508314,"astrocyte_2",NA,NA,NA,"male","M3",4,"0328_M3_T"
"2945606900000014789","20240328",3652.05224609375,3261.68821487052,7099.27633543729,"astrocyte_1",NA,NA,NA,"female","F1",4,"0328_F1_T"
"2787889600384200032","20240503",1357.42321777344,9112.69718682207,8614.62765590986,"oligodendrocyte_1",NA,NA,NA,"male","M4",1,"0503_M4_C"
"2787445900248100160","20240503",3039.33251953125,7474.77656250517,1814.59912765503,"DH_ex_Nmu/Tac2",1,"excitatory",8,"female","F4",1,"0503_F4_C"
"2796212800233100131","20240613",1563.89587402344,5256.03884168062,2115.65783838485,"DH_ex_Reln/Nmur2",1,"excitatory",3,"female","F4",3,"0613_F4_S"
"2787889600058100120","20240503",3247.841796875,8448.49638728262,6153.23855563806,"oligodendrocyte_progenitor_2",NA,NA,NA,"male","M5",1,"0503_M5_C"
"2787445900583100189","20240503",2921.01098632812,7901.48005774256,4321.30422488981,"MV_in_Gabra1",4,"inhibitory",16,"female","F3",1,"0503_F3_C"
"2795584800226100152","20240610",1592.33728027344,2885.95077879401,5558.87921943268,"DH_in_Cdh3",1,"inhibitory",10,"female","F3",1,"0610_F3_C"
"2787889600384100094","20240503",717.980346679688,9192.99671660759,8680.80333592359,"alpha_motoneuron",NA,NA,22,"male","M4",1,"0503_M4_C"
"2707604700035100093","20240415",2839.19750976562,5142.90171620992,5590.92441862694,"astrocyte_1",NA,NA,NA,"male","M2",2,"0415_M2_L"
"2656143800153100293","20240328",1176.28833007812,1822.17906067705,4288.7816127016,"DH_in_Npy",1,"inhibitory",4,"male","M3",1,"0328_M3_C"
"2707737900101100075","20240415",2263.24291992188,11238.478436585,9809.23037477443,"DH_ex_Maf/Slc17a8",1,"excitatory",10,"female","F1",2,"0415_F1_L"
"2656144900530100093","20240328",1850.68395996094,8784.91013035073,5598.95544795637,"oligodendrocyte_progenitor_2",NA,NA,NA,"male","M2",2,"0328_M2_L"
"2795584800185100303","20240610",2088.3681640625,1513.16620749663,5385.72200426101,"DH_ex_Nmu/Tac2",1,"excitatory",8,"female","F3",1,"0610_F3_C"
"2787445900163100081","20240503",851.41357421875,4181.34624358808,1087.72079797686,"MV_ex_Shox2",4,"excitatory",18,"female","F5",4,"0503_F5_T"
"2707737900007100130","20240415",2397.64086914062,10277.9913320194,7896.12892893795,"oligodendrocyte_2",NA,NA,NA,"female","F1",3,"0415_F1_S"
"2787889600129100183","20240503",4871.56005859375,8108.7914288477,6772.78987585354,"MV_in_Gm26673",4,"inhibitory",19,"male","M5",1,"0503_M5_C"
"2796212800882100020","20240613",2212.14892578125,7762.86618847959,7462.78149240039,"DH_ex_Reln/Nmur2",1,"excitatory",3,"female","F3",1,"0613_F3_C"
"2795903600089100200","20240613",2213.962890625,3301.33506340465,4872.46108024646,"astrocyte_1",NA,NA,NA,"male","M5",2,"0613_M5_L"
"2707604000086100243","20240415",2372.21655273438,7755.64541784397,8981.62436300005,"DH_ex_Sox5",1,"excitatory",5,"male","M3",2,"0415_M3_L"
"2795103300182100065","20240610",3928.85668945312,2248.58299183383,1361.10603094968,"oligodendrocyte_progenitor_1",NA,NA,NA,"male","M4",1,"0610_M4_C"
"2796212800488100280","20240613",2740.50219726562,4882.32526320498,4340.30822655826,"astrocyte_1",NA,NA,NA,"female","F3",2,"0613_F3_L"
"2787889600315100102","20240503",4180.1513671875,10033.6806031705,8121.89342678653,"MV_in_Gabra1",4,"inhibitory",16,"male","M4",1,"0503_M4_C"
"2795103300156100200","20240610",4194.95556640625,4727.98264513345,1218.69378433161,"oligodendrocyte_progenitor_2",NA,NA,NA,"male","M4",4,"0610_M4_T"
"2656144300141100022","20240328",1594.77172851562,8668.57450779451,12013.5675861208,"DH_ex_Gpr83",1,"excitatory",2,"female","F2",2,"0328_F2_L"
"2707737900086100132","20240415",1970.2421875,10614.1038127308,9641.0068712004,"oligodendrocyte_progenitor_2",NA,NA,NA,"female","F1",2,"0415_F1_L"
"2946331700000020454","20240415",2664.45190429688,11413.0271705438,3742.49436222354,"astrocyte_1",NA,NA,NA,"female","F2",2,"0415_F2_L"
"2726544600456100095","20240422",2689.23559570312,3922.69327635143,11303.8471244513,"MV_in_Gabra1",4,"inhibitory",16,"female","F1",2,"0422_F1_L"
"2656143800368100034","20240328",2131.11376953125,6021.15355824062,6307.52647367527,"endothelial",NA,NA,NA,"male","M3",2,"0328_M3_L"
"2795103300193100190","20240610",1811.181640625,5456.10413923202,1496.24943524989,"oligodendrocyte_progenitor_2",NA,NA,NA,"male","M4",2,"0610_M4_L"
"2945606900000008135","20240328",553.880126953125,1216.72797874715,6140.42075394953,"DH_ex_Sox5/Tac1",1,"excitatory",5,"female","F1",1,"0328_F1_C"
"2787445900250100079","20240503",2414.5517578125,7962.58424899494,1640.32167660797,"oligodendrocyte_2",NA,NA,NA,"female","F4",1,"0503_F4_C"
"2656143800152100094","20240328",2747.83032226562,1758.12443697162,4183.02093130467,"DH_ex_Reln/Npff",1,"excitatory",1,"male","M3",1,"0328_M3_C"
"2726562700118100166","20240422",3850.04174804688,12403.6974433736,9307.53368110582,"endothelial",NA,NA,NA,"female","F2",1,"0422_F2_C"
"2787445900051100104","20240503",736.259399414062,3886.83740357909,269.687807024544,"astrocyte_1",NA,NA,NA,"female","F5",4,"0503_F5_T"
"2796212800627100042","20240613",3096.328125,7941.50042954646,5228.89332484297,"oligodendrocyte_progenitor_2",NA,NA,NA,"female","F4",4,"0613_F4_T"
"2656144900403100060","20240328",1151.6162109375,9712.09814903905,4141.51280179572,"DH_ex_Reln/Nmur2",1,"excitatory",3,"male","M1",4,"0328_M1_T"
"2787889600094100080","20240503",3098.79760742188,8485.0165895531,6353.28393008598,"astrocyte_1",NA,NA,NA,"male","M5",1,"0503_M5_C"
"2946331700000013341","20240415",885.866027832031,12307.7638701577,2495.60178493691,"MV_in_Sema5b",4,"inhibitory",15,"female","F2",3,"0415_F2_S"
"2787889600409100225","20240503",2844.03588867188,5954.90796866105,9027.07372835977,"DM_ex_Zfhx3",2,"excitatory",11,"male","M4",2,"0503_M4_L"
"2787445900268100092","20240503",2061.19018554688,2665.78527170874,1960.00649771068,"endothelial",NA,NA,NA,"female","F5",2,"0503_F5_L"
"2796212800716100234","20240613",1278.84704589844,6063.08286161255,6267.02109401784,"MV_in_Gabra1",4,"inhibitory",16,"female","F3",4,"0613_F3_T"
"2726544200059100062","20240422",1838.24975585938,6237.12248532505,1444.15113528166,"DH_ex_Tac2",1,"excitatory",8,"male","M1",1,"0422_M1_C"
"2707604700083200126","20240415",2357.03173828125,5114.6960505725,6161.45533742337,"oligodendrocyte_progenitor_2",NA,NA,NA,"male","M2",2,"0415_M2_L"
"2726544600219100117","20240422",2341.01123046875,3148.08638602396,8719.94435504545,"oligodendrocyte_1",NA,NA,NA,"female","F1",4,"0422_F1_T"
"2707604000038100061","20240415",2491.92553710938,6862.91247449801,8096.30304354243,"oligodendrocyte_1",NA,NA,NA,"male","M3",2,"0415_M3_L"
"2787445900718100163","20240503",2544.71899414062,4333.8031557767,5438.72004271612,"oligodendrocyte_progenitor_2",NA,NA,NA,"female","F3",2,"0503_F3_L"
"2796212800977100222","20240613",1255.30969238281,7557.474977782,8521.04789041271,"MV_ex_Syt2",4,"excitatory",14,"female","F3",1,"0613_F3_C"
"2787445900090100096","20240503",2632.7705078125,4501.44729349203,534.098718041088,"astrocyte_1",NA,NA,NA,"female","F5",4,"0503_F5_T"
"2787889600195100078","20240503",3236.22973632812,6450.97606871615,7197.74648583686,"DH_in_Cdh3",1,"inhibitory",10,"male","M5",4,"0503_M5_T"
"2707604700318100119","20240415",3451.32373046875,3656.72664227954,9006.63100595307,"astrocyte_1",NA,NA,NA,"male","M2",1,"0415_M2_C"
"2787889600445200006","20240503",1376.34423828125,6086.24920164899,9103.20400423081,"astrocyte_1",NA,NA,NA,"male","M4",2,"0503_M4_L"
"2796212800110100105","20240613",1103.712890625,6660.60672215,812.920767563512,"M_ex_Vsx2",3,"excitatory",20,"female","F5",3,"0613_F5_S"
"2656144900112100127","20240328",3265.30712890625,8193.39954745611,1160.70515589896,"MV_in_Gabra1",4,"inhibitory",16,"male","M1",1,"0328_M1_C"
"2656143800192100146","20240328",3014.25708007812,5785.20423639723,4543.10737614916,"oligodendrocyte_progenitor_2",NA,NA,NA,"male","M3",4,"0328_M3_T"
"2656144900615100044","20240328",3315.189453125,10607.1083839377,6385.92296498724,"M_ex_Neurod2",3,"excitatory",13,"male","M1",2,"0328_M1_L"
"2707604800404100223","20240415",2265.10571289062,1422.54019488112,8499.65690791945,"DH_ex_Prkcg/Rxfp1",1,"excitatory",6,"male","M1",1,"0415_M1_C"
"2795584800419100280","20240610",3041.46899414062,6518.36513535841,7083.52357487002,"endothelial",NA,NA,NA,"female","F4",2,"0610_F4_L"
"2656144900185100150","20240328",4155.88720703125,6709.48960331808,2119.85000366863,"microglia",NA,NA,NA,"male","M2",1,"0328_M2_C"
"2945606900000003322","20240328",1511.21752929688,1189.89858151641,5269.81990541861,"MV_ex_Shox2",4,"excitatory",18,"female","F1",1,"0328_F1_C"
"2656144900111100020","20240328",2949.9404296875,7872.02182341371,1027.59000841065,"astrocyte_1",NA,NA,NA,"male","M1",1,"0328_M1_C"
"2656144900566100073","20240328",2849.20092773438,11406.460026188,5940.29432032186,"oligodendrocyte_2",NA,NA,NA,"male","M1",2,"0328_M1_L"
"2787445900682100135","20240503",1350.89758300781,4517.20347425347,5073.50066254068,"DH_ex_Sox5",1,"excitatory",5,"female","F3",2,"0503_F3_L"
"2707604700318100044","20240415",4055.53198242188,3594.10650293187,8900.83850024658,"oligodendrocyte_progenitor_2",NA,NA,NA,"male","M2",1,"0415_M2_C"
"2787889600279100150","20240503",2333.59619140625,9917.50564076705,7873.15666367384,"endothelial",NA,NA,NA,"male","M4",1,"0503_M4_C"
"2795903600380200032","20240613",2772.53979492188,4714.38882127573,7746.75911354362,"oligodendrocyte_2",NA,NA,NA,"male","M5",4,"0613_M5_T"
"2796212800452100117","20240613",2453.56323242188,3772.11660716822,3984.17250750633,"astrocyte_2",NA,NA,NA,"female","F3",3,"0613_F3_S"
"2787445900360100160","20240503",3376.10302734375,7734.42457933933,2622.94158033966,"MV_ex_Syt2",4,"excitatory",14,"female","F4",1,"0503_F4_C"
"2946331700000003422","20240415",2662.94555664062,9070.90275888098,1067.75345096673,"oligodendrocyte_progenitor_2",NA,NA,NA,"female","F2",1,"0415_F2_C"
"2656143800418100283","20240328",2267.40771484375,6229.87892335001,7088.52912373858,"DM_ex_Zfhx3",2,"excitatory",11,"male","M3",2,"0328_M3_L"
"2787445900398100118","20240503",4425.60888671875,8002.77687236178,2944.0917504039,"pericyte",NA,NA,NA,"female","F4",1,"0503_F4_C"
"2656143800190100065","20240328",2124.87744140625,5397.74563836714,4374.07593623898,"alpha_motoneuron",NA,NA,22,"male","M3",4,"0328_M3_T"
"2787445900096100030","20240503",2866.96826171875,6182.77343458158,502.010378891748,"astrocyte_2",NA,NA,NA,"female","F5",1,"0503_F5_C"
"2946331700000010493","20240415",3305.296875,9595.06806051853,2072.66581769584,"oligodendrocyte_progenitor_1",NA,NA,NA,"female","F2",4,"0415_F2_T"
"2945606900000016911","20240328",3128.6064453125,2962.54762541322,7335.379150755,"MV_in_Sema5b",4,"inhibitory",15,"female","F1",4,"0328_F1_T"
"2787445900252100151","20240503",1311.06323242188,8452.43623351422,1722.01633109682,"DH_ex_Reln/Nmur2",1,"excitatory",3,"female","F4",1,"0503_F4_C"
"2946331700000003596","20240415",3417.8759765625,9473.10386505414,817.813883401279,"microglia",NA,NA,NA,"female","F2",1,"0415_F2_C"
"2946331700000003340","20240415",1991.56372070312,8922.99562976026,892.405498551263,"oligodendrocyte_2",NA,NA,NA,"female","F2",1,"0415_F2_C"
"2796212800406100093","20240613",1942.00073242188,8975.70546576753,3443.65763840184,"endothelial",NA,NA,NA,"female","F5",4,"0613_F5_T"
"2656144900535100149","20240328",1753.54040527344,10093.548740517,5692.40513383663,"astrocyte_2",NA,NA,NA,"male","M1",2,"0328_M1_L"
"2796212800920100156","20240613",2307.98657226562,9558.48179000989,7921.22276347826,"oligodendrocyte_1",NA,NA,NA,"female","F4",1,"0613_F4_C"
"2656143800129100146","20240328",1968.86206054688,2137.53316638331,3878.32739610039,"astrocyte_1",NA,NA,NA,"male","M3",1,"0328_M3_C"
"2796212800305100059","20240613",3125.61743164062,7345.1505353041,2482.34510414151,"astrocyte_1",NA,NA,NA,"female","F5",2,"0613_F5_L"
"2795103300345100017","20240610",2090.25415039062,8582.74700653006,2423.70918468386,"oligodendrocyte_progenitor_2",NA,NA,NA,"male","M5",3,"0610_M5_S"
"2795584800448100083","20240610",1645.55932617188,4537.95006395763,7200.45788473352,"endothelial",NA,NA,NA,"female","F4",4,"0610_F4_T"
"2787445900836100086","20240503",2958.26782226562,6179.21808011702,6237.69564363271,"astrocyte_2",NA,NA,NA,"female","F3",4,"0503_F3_T"
"2787445900167100052","20240503",3738.3017578125,5313.58594112482,1123.61169834959,"microglia",NA,NA,NA,"female","F5",1,"0503_F5_C"
"2787445900127100019","20240503",2857.826171875,4535.09723953583,749.019787695608,"DH_in_Cdh3",1,"inhibitory",10,"female","F5",4,"0503_F5_T"
"2787445900127100075","20240503",1902.02941894531,4480.82574499561,810.592475161597,"oligodendrocyte_progenitor_2",NA,NA,NA,"female","F5",4,"0503_F5_T"
"2795103300178100211","20240610",2412.01123046875,1117.90415805538,1538.38498896325,"DH_ex_Sox5",1,"excitatory",5,"male","M4",1,"0610_M4_C"
"2795903600481100179","20240613",3733.59741210938,3793.99890946475,9001.76375998624,"DH_in_Pdyn/Gal",1,"inhibitory",5,"male","M4",4,"0613_M4_T"
"2787889600023100227","20240503",3136.17529296875,8888.31852972647,5893.67607184025,"DH_in_Cdh3",1,"inhibitory",10,"male","M5",1,"0503_M5_C"
"2787889600379100067","20240503",1575.69946289062,7647.82426954107,8700.94407636148,"DH_ex_Reln/Npff",1,"excitatory",1,"male","M4",4,"0503_M4_T"
"2656143800443100175","20240328",2281.18505859375,6054.22029838234,7287.55641124411,"oligodendrocyte_progenitor_2",NA,NA,NA,"male","M3",2,"0328_M3_L"
"2656144900167100041","20240328",2518.12060546875,8970.10770936123,1640.24937456188,"astrocyte_1",NA,NA,NA,"male","M1",1,"0328_M1_C"
"2787889600445100169","20240503",1984.75244140625,5857.98449244513,9285.43648443207,"VH_in_Chat",5,"inhibitory",17,"male","M4",2,"0503_M4_L"
"2656144900541100087","20240328",1623.78198242188,11873.3876638702,5580.5106792477,"MV_ex_Syt2",4,"excitatory",14,"male","M1",3,"0328_M1_S"
"2787889600276100039","20240503",2121.92993164062,9172.1572413675,7911.77477412942,"DH_in_Pdyn/Gal",1,"inhibitory",5,"male","M4",1,"0503_M4_C"
"2787445900623100172","20240503",4780.021484375,8785.16544189351,4558.78379085135,"MV_ex_Shox2",4,"excitatory",18,"female","F3",1,"0503_F3_C"
"2656143800130100179","20240328",1841.71447753906,2527.9833888006,3974.48999907548,"M_ex_Vsx2/Shox2",3,"excitatory",20,"male","M3",1,"0328_M3_C"
"2796212801012100140","20240613",3553.34350585938,8413.46836890839,8707.20210072893,"DH_in_Rorb",1,"inhibitory",7,"female","F3",1,"0613_F3_C"
"2656144900563200175","20240328",1586.462890625,10821.3248958024,6061.54832825031,"DM_ex_Zfhx3",2,"excitatory",11,"male","M1",2,"0328_M1_L"
"2656143800052100248","20240328",2988.07666015625,1779.61502109597,3091.90994489373,"DH_ex_Maf/Cck",1,"excitatory",10,"male","M3",1,"0328_M3_C"
"2795584800434100172","20240610",1057.54602050781,792.58385587707,7309.42086800544,"DH_ex_Grpr",1,"excitatory",2,"female","F4",1,"0610_F4_C"
"2795584800225100168","20240610",1592.109375,2557.99297564934,5553.06241992509,"DH_ex_Nmu/Tac2",1,"excitatory",8,"female","F3",1,"0610_F3_C"
"2656143800215100118","20240328",2406.55590820312,5319.30344330188,4694.29346775188,"oligodendrocyte_progenitor_2",NA,NA,NA,"male","M3",4,"0328_M3_T"
"2795103300405100111","20240610",3292.84814453125,6026.48351180443,3227.48568900905,"oligodendrocyte_progenitor_2",NA,NA,NA,"male","M5",2,"0610_M5_L"
"2707604700132100199","20240415",993.343322753906,5352.4278712871,6695.90793815104,"astrocyte_1",NA,NA,NA,"male","M2",2,"0415_M2_L"
"2795584800709100282","20240610",3263.17651367188,7102.73588322126,9322.10899715862,"MV_in_Sema5b",4,"inhibitory",15,"female","F5",2,"0610_F5_L"
"2946331700000019907","20240415",2038.08447265625,10509.1693378962,3636.52159272172,"DH_ex_Reln",1,"excitatory",6,"female","F2",2,"0415_F2_L"
"2795903600516100151","20240613",3038.4111328125,6241.784293648,9209.39303937822,"endothelial",NA,NA,NA,"male","M5",1,"0613_M5_C"
"2946331700000011126","20240415",2584.42919921875,10287.0810478734,2070.780047482,"astrocyte_1",NA,NA,NA,"female","F2",4,"0415_F2_T"
"2795584800434200032","20240610",1448.64611816406,782.466243546238,7153.13115138259,"DH_ex_Grpr",1,"excitatory",2,"female","F4",1,"0610_F4_C"
"2656144900297200042","20240328",2459.55078125,9071.85866742894,3130.39440857247,"meninges_1",NA,NA,NA,"male","M1",4,"0328_M1_T"
"2707737900101100147","20240415",775.138488769531,11275.5531126215,9876.78675536555,"DH_ex_Nmu/Tac2",1,"excitatory",8,"female","F1",2,"0415_F1_L"
"2796212800920100186","20240613",2602.48217773438,9557.0263588503,7966.74520894827,"oligodendrocyte_progenitor_2",NA,NA,NA,"female","F4",1,"0613_F4_C"
"2796212801076100088","20240613",1717.13342285156,8278.68417430483,9325.80738721183,"meninges_2",NA,NA,NA,"female","F3",1,"0613_F3_C"
"2787889600361100176","20240503",1726.70971679688,2638.24475263162,8703.01238442335,"astrocyte_1",NA,NA,NA,"male","M5",3,"0503_M5_S"
"2656144900423100118","20240328",4161.99951171875,7907.48812466573,4566.27982773297,"astrocyte_1",NA,NA,NA,"male","M2",4,"0328_M2_T"
"2656144900479100069","20240328",1833.28527832031,8984.39913988896,5075.71169774119,"oligodendrocyte_2",NA,NA,NA,"male","M2",2,"0328_M2_L"
"2656144900588100091","20240328",4015.67919921875,10363.3388002991,6169.69618919529,"oligodendrocyte_2",NA,NA,NA,"male","M1",2,"0328_M1_L"
"2707737900049100026","20240415",1851.14196777344,11248.0270189155,8625.37315830635,"oligodendrocyte_1",NA,NA,NA,"female","F1",2,"0415_F1_L"
"2796212800355100039","20240613",1481.8974609375,3559.78724769317,3056.1031801491,"oligodendrocyte_1",NA,NA,NA,"female","F3",3,"0613_F3_S"
"2656144900584100215","20240328",2979.38671875,9316.28530077924,6295.31356906052,"oligodendrocyte_1",NA,NA,NA,"male","M2",2,"0328_M2_L"
"2726562700233100049","20240422",2525.97729492188,9327.36400400483,10979.0193836503,"DM_ex_Zfhx3",2,"excitatory",11,"female","F2",2,"0422_F2_L"
"2707604700342100017","20240415",4059.888671875,3617.23326458731,9076.63739788008,"MV_in_Gm26673",4,"inhibitory",19,"male","M2",1,"0415_M2_C"
"2787445900231100134","20240503",1531.16943359375,2508.75886082224,1713.80032438639,"astrocyte_1",NA,NA,NA,"female","F5",2,"0503_F5_L"
"2787445900050100097","20240503",3054.1162109375,3862.54504703963,246.744849932933,"DH_ex_Maf/Cck",1,"excitatory",10,"female","F5",4,"0503_F5_T"
"2707604800058100104","20240415",595.688903808594,4664.59825399262,3749.95122003136,"alpha_motoneuron",NA,NA,22,"male","M1",2,"0415_M1_L"
"2795584800400100402","20240610",3835.85205078125,1141.57435918021,7110.52404389641,"oligodendrocyte_progenitor_2",NA,NA,NA,"female","F4",1,"0610_F4_C"
"2795903600006100074","20240613",3020.47192382812,1706.67522972143,3971.9958913782,"MV_in_Sema5b",4,"inhibitory",15,"male","M5",3,"0613_M5_S"
"2707604800280100016","20240415",972.878295898438,2214.43850717176,6591.22038751305,"Schwann_cell",NA,NA,NA,"male","M1",4,"0415_M1_T"
"2707604700250100162","20240415",1561.03186035156,4877.98501920013,8109.05824429018,"DH_in_Npy2r",1,"inhibitory",9,"male","M2",4,"0415_M2_T"
"2707604000054100060","20240415",4510.8681640625,7069.97462414685,8262.95181904206,"astrocyte_1",NA,NA,NA,"male","M3",2,"0415_M3_L"
"2946331700000001665","20240415",1863.61853027344,8371.2267966698,712.057402415259,"M_in_Tfap2b",3,"inhibitory",12,"female","F2",1,"0415_F2_C"
"2787445900097100032","20240503",2276.05541992188,6489.49326080235,513.65197710591,"DH_in_Pdyn/Gal",1,"inhibitory",5,"female","F5",1,"0503_F5_C"
"2795903600354100114","20240613",2163.22436523438,4703.58480771506,7490.20464114484,"oligodendrocyte_progenitor_2",NA,NA,NA,"male","M5",4,"0613_M5_T"
"2795903600641100239","20240613",3097.24755859375,4800.18752644199,10691.3845794696,"oligodendrocyte_progenitor_1",NA,NA,NA,"male","M4",1,"0613_M4_C"
"2946331700000005130","20240415",1558.38696289062,9272.5107662598,1092.41939781222,"MV_in_Gabra1",4,"inhibitory",16,"female","F2",1,"0415_F2_C"
"2787889600059100183","20240503",3565.46801757812,8767.77201725915,6262.85742892162,"MV_ex_Syt2",4,"excitatory",14,"male","M5",1,"0503_M5_C"
"2795903600616100042","20240613",4708.634765625,5021.19562320272,10247.5305088427,"M_in_Tfap2b",3,"inhibitory",12,"male","M4",1,"0613_M4_C"
"2795103300345100187","20240610",3732.26489257812,8810.11753617553,2587.11974618415,"MV_in_Gabra1",4,"inhibitory",16,"male","M5",3,"0610_M5_S"
"2707737900021200024","20240415",5571.90478515625,10515.038837252,8075.59883735399,"ependymal",NA,NA,NA,"female","F1",3,"0415_F1_S"
"2707737900021100149","20240415",1972.81140136719,10460.8343491813,8158.03035440785,"oligodendrocyte_1",NA,NA,NA,"female","F1",3,"0415_F1_S"
"2707737900087100192","20240415",1702.5986328125,10936.629893411,9642.42020452919,"MV_ex_Shox2",4,"excitatory",18,"female","F1",2,"0415_F1_L"
"2795903600517100085","20240613",2030.77563476562,6678.01142478455,9130.00494283867,"endothelial",NA,NA,NA,"male","M5",1,"0613_M5_C"
"2946331700000012532","20240415",2390.5927734375,10236.1699400324,2394.69783415541,"DH_in_Cdh3",1,"inhibitory",10,"female","F2",4,"0415_F2_T"
"2787445900752100165","20240503",2357.81665039062,3551.93458916241,5748.58335273828,"endothelial",NA,NA,NA,"female","F3",2,"0503_F3_L"
"2656144900166100113","20240328",4380.44091796875,8847.09122296391,1708.38836929528,"astrocyte_1",NA,NA,NA,"male","M1",1,"0328_M1_C"
"2795903600059100029","20240613",2363.23681640625,2182.68947708448,4326.21189892557,"DH_ex_Reln/Nmur2",1,"excitatory",3,"male","M5",3,"0613_M5_S"
"2787445900580100145","20240503",5069.3720703125,7194.42017608357,4374.7087518021,"oligodendrocyte_progenitor_2",NA,NA,NA,"female","F3",1,"0503_F3_C"
"2945606900000001552","20240328",2395.46142578125,709.594317830008,5163.12200520496,"DH_ex_Prkcg/Nts",1,"excitatory",8,"female","F1",1,"0328_F1_C"
"2656144900190100266","20240328",1658.31848144531,8183.20056685717,2084.45365552072,"oligodendrocyte_progenitor_2",NA,NA,NA,"male","M1",1,"0328_M1_C"
"2795903600033100179","20240613",1570.49108886719,2039.68103485591,4284.11166172536,"MV_in_Gabra1",4,"inhibitory",16,"male","M5",3,"0613_M5_S"
"2787889600480100065","20240503",678.54345703125,5812.96851919417,9435.21561174808,"MV_in_Gm26673",4,"inhibitory",19,"male","M4",2,"0503_M4_L"
"2787889600362100215","20240503",2571.84790039062,2769.16745417292,8776.24811950412,"oligodendrocyte_1",NA,NA,NA,"male","M5",3,"0503_M5_S"
"2787445900225100171","20240503",3414.625,839.351146576621,1756.00256779627,"DH_ex_Sox5/Tac1",1,"excitatory",5,"female","F5",3,"0503_F5_S"
"2796212800563100112","20240613",4558.67138671875,7959.66142500564,4893.83591705665,"astrocyte_2",NA,NA,NA,"female","F4",4,"0613_F4_T"
"2787445900861100089","20240503",2350.40844726562,2758.02775488974,6524.96638508474,"astrocyte_1",NA,NA,NA,"female","F3",3,"0503_F3_S"
"2795903600462100093","20240613",2637.12353515625,5810.27370840966,8609.30694018916,"endothelial",NA,NA,NA,"male","M5",1,"0613_M5_C"
"2707604700131100047","20240415",601.935607910156,5043.43318837689,6609.71732029412,"DM_ex_Zfhx3",2,"excitatory",11,"male","M2",2,"0415_M2_L"
"2707604700271100260","20240415",1035.53137207031,3923.35638121703,8450.96914850973,"DH_ex_Reln/Nmur2",1,"excitatory",3,"male","M2",4,"0415_M2_T"
"2795903600694200027","20240613",3861.83471679688,5062.70445075518,11088.6284825572,"oligodendrocyte_1",NA,NA,NA,"male","M4",1,"0613_M4_C"
"2787445900265100216","20240503",1439.13830566406,1727.28930177516,2028.39557097925,"DH_ex_Tac2",1,"excitatory",8,"female","F5",2,"0503_F5_L"
"2787445900859100117","20240503",2496.00634765625,2302.93314713897,6457.12186390799,"MV_in_Gabra1",4,"inhibitory",16,"female","F3",3,"0503_F3_S"
"2795103300160100095","20240610",629.84765625,5895.94559982431,1070.36433742463,"oligodendrocyte_1",NA,NA,NA,"male","M4",2,"0610_M4_L"
"2787445900193100122","20240503",3415.77319335938,2319.61187896147,1469.12232831024,"DH_ex_Reln/Nmur2",1,"excitatory",3,"female","F5",2,"0503_F5_L"
"2787445900252100013","20240503",2794.21801757812,8434.66931323009,1582.55590001598,"astrocyte_2",NA,NA,NA,"female","F4",1,"0503_F4_C"
"2787889600583100038","20240503",3297.8935546875,4297.384409644,10261.1818955447,"oligodendrocyte_progenitor_2",NA,NA,NA,"male","M4",3,"0503_M4_S"
"2796212800142100152","20240613",1995.59301757812,6606.73317763675,1134.00763389142,"endothelial",NA,NA,NA,"female","F5",3,"0613_F5_S"
"2707604700200100133","20240415",2218.48754882812,4177.70067396849,7625.29057872901,"astrocyte_1",NA,NA,NA,"male","M2",4,"0415_M2_T"
"2787445900087100060","20240503",4456.330078125,3735.80872912525,564.926141807635,"astrocyte_2",NA,NA,NA,"female","F5",4,"0503_F5_T"
"2707604800059100087","20240415",2874.3154296875,4772.63141810696,3635.46574895876,"alpha_motoneuron",NA,NA,22,"male","M1",2,"0415_M1_L"
"2787445900752100043","20240503",3260.09204101562,3397.25696587638,5556.66806846198,"astrocyte_1",NA,NA,NA,"female","F3",2,"0503_F3_L"
"2707604000086100185","20240415",667.6845703125,7729.98217632505,8940.36883469361,"DH_in_Npy",1,"inhibitory",4,"male","M3",2,"0415_M3_L"
"2795103300063100206","20240610",2834.61474609375,8094.30181165971,448.405284534558,"DH_ex_Gpr83",1,"excitatory",2,"male","M4",3,"0610_M4_S"
"2796212800396100144","20240613",2823.99731445312,6045.36625638325,3384.77087290306,"MV_ex_Syt2",4,"excitatory",14,"female","F4",2,"0613_F4_L"
"2656144300162100014","20240328",2072.65405273438,8351.26190742433,12163.3609048053,"oligodendrocyte_progenitor_2",NA,NA,NA,"female","F2",2,"0328_F2_L"
"2707604000086100021","20240415",2946.03735351562,7692.14523128935,8783.74764783654,"astrocyte_1",NA,NA,NA,"male","M3",2,"0415_M3_L"
"2707604000155100092","20240415",853.179016113281,5882.52036254984,10260.0743557937,"DH_ex_Prkcg/Cck",1,"excitatory",8,"male","M3",4,"0415_M3_T"
"2787889600057100125","20240503",1045.07348632812,8131.12669876288,6181.23559522201,"DH_ex_Maf/Slc17a8",1,"excitatory",10,"male","M5",1,"0503_M5_C"
"2707737900144100205","20240415",2015.25537109375,8751.51641057922,10971.7807967302,"MV_in_Esrrb",4,"inhibitory",14,"female","F1",4,"0415_F1_T"
"2796212800418100152","20240613",2106.025390625,3378.08546485705,3739.25152118516,"gamma_motoneuron",NA,NA,22,"female","F3",3,"0613_F3_S"
"2787889600518100079","20240503",2614.61499023438,6337.28917252447,9748.91106095689,"oligodendrocyte_2",NA,NA,NA,"male","M4",2,"0503_M4_L"
"2787445900360100208","20240503",2518.1279296875,7709.13562751049,2700.28175127198,"astrocyte_1",NA,NA,NA,"female","F4",1,"0503_F4_C"
"2707604800445100185","20240415",2424.7158203125,1299.54988077068,8942.31112489139,"DH_in_Pdyn",1,"inhibitory",2,"male","M1",1,"0415_M1_C"
"2707604700106100156","20240415",2882.09838867188,4653.09037972103,6523.2585350984,"oligodendrocyte_2",NA,NA,NA,"male","M2",2,"0415_M2_L"
"2707737900110100007","20240415",2757.16577148438,10118.959690224,10027.3793120187,"astrocyte_2",NA,NA,NA,"female","F1",2,"0415_F1_L"
"2795903600348100132","20240613",2659.25366210938,2876.34125736315,7497.91067207803,"oligodendrocyte_2",NA,NA,NA,"male","M4",2,"0613_M4_L"
"2795584800419100108","20240610",2090.52563476562,6495.91280821443,6909.7921015554,"oligodendrocyte_2",NA,NA,NA,"female","F4",2,"0610_F4_L"
"2656143800393200013","20240328",4209.7001953125,6105.55329465593,6563.279315555,"astrocyte_1",NA,NA,NA,"male","M3",2,"0328_M3_L"
"2656144300102100179","20240328",2001.28283691406,10659.4212828015,11545.6214825059,"DH_ex_Reln",1,"excitatory",6,"female","F2",4,"0328_F2_T"
"2945606900000028496","20240328",1664.09228515625,5252.81189057691,9749.62574025335,"endothelial",NA,NA,NA,"female","F1",3,"0328_F1_S"
"2795103300410100288","20240610",3037.57592773438,7447.90650226508,3229.08984731368,"oligodendrocyte_1",NA,NA,NA,"male","M5",2,"0610_M5_L"
"2796212800536100091","20240613",1644.42810058594,9489.94257055968,4466.73668601294,"Schwann_cell",NA,NA,NA,"female","F5",1,"0613_F5_C"
"2787445900698100134","20240503",3972.78735351562,8944.18966150191,5167.01476762425,"oligodendrocyte_2",NA,NA,NA,"female","F3",1,"0503_F3_C"
"2787445900660100194","20240503",2057.74536132812,8691.84446835145,4883.73966355331,"endothelial",NA,NA,NA,"female","F3",1,"0503_F3_C"
"2787445900095100103","20240503",2978.771484375,5945.03943057032,637.882831512688,"oligodendrocyte_progenitor_2",NA,NA,NA,"female","F5",1,"0503_F5_C"
"2787445900432100051","20240503",4665.87939453125,7017.57361847337,3038.48545149999,"oligodendrocyte_progenitor_2",NA,NA,NA,"female","F4",1,"0503_F4_C"
"2787889600094100239","20240503",2917.53369140625,8485.85283983569,6497.39265817334,"endothelial",NA,NA,NA,"male","M5",1,"0503_M5_C"
"2656144900609100174","20240328",2530.15112304688,8972.55764397433,6575.97336628287,"DH_ex_Prkcg/Nts",1,"excitatory",8,"male","M2",2,"0328_M2_L"
"2787889600518100141","20240503",4157.576171875,6259.2159005584,9936.82302785631,"oligodendrocyte_progenitor_2",NA,NA,NA,"male","M4",2,"0503_M4_L"
"2707604000057100275","20240415",4089.70629882812,7922.02612988043,8423.92693809334,"oligodendrocyte_2",NA,NA,NA,"male","M3",2,"0415_M3_L"
"2656144900110100072","20240328",2324.05786132812,7657.44464247019,1090.31504695863,"astrocyte_1",NA,NA,NA,"male","M1",1,"0328_M1_C"
"2787889600193100194","20240503",3050.25537109375,5888.31673811923,7400.13860841261,"DH_ex_Prkcg/Rxfp1",1,"excitatory",6,"male","M5",4,"0503_M5_T"
"2787445900685100065","20240503",1582.34619140625,5431.460658108,5166.74388105006,"astrocyte_2",NA,NA,NA,"female","F3",4,"0503_F3_T"
"2795584800388100087","20240610",995.449096679688,8119.89552793786,6720.24811086577,"oligodendrocyte_progenitor_2",NA,NA,NA,"female","F4",3,"0610_F4_S"
"2787889600478100046","20240503",3795.73120117188,4992.38566636737,9415.39147874812,"astrocyte_1",NA,NA,NA,"male","M4",2,"0503_M4_L"
"2796212800456100298","20240613",2893.53173828125,5040.47981242184,4040.25732226286,"DH_in_Npy2r",1,"inhibitory",9,"female","F3",2,"0613_F3_L"
"2795103300181100070","20240610",3907.72192382812,1989.18458215722,1369.04442803864,"oligodendrocyte_1",NA,NA,NA,"male","M4",1,"0610_M4_C"
"2787889600379100095","20240503",2060.29516601562,7646.94960493455,8721.68604378257,"DH_ex_Sox5",1,"excitatory",5,"male","M4",4,"0503_M4_T"
"2707737900120100153","20240415",5238.33935546875,9148.58714194686,10538.6191352383,"oligodendrocyte_1",NA,NA,NA,"female","F1",4,"0415_F1_T"
"2707604700363100162","20240415",1515.90222167969,2677.66534381445,9543.33286023492,"oligodendrocyte_progenitor_2",NA,NA,NA,"male","M2",1,"0415_M2_C"
"2787445900126100072","20240503",1407.45153808594,4179.82164059981,900.376513198629,"endothelial",NA,NA,NA,"female","F5",4,"0503_F5_T"
"2795584800202100191","20240610",2405.46752929688,6428.83743060631,5345.24163444145,"M_in_Tfap2b",3,"inhibitory",12,"female","F3",2,"0610_F3_L"
"2656144900351100151","20240328",1380.70178222656,9593.71195624827,3643.15039657164,"endothelial",NA,NA,NA,"male","M1",4,"0328_M1_T"
"2795903600300100043","20240613",2271.7373046875,4138.95366782526,6865.98088339527,"DH_ex_Sox5",1,"excitatory",5,"male","M5",4,"0613_M5_T"
"2656144900537100149","20240328",1951.36169433594,10630.3254479781,5692.91981886895,"oligodendrocyte_1",NA,NA,NA,"male","M1",2,"0328_M1_L"
"2787445900327100116","20240503",3349.396484375,8822.87596726127,2328.99654167169,"endothelial",NA,NA,NA,"female","F4",1,"0503_F4_C"
"2795903600669100305","20240613",2110.943359375,5498.1635694766,11050.6849101235,"MV_ex_Shox2",4,"excitatory",18,"male","M4",1,"0613_M4_C"
"2795584800449100206","20240610",4799.2724609375,5027.69499244628,7318.47818469386,"oligodendrocyte_progenitor_2",NA,NA,NA,"female","F4",4,"0610_F4_T"
"2795584800103100060","20240610",651.439270019531,8825.47109419969,4377.23625355645,"beta_motoneuron",NA,NA,22,"female","F3",3,"0610_F3_S"
"2787889600230100269","20240503",3683.62768554688,6359.97519476665,7653.42673975774,"oligodendrocyte_1",NA,NA,NA,"male","M5",4,"0503_M5_T"
"2787445900324100101","20240503",1904.57678222656,7901.27070192026,2228.3248448598,"endothelial",NA,NA,NA,"female","F4",1,"0503_F4_C"
"2946331700000003291","20240415",1328.35400390625,8726.99918086262,916.393147706578,"astrocyte_1",NA,NA,NA,"female","F2",1,"0415_F2_C"
"2795903600463100037","20240613",2507.28344726562,5867.6685874325,8555.29376151363,"oligodendrocyte_2",NA,NA,NA,"male","M5",1,"0613_M5_C"
"2656143800029200138","20240328",3140.33618164062,2331.7319857968,2880.85487672436,"endothelial",NA,NA,NA,"male","M3",1,"0328_M3_C"
"2795103300346100275","20240610",4058.95629882812,8886.72906297568,2666.31546312378,"MV_in_Gabra1",4,"inhibitory",16,"male","M5",3,"0610_M5_S"
"2796212800207200125","20240613",3205.49438476562,7025.1885066554,1793.26849786507,"astrocyte_1",NA,NA,NA,"female","F5",2,"0613_F5_L"
"2787445900127100018","20240503",757.184631347656,4547.29960521375,743.399072516651,"DH_ex_Prkcg/Nts",1,"excitatory",8,"female","F5",4,"0503_F5_T"
"2795903600193100019","20240613",5217.97607421875,3210.36610562983,5730.73629913985,"oligodendrocyte_progenitor_2",NA,NA,NA,"male","M5",2,"0613_M5_L"
"2796212800429100202","20240613",1613.08459472656,6353.83500350639,3692.0995713342,"MV_in_Gabra1",4,"inhibitory",16,"female","F4",2,"0613_F4_L"
"2787445900537100049","20240503",2947.15307617188,5380.29532664304,3874.7676432397,"oligodendrocyte_2",NA,NA,NA,"female","F4",4,"0503_F4_T"
"2946331700000018420","20240415",2979.16381835938,10411.2603901664,3562.0765345493,"endothelial",NA,NA,NA,"female","F2",2,"0415_F2_L"
"2707604800424100118","20240415",3448.41259765625,1159.49692433525,8654.1196238884,"MV_in_Chrna2",4,"inhibitory",19,"male","M1",1,"0415_M1_C"
"2656144900565100164","20240328",2365.71997070312,11207.0934915877,6077.82575467182,"endothelial",NA,NA,NA,"male","M1",2,"0328_M1_L"
"2946331700000014941","20240415",1478.72302246094,12314.3008910987,2589.56412711387,"oligodendrocyte_progenitor_2",NA,NA,NA,"female","F2",3,"0415_F2_S"
"2795584800222100094","20240610",3577.49584960938,1723.38647701102,5554.1577296436,"meninges_3",NA,NA,NA,"female","F3",1,"0610_F3_C"
"2707604700363200032","20240415",3809.26977539062,2708.5879468172,9410.52609251111,"oligodendrocyte_progenitor_1",NA,NA,NA,"male","M2",1,"0415_M2_C"
"2787445900790100045","20240503",3403.14819335938,3817.55017056072,5838.90553921484,"astrocyte_2",NA,NA,NA,"female","F3",2,"0503_F3_L"
"2787445900249100097","20240503",660.001770019531,7521.20983663376,1750.81778426748,"DH_ex_Sox5/Tac1",1,"excitatory",5,"female","F4",1,"0503_F4_C"
"2795584800494100150","20240610",1571.92211914062,7337.52653861878,7484.77259991047,"DH_ex_Reln/Nmur2",1,"excitatory",3,"female","F4",2,"0610_F4_L"
"2787889600549100068","20240503",3755.28393554688,4764.44304649497,10044.494638172,"astrocyte_2",NA,NA,NA,"male","M4",2,"0503_M4_L"
"2795103300382100017","20240610",2584.03857421875,9390.12657900382,2709.18176747442,"astrocyte_2",NA,NA,NA,"male","M5",3,"0610_M5_S"
"2787889600230100144","20240503",1792.328125,6320.60553614458,7530.44928628553,"endothelial",NA,NA,NA,"male","M5",4,"0503_M5_T"
"2796212800296100102","20240613",2048.94384765625,4854.91260535829,2475.90300153929,"M_in_Tfap2b",3,"inhibitory",12,"female","F4",3,"0613_F4_S"
"2946331700000015824","20240415",2505.95288085938,10892.0353428693,2831.71051607747,"oligodendrocyte_progenitor_2",NA,NA,NA,"female","F2",2,"0415_F2_L"
"2656144900111100164","20240328",1630.54907226562,7806.92094571369,1149.11401504459,"DH_ex_Prkcg/Nts",1,"excitatory",8,"male","M1",1,"0328_M1_C"
"2787445900546100123","20240503",1940.21423339844,7886.78820503654,4005.81633333259,"DH_in_Pdyn/Gal",1,"inhibitory",5,"female","F3",1,"0503_F3_C"
"2656144900590100237","20240328",2442.40454101562,11082.3133224983,6348.16991385291,"astrocyte_1",NA,NA,NA,"male","M1",2,"0328_M1_L"
"2707604800425200049","20240415",1928.59338378906,1508.13331231155,8610.79897941451,"astrocyte_1",NA,NA,NA,"male","M1",1,"0415_M1_C"
"2796212800421100026","20240613",1215.80493164062,3982.55890286807,3583.18361771666,"DH_ex_Reln/Nmur2",1,"excitatory",3,"female","F3",3,"0613_F3_S"
"2796212800886100219","20240613",4123.11669921875,8864.82000363432,7711.49100974645,"endothelial",NA,NA,NA,"female","F4",1,"0613_F4_C"
"2707737900021200044","20240415",2147.47729492188,10578.8833121132,8106.84515777254,"oligodendrocyte_progenitor_2",NA,NA,NA,"female","F1",3,"0415_F1_S"
"2787889600410100233","20240503",2440.7919921875,6289.15395616996,9006.45625927106,"MV_in_Gabra1",4,"inhibitory",16,"male","M4",2,"0503_M4_L"
"2707604800102100026","20240415",831.289428710938,5046.64924874704,4059.84983071079,"M_ex_Vsx2/Shox2",3,"excitatory",20,"male","M1",2,"0415_M1_L"
"2795103300452100022","20240610",3623.34790039062,9347.51930024277,3271.39912262536,"Schwann_cell",NA,NA,NA,"male","M5",3,"0610_M5_S"
"2795584800122100117","20240610",2355.97265625,4113.50134373622,4665.25966981772,"DH_in_Cdh3",1,"inhibitory",10,"female","F3",4,"0610_F3_T"
"2787445900726100268","20240503",1729.07397460938,6549.98354689346,5485.39179377646,"DH_in_Cdh3",1,"inhibitory",10,"female","F3",4,"0503_F3_T"
"2656143800152100075","20240328",1017.34155273438,1706.13898626787,4138.56317281188,"DH_ex_Reln/Npff",1,"excitatory",1,"male","M3",1,"0328_M3_C"
"2787445900286100145","20240503",1675.396484375,7661.45237597229,1977.25576215197,"DH_ex_Reln",1,"excitatory",6,"female","F4",1,"0503_F4_C"
"2726544600053100083","20240422",4616.45556640625,338.221493187202,7007.1538050822,"DH_ex_Reln",1,"excitatory",6,"female","F1",1,"0422_F1_C"
"2787445900292100174","20240503",1262.57971191406,9333.99727182125,2093.43879633863,"Schwann_cell",NA,NA,NA,"female","F4",1,"0503_F4_C"
"2707737900126100032","20240415",3279.43212890625,10806.6213244345,10309.7910801318,"oligodendrocyte_2",NA,NA,NA,"female","F1",2,"0415_F1_L"
"2707604700295100085","20240415",3483.78051757812,3959.95533616959,8718.96871920599,"oligodendrocyte_progenitor_2",NA,NA,NA,"male","M2",1,"0415_M2_C"
"2656143800031100019","20240328",1339.12561035156,2659.69805106259,2635.07170309126,"Schwann_cell",NA,NA,NA,"male","M3",1,"0328_M3_C"
"2787445900399200095","20240503",5916.95556640625,8250.88568887278,2912.54566769744,"endothelial",NA,NA,NA,"female","F4",1,"0503_F4_C"
"2795103300098100192","20240610",3489.03344726562,8039.34183453361,647.134793548146,"astrocyte_1",NA,NA,NA,"male","M4",3,"0610_M4_S"
"2795103300200100050","20240610",2287.11547851562,7369.9856045018,1349.4940153496,"endothelial",NA,NA,NA,"male","M4",2,"0610_M4_L"
"2796212800667100077","20240613",2613.751953125,10289.2549446858,5551.05115622171,"M_in_Tfap2b",3,"inhibitory",12,"female","F5",1,"0613_F5_C"
"2795903600320100046","20240613",1757.69360351562,2428.51247753712,7141.75259090788,"MV_in_Gabra1",4,"inhibitory",16,"male","M4",2,"0613_M4_L"
"2946331700000001675","20240415",2099.77880859375,8389.02572844163,734.85720047541,"MV_in_Chrna2",4,"inhibitory",19,"female","F2",1,"0415_F2_C"
"2656144300125200083","20240328",2596.716796875,10669.7153403039,11652.750573258,"oligodendrocyte_1",NA,NA,NA,"female","F2",4,"0328_F2_T"
"2787445900361100230","20240503",2807.96362304688,7853.80173222371,2612.39657737408,"MV_ex_Syt2",4,"excitatory",14,"female","F4",1,"0503_F4_C"
"2787445900323100099","20240503",1094.01782226562,7649.05912704463,2228.06483241214,"MV_in_Gabra1",4,"inhibitory",16,"female","F4",1,"0503_F4_C"
"2796212800387100292","20240613",434.685791015625,3416.41996942414,3470.73918873537,"MV_in_Gm26673",4,"inhibitory",19,"female","F3",3,"0613_F3_S"
"2707604700412100113","20240415",2134.76391601562,2978.42742825516,9991.63760271488,"DH_ex_Reln/Nmur2",1,"excitatory",3,"male","M2",1,"0415_M2_C"
"2787445900359100123","20240503",3792.46069335938,7373.25253524352,2583.24715215451,"MV_in_Gm26673",4,"inhibitory",19,"female","F4",1,"0503_F4_C"
"2796212800882100349","20240613",1847.80688476562,7860.87709156051,7719.26507415471,"DH_ex_Grpr",1,"excitatory",2,"female","F3",1,"0613_F3_C"
"2946331700000021284","20240415",2207.388671875,10859.6910821088,3972.39909287399,"DH_ex_Rreb1",1,"excitatory",10,"female","F2",2,"0415_F2_L"
"2656144900504100190","20240328",1596.861328125,8823.06848304161,5494.06673656384,"oligodendrocyte_1",NA,NA,NA,"male","M2",2,"0328_M2_L"
"2656143800105100194","20240328",1542.15893554688,2385.50698172484,3743.12798074377,"astrocyte_1",NA,NA,NA,"male","M3",1,"0328_M3_C"
"2796212800823100056","20240613",4037.72216796875,9166.39246290177,6936.38773980539,"MV_in_Gabra1",4,"inhibitory",16,"female","F4",1,"0613_F4_C"
"2787889600546100213","20240503",2735.6201171875,3997.10540159047,10093.3192491398,"DH_ex_Maf/Cck",1,"excitatory",10,"male","M4",3,"0503_M4_S"
"2787445900549100170","20240503",1217.53576660156,8739.69951481442,3917.81516875172,"DH_in_Cdh3",1,"inhibitory",10,"female","F3",1,"0503_F3_C"
"2795584800747100097","20240610",1637.58166503906,7565.69015756273,9252.58203537355,"endothelial",NA,NA,NA,"female","F5",2,"0610_F5_L"
"2787445900759100119","20240503",4074.201171875,5347.95785687934,5764.87061945267,"oligodendrocyte_2",NA,NA,NA,"female","F3",4,"0503_F3_T"
"2787445900859100158","20240503",1664.85913085938,2363.23008697067,6503.01212774182,"M_in_Tfap2b",3,"inhibitory",12,"female","F3",3,"0503_F3_S"
"2795903600268100244","20240613",2915.49291992188,2388.289188633,6782.87505728152,"endothelial",NA,NA,NA,"male","M4",2,"0613_M4_L"
"2795903600540100023","20240613",2362.46801757812,5695.30011528786,9372.68608732821,"oligodendrocyte_progenitor_2",NA,NA,NA,"male","M5",1,"0613_M5_C"
"2795584800714100018","20240610",1267.36706542969,8518.87447875744,9124.17441339722,"astrocyte_2",NA,NA,NA,"female","F5",3,"0610_F5_S"
"2787445900251100108","20240503",3140.95874023438,8208.3815309268,1758.47945217221,"oligodendrocyte_2",NA,NA,NA,"female","F4",1,"0503_F4_C"
"2656144900192100181","20240328",3203.19555664062,8615.89580559831,2138.97603696809,"oligodendrocyte_progenitor_2",NA,NA,NA,"male","M1",1,"0328_M1_C"
"2795903600348100238","20240613",740.280700683594,2944.38920479531,7609.0682912261,"DH_ex_Prkcg/Rxfp1",1,"excitatory",6,"male","M4",2,"0613_M4_L"
"2796212800142100062","20240613",2976.00805664062,6492.07916940935,1046.46078960691,"astrocyte_1",NA,NA,NA,"female","F5",3,"0613_F5_S"
"2787445900267100210","20240503",3460.45581054688,2223.89116430632,2086.78914714282,"MV_in_Sema5b",4,"inhibitory",15,"female","F5",2,"0503_F5_L"
"2726544600027100237","20240422",1159.36242675781,469.526104501965,6865.95751008671,"oligodendrocyte_progenitor_2",NA,NA,NA,"female","F1",1,"0422_F1_C"
"2787445900324100241","20240503",2715.447265625,7941.11357791338,2356.67046874497,"DH_in_Npy",1,"inhibitory",4,"female","F4",1,"0503_F4_C"
"2796212800779100104","20240613",2294.47143554688,5719.2922673719,6699.42464493401,"M_in_Tfap2b",3,"inhibitory",12,"female","F3",4,"0613_F3_T"
"2795903600241100054","20240613",3656.31567382812,1910.67542363795,6353.14937768667,"oligodendrocyte_2",NA,NA,NA,"male","M4",2,"0613_M4_L"
"2946331700000003802","20240415",3710.05908203125,9707.36766997987,1058.2895831943,"oligodendrocyte_2",NA,NA,NA,"female","F2",1,"0415_F2_C"
"2795584800130100185","20240610",2849.97534179688,6160.81873000972,4826.81514213557,"gamma_motoneuron",NA,NA,22,"female","F3",2,"0610_F3_L"
"2787445900264100033","20240503",1807.2666015625,1419.10537024125,1913.63922219313,"astrocyte_2",NA,NA,NA,"female","F5",3,"0503_F5_S"
"2787445900303100132","20240503",2711.330078125,2107.64680578929,2293.1621867569,"MV_in_Sema5b",4,"inhibitory",15,"female","F5",2,"0503_F5_L"
"2946331700000003124","20240415",1462.52075195312,8771.96178260521,901.330229841871,"oligodendrocyte_1",NA,NA,NA,"female","F2",1,"0415_F2_C"
"2707737900135100028","20240415",3228.90209960938,9621.1384440525,10655.0979795101,"astrocyte_2",NA,NA,NA,"female","F1",4,"0415_F1_T"
"2707604700200100084","20240415",3344.85546875,4073.92658548109,7514.59339050588,"astrocyte_2",NA,NA,NA,"male","M2",4,"0415_M2_T"
"2795103300367100045","20240610",1637.4365234375,5136.16166186053,2733.21281082701,"M_ex_Neurod2",3,"excitatory",13,"male","M5",4,"0610_M5_T"
"2946331700000018817","20240415",4124.4560546875,11046.8858968193,3426.58483519527,"ependymal",NA,NA,NA,"female","F2",2,"0415_F2_L"
"2656144900529200056","20240328",2799.150390625,8389.37949747288,5562.79828202765,"DH_ex_Nmu/Tac2",1,"excitatory",8,"male","M2",2,"0328_M2_L"
"2795103300366100183","20240610",2036.82751464844,4690.58851678227,2878.26927882605,"MV_in_Gabra1",4,"inhibitory",16,"male","M5",4,"0610_M5_T"
"2787889600416100065","20240503",2771.85034179688,7811.9403082158,8945.66381444928,"oligodendrocyte_progenitor_2",NA,NA,NA,"male","M4",4,"0503_M4_T"
"2787445900225100207","20240503",2635.0126953125,816.548064230417,1796.71046457387,"endothelial",NA,NA,NA,"female","F5",3,"0503_F5_S"
"2707604800121200057","20240415",2276.39501953125,4676.7035252807,4602.65076240757,"endothelial",NA,NA,NA,"male","M1",2,"0415_M1_L"
"2795584800589100202","20240610",3288.22680664062,3749.22026535461,8508.75594950122,"pericyte",NA,NA,NA,"female","F5",1,"0610_F5_C"
"2707604700107100066","20240415",2912.24536132812,5070.41573532036,6331.44530535513,"endothelial",NA,NA,NA,"male","M2",2,"0415_M2_L"
"2946331700000015765","20240415",813.106201171875,10752.2778060159,3013.57082061531,"MV_in_Gm26673",4,"inhibitory",19,"female","F2",2,"0415_F2_L"
"2796212800553100050","20240613",3778.81811523438,5272.74573489837,4676.84973969182,"oligodendrocyte_progenitor_2",NA,NA,NA,"female","F3",2,"0613_F3_L"
"2656144900532100019","20240328",2541.09155273438,9159.41539038232,5537.80194651645,"oligodendrocyte_2",NA,NA,NA,"male","M2",2,"0328_M2_L"
"2707604000122100133","20240415",3297.65844726562,5221.52696118222,9767.0429278026,"oligodendrocyte_2",NA,NA,NA,"male","M3",4,"0415_M3_T"
"2796212800657100066","20240613",4681.40185546875,7361.00399728492,5563.42340625246,"oligodendrocyte_progenitor_2",NA,NA,NA,"female","F4",4,"0613_F4_T"
"2787889600353100120","20240503",1301.64611816406,10499.7332279766,8441.9933610115,"astrocyte_1",NA,NA,NA,"male","M4",1,"0503_M4_C"
"2656144900535100107","20240328",1972.81567382812,10180.2849685568,5634.56803613894,"astrocyte_1",NA,NA,NA,"male","M1",2,"0328_M1_L"
"2796212800747100293","20240613",1650.9677734375,5801.12093412131,6578.78610989155,"M_in_Tfap2b",3,"inhibitory",12,"female","F3",4,"0613_F3_T"
"2707604800403100158","20240415",2460.60815429688,1135.99435311815,8412.83659274713,"endothelial",NA,NA,NA,"male","M1",1,"0415_M1_C"
"2656143800394100034","20240328",1609.23645019531,6295.36293126451,6618.31075649406,"endothelial",NA,NA,NA,"male","M3",2,"0328_M3_L"
"2795903600438100162","20240613",1425.23474121094,6156.98012753093,8364.41360811233,"DH_ex_Maf/Slc17a8",1,"excitatory",10,"male","M5",1,"0613_M5_C"
"2796212800887100175","20240613",2497.70043945312,9036.90002037771,7629.96559901518,"astrocyte_1",NA,NA,NA,"female","F4",1,"0613_F4_C"
"2656144900616200135","20240328",2432.3671875,10922.3144171561,6582.15693931405,"endothelial",NA,NA,NA,"male","M1",2,"0328_M1_L"
"2787445900301100038","20240503",3120.74877929688,1375.22438988744,2169.51176905949,"DH_ex_Prkcg/Rxfp1",1,"excitatory",6,"female","F5",3,"0503_F5_S"
"2787445900686100148","20240503",3279.70458984375,5789.21589203342,5133.51158378992,"DH_ex_Nmu/Tac2",1,"excitatory",8,"female","F3",4,"0503_F3_T"
"2787445900726100281","20240503",2094.181640625,6582.37828163209,5491.52600937482,"DH_in_Cdh3",1,"inhibitory",10,"female","F3",4,"0503_F3_T"
"2787445900352100065","20240503",2259.6396484375,5430.50808911654,2598.26891218824,"DH_in_Npy",1,"inhibitory",4,"female","F4",4,"0503_F4_T"
"2707604000010100086","20240415",2980.43017578125,7476.73682104392,7549.92278388352,"astrocyte_2",NA,NA,NA,"male","M3",2,"0415_M3_L"
"2796212800978100235","20240613",2328.58862304688,7746.0011540018,8523.10073027582,"cholinergic_interneuron",NA,NA,21,"female","F3",1,"0613_F3_C"
"2796212800824100160","20240613",1907.95166015625,9347.54420651495,7018.76484066935,"DH_ex_Maf/Cck",1,"excitatory",10,"female","F4",1,"0613_F4_C"
"2726562700278100055","20240422",2601.71997070312,10056.9042791099,11488.2027152246,"astrocyte_2",NA,NA,NA,"female","F2",2,"0422_F2_L"
"2787889600398200058","20240503",6428.0400390625,2996.50852050722,8938.77369506218,"oligodendrocyte_progenitor_2",NA,NA,NA,"male","M5",3,"0503_M5_S"
"2787445900898100020","20240503",4411.78125,2830.26105535455,6657.70406867476,"MV_in_Chrna2",4,"inhibitory",19,"female","F3",3,"0503_F3_S"
"2795584800238100291","20240610",3599.14038085938,6326.8847862613,5680.13291977183,"oligodendrocyte_precursor_cell",NA,NA,NA,"female","F3",2,"0610_F3_L"
"2787445900051100037","20240503",404.982452392578,4026.84410974133,190.346796810976,"DH_ex_Grpr",1,"excitatory",2,"female","F5",4,"0503_F5_T"
"2656144300141100025","20240328",1395.13134765625,8654.64639657097,12016.2611155516,"DH_in_Npy2r",1,"inhibitory",9,"female","F2",2,"0328_F2_L"
"2795584800494100146","20240610",1546.22998046875,7298.06461690861,7481.4832818016,"DH_in_Cdh3",1,"inhibitory",10,"female","F4",2,"0610_F4_L"
"2707604000042100205","20240415",3299.732421875,7810.57371695983,8113.08960399416,"astrocyte_1",NA,NA,NA,"male","M3",2,"0415_M3_L"
"2656144900111100032","20240328",1719.51391601562,7793.65921995796,1033.36605214575,"DH_ex_Rreb1",1,"excitatory",10,"male","M1",1,"0328_M1_C"
"2787445900097100044","20240503",1503.12133789062,6622.24701922678,527.093364084169,"DH_in_Pdyn/Gal",1,"inhibitory",5,"female","F5",1,"0503_F5_C"
"2795903600354100169","20240613",2823.43579101562,4486.62413202575,7562.98936689275,"oligodendrocyte_progenitor_2",NA,NA,NA,"male","M5",4,"0613_M5_T"
"2787889600266100173","20240503",1658.19262695312,6303.85925486719,7899.01851142029,"oligodendrocyte_2",NA,NA,NA,"male","M5",4,"0503_M5_T"
"2707737900077100122","20240415",4199.2783203125,11375.9727227394,9403.26507703995,"oligodendrocyte_2",NA,NA,NA,"female","F1",2,"0415_F1_L"
"2787445900330100033","20240503",732.50634765625,9564.6809106404,2372.76079294557,"DH_ex_Reln/Npff",1,"excitatory",1,"female","F4",1,"0503_F4_C"
"2796212800456100030","20240613",1318.12817382812,4982.2195090903,3818.34922291571,"astrocyte_2",NA,NA,NA,"female","F3",2,"0613_F3_L"
"2656143800131100093","20240328",2303.99951171875,2654.50895604141,3842.20510585629,"alpha_motoneuron",NA,NA,22,"male","M3",1,"0328_M3_C"
"2946331700000022441","20240415",2543.23046875,11370.2478673885,4232.47509040756,"astrocyte_2",NA,NA,NA,"female","F2",2,"0415_F2_L"
"2656144900473100055","20240328",2676.50561523438,7428.37684577954,5012.14942213596,"endothelial",NA,NA,NA,"male","M2",4,"0328_M2_T"
"2787445900264100127","20240503",2281.12841796875,1423.64284981336,2071.55860387973,"DH_ex_Sox5",1,"excitatory",5,"female","F5",3,"0503_F5_S"
"2656144900264100096","20240328",4693.96044921875,7049.04918954745,2819.8664866969,"endothelial",NA,NA,NA,"male","M2",1,"0328_M2_C"
"2795903600436100270","20240613",4220.2177734375,5655.23321688687,8512.48092704943,"endothelial",NA,NA,NA,"male","M5",1,"0613_M5_C"
"2787445900548100175","20240503",2014.67956542969,8372.72954594577,4007.54556109788,"oligodendrocyte_2",NA,NA,NA,"female","F3",1,"0503_F3_C"
"2787889600163100015","20240503",1610.38171386719,7623.91519432375,6866.75322015357,"endothelial",NA,NA,NA,"male","M5",1,"0503_M5_C"
"2795584800313100072","20240610",4318.96875,7159.71874862525,6211.76684102259,"oligodendrocyte_2",NA,NA,NA,"female","F4",2,"0610_F4_L"
"2787445900550100256","20240503",2400.71728515625,9030.90114858351,4038.75744564903,"DH_in_Cdh3",1,"inhibitory",10,"female","F3",1,"0503_F3_C"
"2707604700108100194","20240415",4877.7275390625,5285.29109685333,6478.92556849471,"DM_ex_Zfhx3",2,"excitatory",11,"male","M2",2,"0415_M2_L"
"2787445900051100210","20240503",3247.95703125,3871.69512797892,423.852473644482,"DM_ex_Zfhx3",2,"excitatory",11,"female","F5",4,"0503_F5_T"
"2707604000110200102","20240415",4959.630859375,6024.32695364334,9439.24623042351,"DH_ex_Reln/Nmur2",1,"excitatory",3,"male","M3",4,"0415_M3_T"
"2796212800886100208","20240613",3193.78125,9003.86311512999,7703.02116312296,"oligodendrocyte_1",NA,NA,NA,"female","F4",1,"0613_F4_C"
"2795584800354100043","20240610",3839.69873046875,8428.4109086208,6348.52974741309,"oligodendrocyte_progenitor_2",NA,NA,NA,"female","F4",3,"0610_F4_S"
"2795584800137100183","20240610",1039.36145019531,8318.65416001901,4760.44181324015,"MV_in_Gabra1",4,"inhibitory",16,"female","F3",3,"0610_F3_S"
"2795584800139100153","20240610",2005.95288085938,8774.04734154051,4789.3899137493,"endothelial",NA,NA,NA,"female","F3",3,"0610_F3_S"
"2795584800349100201","20240610",3060.17578125,7025.67653449741,6550.41817008035,"oligodendrocyte_progenitor_2",NA,NA,NA,"female","F4",2,"0610_F4_L"
"2795584800124100245","20240610",4527.86865234375,4745.01148629622,4838.13661854842,"MV_in_Sema5b",4,"inhibitory",15,"female","F3",4,"0610_F3_T"
"2796212800792100191","20240613",2281.1484375,9507.67937534489,6741.25941329356,"DH_ex_Tac2",1,"excitatory",8,"female","F4",1,"0613_F4_C"
"2656144900217100217","20240328",1599.53015136719,8454.68043210004,2298.75693160639,"DH_in_Cdh3",1,"inhibitory",10,"male","M1",1,"0328_M1_C"
"2796212801050100122","20240613",1473.06018066406,9994.25584616326,8997.17922040878,"DH_ex_Tac2",1,"excitatory",8,"female","F4",1,"0613_F4_C"
"2796212800343100093","20240613",2270.77954101562,9162.09261533059,2960.84438366489,"oligodendrocyte_1",NA,NA,NA,"female","F5",4,"0613_F5_T"
"2707604700035100156","20240415",2162.04321289062,5118.15512722987,5692.25700715918,"endothelial",NA,NA,NA,"male","M2",2,"0415_M2_L"
"2787445900398100116","20240503",2029.91174316406,7824.9839032843,2929.91382258877,"oligodendrocyte_2",NA,NA,NA,"female","F4",1,"0503_F4_C"
"2787889600350100103","20240503",1212.47790527344,9691.0177417926,8324.73301636125,"astrocyte_1",NA,NA,NA,"male","M4",1,"0503_M4_C"
"2795903600169100089","20240613",2796.97265625,3689.96045397449,5488.71922296475,"oligodendrocyte_progenitor_2",NA,NA,NA,"male","M5",2,"0613_M5_L"
"2787889600354100054","20240503",4791.0771484375,10697.1089793041,8344.74725922348,"oligodendrocyte_progenitor_2",NA,NA,NA,"male","M4",1,"0503_M4_C"
"2707604000155100180","20240415",2616.5986328125,5880.8309392942,10383.0248241955,"astrocyte_2",NA,NA,NA,"male","M3",4,"0415_M3_T"
"2656143800418100063","20240328",1849.9775390625,6211.16885424405,6865.06266624626,"microglia",NA,NA,NA,"male","M3",2,"0328_M3_L"
"2795584800101100205","20240610",3345.69458007812,8343.66202678904,4512.18776438833,"MV_in_Gm26673",4,"inhibitory",19,"female","F3",3,"0610_F3_S"
"2795584800713100089","20240610",1941.14965820312,8394.941057997,9250.66811338601,"DH_ex_Nmu/Tac2",1,"excitatory",8,"female","F5",3,"0610_F5_S"
"2946331700000015905","20240415",1507.55419921875,11072.9445344588,3005.41072130032,"M_ex_Vsx2/Shox2",3,"excitatory",20,"female","F2",2,"0415_F2_L"
"2795103300146100184","20240610",3096.3740234375,2088.38015091688,1230.8993598363,"DM_ex_Zfhx3",2,"excitatory",11,"male","M4",1,"0610_M4_C"
"2656144900562100058","20240328",2365.83325195312,10474.9125970744,5842.23344226443,"oligodendrocyte_progenitor_2",NA,NA,NA,"male","M1",2,"0328_M1_L"
"2656143800003100156","20240328",1772.63500976562,1796.5948262982,2559.61366584979,"DH_in_Pdyn",1,"inhibitory",2,"male","M3",1,"0328_M3_C"
"2707737900060100041","20240415",3420.47338867188,10509.5927746557,8911.34042052808,"oligodendrocyte_1",NA,NA,NA,"female","F1",2,"0415_F1_L"
"2795584800494100148","20240610",2788.361328125,7420.8824764826,7483.089815131,"astrocyte_2",NA,NA,NA,"female","F4",2,"0610_F4_L"
"2707604700271100235","20240415",1171.34826660156,3895.88510355071,8436.11316849024,"DH_ex_Reln/Nmur2",1,"excitatory",3,"male","M2",4,"0415_M2_T"
"2787889600193100115","20240503",2725.18579101562,6063.97155321972,7326.87579267268,"DH_in_Npy",1,"inhibitory",4,"male","M5",4,"0503_M5_T"
"2795903600694100117","20240613",2527.47314453125,5123.90149220524,11182.8353488024,"M_ex_Vsx2/Shox2",3,"excitatory",20,"male","M4",1,"0613_M4_C"
"2656144300188100230","20240328",3058.7783203125,8946.98275266145,12677.8119918118,"microglia",NA,NA,NA,"female","F2",2,"0328_F2_L"
"2707604000040100083","20240415",6226.14990234375,7235.85335269503,8004.24785297568,"astrocyte_1",NA,NA,NA,"male","M3",2,"0415_M3_L"
"2707604800242100248","20240415",2041.88366699219,3155.94402793073,6223.05794399139,"oligodendrocyte_2",NA,NA,NA,"male","M1",4,"0415_M1_T"
"2795903600639100170","20240613",3254.07446289062,4406.77392914452,10686.6950118986,"oligodendrocyte_2",NA,NA,NA,"male","M4",1,"0613_M4_C"
"2796212800623100048","20240613",1324.09008789062,6896.14842787012,5263.12624900893,"oligodendrocyte_2",NA,NA,NA,"female","F4",4,"0613_F4_T"
"2796212800747100155","20240613",1437.26208496094,5738.21579606645,6460.97368033911,"MV_in_Gabra1",4,"inhibitory",16,"female","F3",4,"0613_F3_T"
"2707604000087100224","20240415",2477.40747070312,7778.62456959477,8993.8387484948,"DH_ex_Reln/Npff",1,"excitatory",1,"male","M3",2,"0415_M3_L"
"2796212800715100166","20240613",3713.22631835938,5747.6160315033,6318.414241141,"DH_ex_Gpr83",1,"excitatory",2,"female","F3",4,"0613_F3_T"
"2787445900585100071","20240503",3951.22192382812,8580.68022122537,4170.08982962069,"astrocyte_1",NA,NA,NA,"female","F3",1,"0503_F3_C"
"2707604700226100221","20240415",1539.00158691406,4692.00439586096,7939.93442415941,"oligodendrocyte_progenitor_2",NA,NA,NA,"male","M2",4,"0415_M2_T"
"2787445900657100147","20240503",3652.2978515625,7984.76857712958,4840.61722739186,"oligodendrocyte_progenitor_2",NA,NA,NA,"female","F3",1,"0503_F3_C"
"2796212800791100086","20240613",2005.46936035156,9105.9537969362,6704.33276420331,"oligodendrocyte_1",NA,NA,NA,"female","F4",1,"0613_F4_C"
"2787889600127100132","20240503",717.381469726562,7615.38780539972,6765.18584486126,"alpha_motoneuron",NA,NA,22,"male","M5",1,"0503_M5_C"
"2656143800128100291","20240328",1763.00671386719,1837.9021327322,4024.16122064507,"DH_ex_Prkcg/Cck",1,"excitatory",8,"male","M3",1,"0328_M3_C"
"2796212800779100178","20240613",3038.52758789062,5787.52503829636,6759.15902249119,"visceral_motoneuron",NA,NA,20,"female","F3",4,"0613_F3_T"
"2707604800119100064","20240415",2382.0458984375,3991.498304051,4395.54055726761,"oligodendrocyte_2",NA,NA,NA,"male","M1",2,"0415_M1_L"
"2656144900343100207","20240328",2163.30297851562,7276.70896030541,3709.56139958996,"DH_ex_Prkcg/Nts",1,"excitatory",8,"male","M2",4,"0328_M2_T"
"2795903600401100209","20240613",606.352905273438,3245.53022710171,8168.56152648298,"DH_ex_Maf/Cpne4",1,"excitatory",10,"male","M4",4,"0613_M4_T"
"2945606900000028675","20240328",2566.58154296875,5113.85214324796,9971.69703238095,"MV_in_Esrrb",4,"inhibitory",14,"female","F1",3,"0328_F1_S"
"2787445900229100050","20240503",3111.39672851562,2020.20919266815,1686.21242373632,"oligodendrocyte_progenitor_2",NA,NA,NA,"female","F5",2,"0503_F5_L"
"2707737900020100069","20240415",2046.8291015625,10270.6339918922,8098.71001074323,"oligodendrocyte_progenitor_2",NA,NA,NA,"female","F1",3,"0415_F1_S"
"2656144900166100222","20240328",964.162292480469,8613.34388117921,1827.96308170375,"oligodendrocyte_progenitor_2",NA,NA,NA,"male","M1",1,"0328_M1_C"
"2656143800241100034","20240328",2718.6630859375,5562.19171312754,4889.13341145602,"M_in_Tfap2b",3,"inhibitory",12,"male","M3",4,"0328_M3_T"
"2656144300125100022","20240328",1095.490234375,10770.6927718566,11575.1879795226,"DH_in_Cdh3",1,"inhibitory",10,"female","F2",4,"0328_F2_T"
"2787889600095100107","20240503",3710.26586914062,8684.52699531219,6424.50679066894,"M_ex_Vsx2/Shox2",3,"excitatory",20,"male","M5",1,"0503_M5_C"
"2656144900288100070","20240328",3478.26708984375,6622.58219367014,3067.71661979795,"MV_ex_Syt2",4,"excitatory",14,"male","M2",1,"0328_M2_C"
"2726543700099100012","20240422",4034.18505859375,1270.5792956386,4394.24113052932,"endothelial",NA,NA,NA,"male","M3",1,"0422_M3_C"
"2795584800152100329","20240610",3961.58569335938,2326.96176145016,5069.07311584827,"MV_in_Sema5b",4,"inhibitory",15,"female","F3",1,"0610_F3_C"
"2787445900730100021","20240503",1670.97424316406,7585.96297671832,5252.92471685006,"oligodendrocyte_2",NA,NA,NA,"female","F3",1,"0503_F3_C"
"2707604000110100291","20240415",1991.72338867188,5946.47699655445,9595.49865473447,"DH_ex_Sox5",1,"excitatory",5,"male","M3",4,"0415_M3_T"
"2726543700194100187","20240422",1066.80554199219,1106.61816729036,5425.56603732682,"DH_ex_Maf/Cck",1,"excitatory",10,"male","M3",1,"0422_M3_C"
"2707604000085100071","20240415",1192.7373046875,7454.86454530046,8820.34929668823,"MV_in_Gabra1",4,"inhibitory",16,"male","M3",2,"0415_M3_L"
"2787889600313100114","20240503",3944.94287109375,9287.40612306935,8093.47545561459,"endothelial",NA,NA,NA,"male","M4",1,"0503_M4_C"
"2795903600489100085","20240613",2683.40454101562,5899.50167831322,8895.04997337458,"astrocyte_1",NA,NA,NA,"male","M5",1,"0613_M5_C"
"2707604700342100104","20240415",4776.09814453125,3507.05082120084,9167.19342027599,"MV_in_Chrna2",4,"inhibitory",19,"male","M2",1,"0415_M2_C"
"2795584800748200051","20240610",3321.32104492188,8096.24020373065,9247.9575226023,"oligodendrocyte_2",NA,NA,NA,"female","F5",2,"0610_F5_L"
"2946331700000000900","20240415",2527.72241210938,8732.30123542395,414.923771261994,"oligodendrocyte_2",NA,NA,NA,"female","F2",1,"0415_F2_C"
"2796212800980100213","20240613",2056.08764648438,8307.5328611061,8477.29846616922,"DH_ex_Reln/Nmur2",1,"excitatory",3,"female","F3",1,"0613_F3_C"
"2656143800167100063","20240328",2766.55224609375,5864.70516602718,4250.10554608383,"astrocyte_2",NA,NA,NA,"male","M3",4,"0328_M3_T"
"2946331700000008879","20240415",1979.15832519531,10397.5554820569,1892.59604397655,"oligodendrocyte_1",NA,NA,NA,"female","F2",4,"0415_F2_T"
"2707604700061100217","20240415",3969.48217773438,5622.91876181174,5932.62912832561,"DM_ex_Zfhx3",2,"excitatory",11,"male","M2",2,"0415_M2_L"
"2707604700068100176","20240415",1884.7431640625,7549.95756801398,5876.72997358616,"oligodendrocyte_progenitor_2",NA,NA,NA,"male","M3",3,"0415_M3_S"
"2656143800081100092","20240328",3728.3818359375,2716.76215769249,3410.42604323028,"oligodendrocyte_2",NA,NA,NA,"male","M3",1,"0328_M3_C"
"2796212800816200003","20240613",2060.31860351562,7123.09681725502,7039.11662731349,"meninges_2",NA,NA,NA,"female","F3",1,"0613_F3_C"
"2795103300445100084","20240610",3105.505859375,7456.92667771864,3400.9463716165,"oligodendrocyte_progenitor_2",NA,NA,NA,"male","M5",2,"0610_M5_L"
"2787445900252100222","20240503",3130.86547851562,8553.20165379625,1781.20492673325,"DH_in_Cdh3",1,"inhibitory",10,"female","F4",1,"0503_F4_C"
"2795584800421100048","20240610",2720.98486328125,7187.20014619897,6868.82423079832,"M_ex_Vsx2/Shox2",3,"excitatory",20,"female","F4",2,"0610_F4_L"
"2656144900483200003","20240328",5160.38037109375,10077.1615066469,4968.28041818197,"meninges_2",NA,NA,NA,"male","M1",2,"0328_M1_L"
"2656143800027100344","20240328",1484.4423828125,1779.62473850237,2875.61394202628,"oligodendrocyte_1",NA,NA,NA,"male","M3",1,"0328_M3_C"
"2707604000154100042","20240415",3767.80688476562,5611.3460074977,10210.9689149408,"DM_ex_Zfhx3",2,"excitatory",11,"male","M3",4,"0415_M3_T"
"2656144900395100181","20240328",824.285461425781,7472.04373762853,4368.05015315319,"MV_in_Esrrb",4,"inhibitory",14,"male","M2",4,"0328_M2_T"
"2656144900478100114","20240328",2082.48510742188,8839.01899133217,5122.57141949893,"alpha_motoneuron",NA,NA,22,"male","M2",2,"0328_M2_L"
"2707604800101100059","20240415",1855.76245117188,5016.91532473557,4227.60223608743,"endothelial",NA,NA,NA,"male","M1",2,"0415_M1_L"
"2787445900248100070","20240503",2375.57885742188,7317.31081226806,1747.70536760776,"astrocyte_2",NA,NA,NA,"female","F4",1,"0503_F4_C"
"2787445900858100097","20240503",3243.20556640625,2137.43321328305,6440.45557347226,"MV_ex_Syt2",4,"excitatory",14,"female","F3",3,"0503_F3_S"
"2787889600326100064","20240503",1143.99072265625,2931.5863184667,8303.60210524488,"DH_ex_Reln/Npff",1,"excitatory",1,"male","M5",3,"0503_M5_S"
"2795584800239100064","20240610",1800.7900390625,6451.14443329303,5524.67891904188,"DH_ex_Tac2",1,"excitatory",8,"female","F3",2,"0610_F3_L"
"2796212800890100208","20240613",2170.79760742188,9950.17191010527,7705.81715360278,"DH_ex_Reln/Npff",1,"excitatory",1,"female","F4",1,"0613_F4_C"
"2787889600379100099","20240503",1595.27563476562,7788.86157338507,8719.70206743781,"DH_in_Npy",1,"inhibitory",4,"male","M4",4,"0503_M4_T"
"2707604000155100044","20240415",3373.01708984375,5899.74216469721,10205.9109368369,"DH_ex_Prkcg/Nts",1,"excitatory",8,"male","M3",4,"0415_M3_T"
"2656143800028100190","20240328",2939.77661132812,1995.85893377717,2815.15504853934,"microglia",NA,NA,NA,"male","M3",1,"0328_M3_C"
"2787445900168100168","20240503",4293.044921875,5809.23892917903,1269.45065040479,"oligodendrocyte_progenitor_2",NA,NA,NA,"female","F5",1,"0503_F5_C"
"2795103300153100149","20240610",2138.29736328125,4005.34602488799,1190.60714827053,"DH_ex_Nmu/Tac2",1,"excitatory",8,"male","M4",4,"0610_M4_T"
"2787889600388100127","20240503",3227.9619140625,10252.2823369359,8704.91457354245,"oligodendrocyte_progenitor_1",NA,NA,NA,"male","M4",1,"0503_M4_C"
"2787445900163100062","20240503",421.778686523438,4169.88154930755,1066.42925823404,"MV_in_Gm26673",4,"inhibitory",19,"female","F5",4,"0503_F5_T"
"2707737900133100223","20240415",1102.62866210938,9277.90915045609,10850.5657646828,"oligodendrocyte_progenitor_2",NA,NA,NA,"female","F1",4,"0415_F1_T"
"2795584800428100052","20240610",4485.8740234375,8974.50343564322,6910.73575561208,"astrocyte_2",NA,NA,NA,"female","F4",3,"0610_F4_S"
"2787445900389100097","20240503",2423.5810546875,5388.3542942967,2784.63742534598,"DH_ex_Maf/Slc17a8",1,"excitatory",10,"female","F4",4,"0503_F4_T"
"2787889600441100117","20240503",3399.0146484375,4850.82592771784,9241.73338953407,"oligodendrocyte_progenitor_2",NA,NA,NA,"male","M4",2,"0503_M4_L"
"2656144900510100035","20240328",2070.37744140625,10390.5408762888,5335.76360269749,"oligodendrocyte_2",NA,NA,NA,"male","M1",2,"0328_M1_L"
"2787889600389100039","20240503",1807.94982910156,10443.4828379434,8588.43902275962,"alpha_motoneuron",NA,NA,22,"male","M4",1,"0503_M4_C"
"2787445900397100033","20240503",537.161743164062,7744.83448972693,2714.93427429826,"MV_ex_Syt2",4,"excitatory",14,"female","F4",1,"0503_F4_C"
"2656143800054100105","20240328",1735.81079101562,2102.17610039083,2979.99453592219,"oligodendrocyte_progenitor_2",NA,NA,NA,"male","M3",1,"0328_M3_C"
"2795584800225100220","20240610",4594.3134765625,2779.69478179651,5596.15635055813,"DH_in_Pdyn",1,"inhibitory",2,"female","F3",1,"0610_F3_C"
"2796212800552100138","20240613",3504.17578125,4957.75253121834,4784.82459924009,"astrocyte_1",NA,NA,NA,"female","F3",2,"0613_F3_L"
"2946331700000017564","20240415",1783.689453125,10939.275432679,3282.81817570244,"endothelial",NA,NA,NA,"female","F2",2,"0415_F2_L"
"2726543700098100172","20240422",4297.92138671875,924.495587734738,4589.14568786317,"oligodendrocyte_precursor_cell",NA,NA,NA,"male","M3",1,"0422_M3_C"
"2795903600159100113","20240613",2365.12670898438,788.866414654411,5559.72073872664,"DH_in_Npy2r",1,"inhibitory",9,"male","M4",3,"0613_M4_S"
"2707604000025100103","20240415",3313.9111328125,7216.18057630706,7836.43861145418,"endothelial",NA,NA,NA,"male","M3",2,"0415_M3_L"
"2787445900088100075","20240503",2356.58813476562,4094.37398535723,556.432240752591,"oligodendrocyte_progenitor_2",NA,NA,NA,"female","F5",4,"0503_F5_T"
"2795103300051100106","20240610",1744.15588378906,4707.62482349511,322.99935579428,"oligodendrocyte_2",NA,NA,NA,"male","M4",4,"0610_M4_T"
"2707737900101100093","20240415",2073.8232421875,11190.9123771576,9828.69075295271,"DM_ex_Zfhx3",2,"excitatory",11,"female","F1",2,"0415_F1_L"
"2787445900252100041","20240503",1156.14196777344,8504.62987151812,1619.9416303155,"DH_in_Pdyn/Gal",1,"inhibitory",5,"female","F4",1,"0503_F4_C"
"2787445900547100043","20240503",3587.12036132812,8211.09638334007,3892.3339488811,"oligodendrocyte_2",NA,NA,NA,"female","F3",1,"0503_F3_C"
"2946331700000012655","20240415",903.835998535156,10204.281718983,2494.18858928201,"DH_ex_Reln/Nmur2",1,"excitatory",3,"female","F2",4,"0415_F2_T"
"2707604000152100108","20240415",3990.03369140625,5046.21103968276,10284.2447963858,"oligodendrocyte_progenitor_2",NA,NA,NA,"male","M3",4,"0415_M3_T"
"2726542200063100202","20240422",4996.58837890625,9804.30964055135,5681.75725393198,"DM_ex_Zfhx3",2,"excitatory",11,"male","M1",2,"0422_M1_L"
"2945606900000006335","20240328",1978.01037597656,1275.0191341858,5824.4681345502,"oligodendrocyte_progenitor_2",NA,NA,NA,"female","F1",1,"0328_F1_C"
"2795903600461100026","20240613",5600.49658203125,5459.04634042614,8539.91031341469,"oligodendrocyte_progenitor_2",NA,NA,NA,"male","M5",1,"0613_M5_C"
"2795584800421100152","20240610",2613.10327148438,7238.8452020773,6964.36051984446,"endothelial",NA,NA,NA,"female","F4",2,"0610_F4_L"
"2787445900434100022","20240503",794.131713867188,7651.11758737976,2991.69432669508,"astrocyte_1",NA,NA,NA,"female","F4",1,"0503_F4_C"
"2946331700000021488","20240415",3917.59936523438,11283.7470274698,3920.5321860866,"M_ex_Vsx2",3,"excitatory",20,"female","F2",2,"0415_F2_L"
"2795903600322100055","20240613",424.428924560547,2949.03104046709,7158.39939406625,"MV_in_Gabra1",4,"inhibitory",16,"male","M4",2,"0613_M4_L"
"2656144900446100057","20240328",2183.23071289062,7105.32566079656,4742.5860895683,"meninges_2",NA,NA,NA,"male","M2",4,"0328_M2_T"
"2795903600489100162","20240613",1855.2275390625,5893.69475517448,8945.73434080277,"astrocyte_1",NA,NA,NA,"male","M5",1,"0613_M5_C"
"2787445900209100186","20240503",1458.03430175781,6803.57502293901,1579.01238465123,"alpha_motoneuron",NA,NA,22,"female","F5",1,"0503_F5_C"
"2707604800119100189","20240415",1140.83117675781,4155.61704828229,4588.84075554088,"MV_in_Gm26673",4,"inhibitory",19,"male","M1",2,"0415_M1_L"
"2707737900121200017","20240415",2296.10961914062,9505.05539592441,10331.4603930393,"meninges_1",NA,NA,NA,"female","F1",4,"0415_F1_T"
"2796212800048100035","20240613",493.617828369141,7069.32772570848,427.540236610803,"DH_ex_Gpr83",1,"excitatory",2,"female","F5",3,"0613_F5_S"
"2787445900324100284","20240503",577.495300292969,7874.90233610175,2390.84615689327,"cholinergic_interneuron",NA,NA,21,"female","F4",1,"0503_F4_C"
"2945606900000005064","20240328",1948.34362792969,1237.76858251254,5651.04729624587,"oligodendrocyte_progenitor_2",NA,NA,NA,"female","F1",1,"0328_F1_C"
"2707604000057100022","20240415",2556.29760742188,7938.03838856015,8209.4757883266,"MV_ex_Syt2",4,"excitatory",14,"male","M3",2,"0415_M3_L"
"2796212800855100259","20240613",3020.7958984375,9206.97230757773,7366.3478968197,"MV_ex_Syt2",4,"excitatory",14,"female","F4",1,"0613_F4_C"
"2796212800979100126","20240613",2473.69458007812,8104.73569864035,8390.25040174142,"DH_ex_Maf/Cck",1,"excitatory",10,"female","F3",1,"0613_F3_C"
"2796212800520100213","20240613",2354.31494140625,5000.90303516667,4568.85417607403,"cholinergic_interneuron",NA,NA,21,"female","F3",2,"0613_F3_L"
"2795903600301100052","20240613",1440.51062011719,4231.43882934985,6899.9447386002,"astrocyte_2",NA,NA,NA,"male","M5",4,"0613_M5_T"
"2946331700000002712","20240415",2525.33935546875,8260.69467990019,842.06959145685,"microglia",NA,NA,NA,"female","F2",1,"0415_F2_C"
"2707604700223100181","20240415",3680.31127929688,3915.01993492212,7919.05988606723,"MV_in_Gabra1",4,"inhibitory",16,"male","M2",4,"0415_M2_T"
"2656144900396100267","20240328",1092.66381835938,7572.95545906619,4376.01077569995,"oligodendrocyte_1",NA,NA,NA,"male","M2",4,"0328_M2_T"
"2787889600414100194","20240503",5008.60400390625,7242.72158405953,9039.50974864315,"oligodendrocyte_progenitor_2",NA,NA,NA,"male","M4",4,"0503_M4_T"
"2796212800520100087","20240613",1632.869140625,4864.18685935438,4447.03331318253,"oligodendrocyte_progenitor_2",NA,NA,NA,"female","F3",2,"0613_F3_L"
"2787445900860100075","20240503",366.016784667969,2566.56600574963,6425.42052283943,"MV_in_Sema5b",4,"inhibitory",15,"female","F3",3,"0503_F3_S"
"2707737900007100257","20240415",4001.61279296875,10231.9766835745,8041.06397282938,"DM_ex_Zfhx3",2,"excitatory",11,"female","F1",3,"0415_F1_S"
"2796212800600100106","20240613",2510.4228515625,9380.90324152261,5059.74703709374,"oligodendrocyte_1",NA,NA,NA,"female","F5",1,"0613_F5_C"
"2787445900686100178","20240503",1012.19342041016,5780.31272781396,5152.19889105279,"DH_ex_Tac2",1,"excitatory",8,"female","F3",4,"0503_F3_T"
"2707604800080200033","20240415",2030.99560546875,4854.37299323815,3816.93109011883,"oligodendrocyte_1",NA,NA,NA,"male","M1",2,"0415_M1_L"
"2656144900515100178","20240328",2466.80004882812,11828.6028068402,5400.1435886679,"DH_ex_Gpr83",1,"excitatory",2,"male","M1",3,"0328_M1_S"
"2796212800529100110","20240613",555.360290527344,7390.1535511557,4512.62129585061,"DH_in_Pdyn",1,"inhibitory",2,"female","F4",4,"0613_F4_T"
"2707604000026100018","20240415",3733.6572265625,7730.04788349965,7665.68232802101,"astrocyte_2",NA,NA,NA,"male","M3",2,"0415_M3_L"
"2796212800264100246","20240613",4617.1572265625,4960.33515075408,2339.76558826992,"visceral_motoneuron",NA,NA,20,"female","F4",3,"0613_F4_S"
"2787445900252100232","20240503",2107.93432617188,8377.01887729322,1787.61727832348,"DH_ex_Sox5/Tac1",1,"excitatory",5,"female","F4",1,"0503_F4_C"
"2796212800595100131","20240613",3511.68359375,8059.82836489566,5120.39553069021,"DH_ex_Nmu/Tac2",1,"excitatory",8,"female","F4",4,"0613_F4_T"
"2946331700000014165","20240415",1126.16223144531,10723.918302345,2507.51787847086,"oligodendrocyte_2",NA,NA,NA,"female","F2",2,"0415_F2_L"
"2796212800429100306","20240613",2796.73681640625,6428.08803944103,3799.04173699045,"MV_in_Gabra1",4,"inhibitory",16,"female","F4",2,"0613_F4_L"
"2787445900090100024","20240503",1109.06665039062,4450.90294834116,459.686828559265,"DH_ex_Maf/Cck",1,"excitatory",10,"female","F5",4,"0503_F5_T"
"2795103300381100300","20240610",3579.15258789062,8896.38480477728,2954.25214612929,"oligodendrocyte_progenitor_2",NA,NA,NA,"male","M5",3,"0610_M5_S"
"2796212800431100019","20240613",1291.3115234375,6894.7575821327,3536.74376237812,"DH_ex_Reln/Nmur2",1,"excitatory",3,"female","F4",2,"0613_F4_L"
"2707604700060100211","20240415",2034.23461914062,5295.63056397982,5929.70545026602,"MV_in_Esrrb",4,"inhibitory",14,"male","M2",2,"0415_M2_L"
"2945606900000029557","20240328",2362.30102539062,5304.8303694409,10030.1974033243,"M_in_Tfap2b",3,"inhibitory",12,"female","F1",3,"0328_F1_S"
"2656144900135100026","20240328",1812.4609375,7223.72939670568,1447.67520858083,"Schwann_cell",NA,NA,NA,"male","M2",1,"0328_M2_C"
"2656144900377200109","20240328",1933.44787597656,9456.63809285234,3953.24873122116,"DH_ex_Reln/Npff",1,"excitatory",1,"male","M1",4,"0328_M1_T"
"2787445900327100122","20240503",3918.8388671875,8900.08516302018,2350.4480518981,"oligodendrocyte_progenitor_2",NA,NA,NA,"female","F4",1,"0503_F4_C"
"2707604800078100099","20240415",3644.1142578125,4381.06781669369,4032.01099572191,"astrocyte_2",NA,NA,NA,"male","M1",2,"0415_M1_L"
"2707604800014100179","20240415",3169.7021484375,3996.8861852336,3101.49828583887,"oligodendrocyte_progenitor_2",NA,NA,NA,"male","M1",3,"0415_M1_S"
"2787445900545100063","20240503",2597.90112304688,7775.24157565855,3881.4013437166,"oligodendrocyte_progenitor_2",NA,NA,NA,"female","F3",1,"0503_F3_C"
"2796212800529100021","20240613",1317.48742675781,7474.65095133707,4452.00668164063,"DH_ex_Prkcg/Cck",1,"excitatory",8,"female","F4",4,"0613_F4_T"
"2795584800419100227","20240610",2071.68701171875,6626.19467663486,7016.31181891903,"DH_in_Cdh3",1,"inhibitory",10,"female","F4",2,"0610_F4_L"
"2787445900510100019","20240503",971.778503417969,8270.79173305887,3730.75022820165,"meninges_1",NA,NA,NA,"female","F3",1,"0503_F3_C"
"2787445900681100180","20240503",1819.873046875,4308.87780575099,5088.53643811528,"oligodendrocyte_progenitor_2",NA,NA,NA,"female","F3",2,"0503_F3_L"
"2787889600280100187","20240503",4586.22265625,10140.8760696067,7830.96499670576,"DH_in_Npy2r",1,"inhibitory",9,"male","M4",1,"0503_M4_C"
"2656144900190100049","20240328",683.744262695312,8164.57587713649,1893.30276842997,"DH_in_Cdh3",1,"inhibitory",10,"male","M1",1,"0328_M1_C"
"2795103300332100061","20240610",2727.08154296875,5067.30381275935,2477.21837010031,"astrocyte_1",NA,NA,NA,"male","M5",4,"0610_M5_T"
"2796212800889100238","20240613",879.17138671875,9605.74928239174,7686.92939563241,"MV_in_Sema5b",4,"inhibitory",15,"female","F4",1,"0613_F4_C"
"2795584800222100100","20240610",3314.8720703125,1801.56093466679,5559.67562346687,"astrocyte_2",NA,NA,NA,"female","F3",1,"0610_F3_C"
"2707604000110100282","20240415",2746.84765625,5855.56194082285,9583.27629540505,"oligodendrocyte_progenitor_2",NA,NA,NA,"male","M3",4,"0415_M3_T"
"2796212800779100157","20240613",3869.14135742188,5894.81125850789,6737.04895842762,"endothelial",NA,NA,NA,"female","F3",4,"0613_F3_T"
"2795903600463100104","20240613",5328.3125,5984.07060523337,8652.0636916692,"astrocyte_1",NA,NA,NA,"male","M5",1,"0613_M5_C"
"2795103300181100156","20240610",1857.02392578125,2005.07171307121,1497.16057370184,"MV_ex_Syt2",4,"excitatory",14,"male","M4",1,"0610_M4_C"
"2656144900535100021","20240328",2128.51538085938,10218.9478221042,5523.32784627026,"oligodendrocyte_2",NA,NA,NA,"male","M1",2,"0328_M1_L"
"2946331700000013232","20240415",2324.41430664062,12234.6525052347,2305.25038267853,"DH_ex_Cpne4",1,"excitatory",3,"female","F2",3,"0415_F2_S"
"2796212800855100235","20240613",1469.78198242188,9072.86001399159,7348.66160227777,"oligodendrocyte_progenitor_2",NA,NA,NA,"female","F4",1,"0613_F4_C"
"2787445900261100124","20240503",3200.26000976562,633.103873393819,2016.38715223019,"MV_ex_Syt2",4,"excitatory",14,"female","F5",3,"0503_F5_S"
"2945606900000028780","20240328",2954.70971679688,5365.06732177921,9892.58819697589,"astrocyte_1",NA,NA,NA,"female","F1",3,"0328_F1_S"
"2795903600211100202","20240613",6139.95849609375,868.85547400605,6166.58166240176,"MV_in_Gm26673",4,"inhibitory",19,"male","M4",3,"0613_M4_S"
"2787889600397100193","20240503",3767.1865234375,2549.59860286566,9083.22574774786,"oligodendrocyte_progenitor_2",NA,NA,NA,"male","M5",3,"0503_M5_S"
"2656143800105100155","20240328",1588.5458984375,2465.47691760476,3688.85996170156,"oligodendrocyte_2",NA,NA,NA,"male","M3",1,"0328_M3_C"
"2707737900074100184","20240415",616.332824707031,10780.5800910479,9352.57354108663,"DM_ex_Zfhx3",2,"excitatory",11,"female","F1",2,"0415_F1_L"
"2787445900625100109","20240503",4066.57006835938,9407.36047797406,4562.60882526956,"astrocyte_2",NA,NA,NA,"female","F3",1,"0503_F3_C"
"2726543700433100081","20240422",2319.67065429688,5092.50515957177,7261.98199609981,"oligodendrocyte_1",NA,NA,NA,"male","M3",2,"0422_M3_L"
"2787445900752100150","20240503",1995.70336914062,3556.32890629722,5721.26609701513,"astrocyte_1",NA,NA,NA,"female","F3",2,"0503_F3_L"
"2795903600320100084","20240613",1977.72827148438,2458.43250743031,7175.03246261625,"oligodendrocyte_progenitor_2",NA,NA,NA,"male","M4",2,"0613_M4_L"
"2795903600302100045","20240613",1026.18737792969,4616.90047053521,7092.51814030274,"meninges_3",NA,NA,NA,"male","M5",4,"0613_M5_T"
"2796212800457100043","20240613",2793.87353515625,5134.81678838097,3964.28844461462,"oligodendrocyte_progenitor_2",NA,NA,NA,"female","F3",2,"0613_F3_L"
"2946331700000013468","20240415",4330.37353515625,12711.9800552179,2491.88729758596,"endothelial",NA,NA,NA,"female","F2",3,"0415_F2_S"
"2656144900217200049","20240328",1320.23571777344,8389.53836620913,2181.63968955833,"DH_ex_Prkcg/Nts",1,"excitatory",8,"male","M1",1,"0328_M1_C"
"2796212800913100070","20240613",1581.1953125,7374.91351779364,7796.85843701553,"astrocyte_1",NA,NA,NA,"female","F3",1,"0613_F3_C"
"2726562800040100083","20240422",1729.76086425781,4919.26996940719,2445.09041995194,"alpha_motoneuron",NA,NA,22,"male","M2",1,"0422_M2_C"
"2796212800420100232","20240613",2756.60400390625,3740.14801922254,3716.45006667869,"DM_ex_Zfhx3",2,"excitatory",11,"female","F3",3,"0613_F3_S"
"2945606900000012740","20240328",1727.57666015625,3461.54438353976,6854.74753422564,"oligodendrocyte_2",NA,NA,NA,"female","F1",4,"0328_F1_T"
"2787889600377100069","20240503",1886.69445800781,7169.57716534915,8731.13374059027,"astrocyte_2",NA,NA,NA,"male","M4",4,"0503_M4_T"
"2707737900034100174","20240415",3404.68212890625,10550.5479294795,8604.65457230597,"oligodendrocyte_2",NA,NA,NA,"female","F1",2,"0415_F1_L"
"2787445900597100130","20240503",4647.46728515625,1579.37002309677,4605.33568487263,"oligodendrocyte_1",NA,NA,NA,"female","F4",3,"0503_F4_S"
"2707737900133100176","20240415",2051.58203125,9221.61334887848,10811.3156825129,"astrocyte_1",NA,NA,NA,"female","F1",4,"0415_F1_T"
"2707737900062100103","20240415",3516.44311523438,11272.4063343544,8994.02387073566,"DM_ex_Zfhx3",2,"excitatory",11,"female","F1",2,"0415_F1_L"
"2795103300178100085","20240610",4445.05322265625,1244.69529923081,1410.24857800233,"MV_in_Sema5b",4,"inhibitory",15,"male","M4",1,"0610_M4_C"
"2787889600396100092","20240503",2736.59106445312,2339.19755158667,8910.28120664021,"oligodendrocyte_progenitor_2",NA,NA,NA,"male","M5",3,"0503_M5_S"
"2796212800583100026","20240613",3279.5703125,4641.79865260655,4996.16985875368,"oligodendrocyte_2",NA,NA,NA,"female","F3",2,"0613_F3_L"
"2656144900503100190","20240328",1836.74011230469,8482.7073615421,5435.89647974921,"DH_ex_Maf/Cck",1,"excitatory",10,"male","M2",2,"0328_M2_L"
"2795903600348100080","20240613",1340.04626464844,3010.96799631709,7451.00057502848,"DM_ex_Zfhx3",2,"excitatory",11,"male","M4",2,"0613_M4_L"
"2787445900284100060","20240503",3058.85913085938,7102.40644492605,1885.66033628254,"DH_ex_Reln/Nmur2",1,"excitatory",3,"female","F4",1,"0503_F4_C"
"2656143800164100063","20240328",2922.65185546875,4889.34492000705,4184.15919624461,"microglia",NA,NA,NA,"male","M3",4,"0328_M3_T"
"2707604000126100060","20240415",2169.69482421875,6094.31028835312,9653.18771015467,"oligodendrocyte_2",NA,NA,NA,"male","M3",4,"0415_M3_T"
"2707737900074100236","20240415",1885.59362792969,10834.604440441,9393.56487305032,"astrocyte_1",NA,NA,NA,"female","F1",2,"0415_F1_L"
"2787445900896100222","20240503",2095.59033203125,2322.63476152212,6896.31019414465,"alpha_motoneuron",NA,NA,22,"female","F3",3,"0503_F3_S"
"2707737900047100154","20240415",2572.54150390625,10488.5578354404,8814.41399945645,"astrocyte_1",NA,NA,NA,"female","F1",2,"0415_F1_L"
"2656144300146100227","20240328",2918.43579101562,10195.8986809786,12101.9627387947,"astrocyte_1",NA,NA,NA,"female","F2",4,"0328_F2_T"
"2946331700000004996","20240415",3516.20678710938,8870.2552809086,1176.27413842757,"oligodendrocyte_1",NA,NA,NA,"female","F2",1,"0415_F2_C"
"2787445900617100074","20240503",4120.822265625,7107.1545118253,4463.76035700562,"oligodendrocyte_progenitor_2",NA,NA,NA,"female","F3",1,"0503_F3_C"
"2787889600485100060","20240503",3302.15893554688,7145.55048320163,9462.97546837766,"oligodendrocyte_progenitor_2",NA,NA,NA,"male","M4",4,"0503_M4_T"
"2787445900361100178","20240503",3041.61791992188,7927.83672426513,2565.41986747642,"astrocyte_1",NA,NA,NA,"female","F4",1,"0503_F4_C"
"2796212801009100118","20240613",2900.08178710938,7435.0513166897,8781.84058506123,"MV_in_Gm26673",4,"inhibitory",19,"female","F3",1,"0613_F3_C"
"2787889600389100137","20240503",2311.23779296875,10370.9902807607,8806.04684079433,"oligodendrocyte_1",NA,NA,NA,"male","M4",1,"0503_M4_C"
"2787889600351100217","20240503",1464.70947265625,9792.21939171571,8426.12700273519,"pericyte",NA,NA,NA,"male","M4",1,"0503_M4_C"
"2787445900052100108","20240503",2023.84216308594,4423.50689173612,398.599368783704,"DH_ex_Sox5",1,"excitatory",5,"female","F5",4,"0503_F5_T"
"2787445900432100098","20240503",3359.05200195312,7095.00694811263,3144.32211676566,"oligodendrocyte_2",NA,NA,NA,"female","F4",1,"0503_F4_C"
"2707737900075100138","20240415",1282.10302734375,11207.7466138703,9326.60712528857,"astrocyte_1",NA,NA,NA,"female","F1",2,"0415_F1_L"
"2796212800232200076","20240613",1571.72192382812,5017.3159716893,2040.90548167017,"MV_in_Sema5b",4,"inhibitory",15,"female","F4",3,"0613_F4_S"
"2726562700255100152","20240422",2247.18823242188,9504.6217257729,11253.5059507396,"MV_ex_Syt2",4,"excitatory",14,"female","F2",2,"0422_F2_L"
"2796212800951100149","20240613",1581.48461914062,9144.79275883362,8134.5574958543,"alpha_motoneuron",NA,NA,22,"female","F4",1,"0613_F4_C"
"2656143800027100303","20240328",1692.06848144531,1682.50121523158,2845.55926539982,"DH_ex_Prkcg/Nts",1,"excitatory",8,"male","M3",1,"0328_M3_C"
"2787445900685100098","20240503",3468.15747070312,5524.35491522402,5206.80561306461,"oligodendrocyte_2",NA,NA,NA,"female","F3",4,"0503_F3_T"
"2787445900364100093","20240503",977.433471679688,8676.91739822156,2560.48494721053,"MV_in_Gm26673",4,"inhibitory",19,"female","F4",1,"0503_F4_C"
"2796212800595100046","20240613",1751.15026855469,7915.75715868175,5020.96015872655,"DH_ex_Reln/Nmur2",1,"excitatory",3,"female","F4",4,"0613_F4_T"
"2787889600444200175","20240503",4376.8037109375,5732.98930577131,9360.10440470857,"MV_ex_Syt2",4,"excitatory",14,"male","M4",2,"0503_M4_L"
"2946331700000017243","20240415",2655.55200195312,10469.2451956961,3197.4457930589,"oligodendrocyte_progenitor_2",NA,NA,NA,"female","F2",2,"0415_F2_L"
"2796212800554100272","20240613",3359.1142578125,5580.85514255334,4922.2964838997,"DH_in_Cdh3",1,"inhibitory",10,"female","F3",2,"0613_F3_L"
"2795584800129100103","20240610",2441.04858398438,5970.77172628569,4759.24686829353,"gamma_motoneuron",NA,NA,22,"female","F3",2,"0610_F3_L"
"2656143800054100170","20240328",2763.583984375,2187.43415629055,3078.60789669113,"endothelial",NA,NA,NA,"male","M3",1,"0328_M3_C"
"2795103300344100019","20240610",2411.61474609375,8431.58881935128,2433.41719556748,"oligodendrocyte_progenitor_2",NA,NA,NA,"male","M5",3,"0610_M5_S"
"2787445900132100057","20240503",2335.10327148438,5902.30805998191,776.137926079653,"astrocyte_1",NA,NA,NA,"female","F5",1,"0503_F5_C"
"2787445900659100212","20240503",2936.9482421875,8479.86800375953,4903.46605401779,"endothelial",NA,NA,NA,"female","F3",1,"0503_F3_C"
"2707737900134100140","20240415",2804.91186523438,9363.61202628673,10856.3685982611,"oligodendrocyte_1",NA,NA,NA,"female","F1",4,"0415_F1_T"
"2787445900620100089","20240503",5260.99169921875,8025.30355884111,4478.90825690709,"MV_in_Gm26673",4,"inhibitory",19,"female","F3",1,"0503_F3_C"
"2795903600639100122","20240613",3479.3046875,4434.94512985987,10621.2605334997,"beta_motoneuron",NA,NA,22,"male","M4",1,"0613_M4_C"
"2656144900421100075","20240328",1180.779296875,7416.71197964643,4440.06507573187,"MV_in_Gabra1",4,"inhibitory",16,"male","M2",4,"0328_M2_T"
"2795584800425100122","20240610",2570.375,8212.2664062003,6996.07959804959,"oligodendrocyte_progenitor_2",NA,NA,NA,"female","F4",3,"0610_F4_S"
"2795103300108100026","20240610",4591.11474609375,1237.33646060769,762.069429631694,"oligodendrocyte_1",NA,NA,NA,"male","M4",1,"0610_M4_C"
"2656143800215100289","20240328",1692.33642578125,5212.84468019486,4857.82082374953,"DH_ex_Maf/Slc17a8",1,"excitatory",10,"male","M3",4,"0328_M3_T"
"2787445900686100244","20240503",3673.0517578125,5790.43446606968,5205.40309238969,"DH_ex_Tac2",1,"excitatory",8,"female","F3",4,"0503_F3_T"
"2707604000101100111","20240415",2488.69384765625,7591.78887590807,9116.87873138313,"DH_ex_Grp",1,"excitatory",6,"male","M3",2,"0415_M3_L"
"2656144300187100061","20240328",2425.046875,8755.51953492087,12488.3564661342,"MV_ex_Shox2",4,"excitatory",18,"female","F2",2,"0328_F2_L"
"2656144900325100030","20240328",4138.02978515625,9547.05292756972,3298.54285237793,"astrocyte_1",NA,NA,NA,"male","M1",4,"0328_M1_T"
"2656143800179100164","20240328",2013.08569335938,2093.25264207795,4525.21395250445,"DH_ex_Cpne4",1,"excitatory",3,"male","M3",1,"0328_M3_C"
"2707737900099100020","20240415",4105.4619140625,10639.553690071,9739.7823572089,"MV_in_Gm26673",4,"inhibitory",19,"female","F1",2,"0415_F1_L"
"2787889600346100131","20240503",3187.04052734375,8584.01089332392,8467.57313370417,"meninges_2",NA,NA,NA,"male","M4",1,"0503_M4_C"
"2726544200060200054","20240422",3953.5947265625,6417.81134253737,1531.25158137589,"DH_in_Klhl14",1,"inhibitory",10,"male","M1",1,"0422_M1_C"
"2656144900537200040","20240328",1149.41613769531,10606.5735912371,5609.64739669338,"oligodendrocyte_progenitor_1",NA,NA,NA,"male","M1",2,"0328_M1_L"
"2796212800593100138","20240613",963.554321289062,7537.47901213914,5034.9272495067,"M_in_Tfap2b",3,"inhibitory",12,"female","F4",4,"0613_F4_T"
"2795903600185200054","20240613",2372.19921875,1047.56734534685,5800.70130979049,"oligodendrocyte_progenitor_2",NA,NA,NA,"male","M4",3,"0613_M4_S"
"2795584800391100125","20240610",4684.64453125,8956.30772818311,6752.30252600359,"oligodendrocyte_2",NA,NA,NA,"female","F4",3,"0610_F4_S"
"2946331700000015941","20240415",3555.53515625,10976.6900012235,2961.11972352755,"endothelial",NA,NA,NA,"female","F2",2,"0415_F2_L"
"2787445900321100131","20240503",3536.94189453125,7017.4085968252,2409.97060404258,"astrocyte_1",NA,NA,NA,"female","F4",1,"0503_F4_C"
"2787445900209100162","20240503",4020.32739257812,6686.34253572836,1547.24205329103,"alpha_motoneuron",NA,NA,22,"female","F5",1,"0503_F5_C"
"2796212800882100339","20240613",1014.08502197266,7842.1467875652,7711.01544354344,"DH_ex_Reln/Npff",1,"excitatory",1,"female","F3",1,"0613_F3_C"
"2656144900504100144","20240328",2845.36206054688,8673.92931276791,5432.93782429174,"astrocyte_1",NA,NA,NA,"male","M2",2,"0328_M2_L"
"2795903600212100125","20240613",3505.47998046875,1170.94997740922,6118.83421206224,"oligodendrocyte_2",NA,NA,NA,"male","M4",3,"0613_M4_S"
"2795103300232100193","20240610",1252.34606933594,6444.49671557941,1727.15090435802,"DH_ex_Sox5",1,"excitatory",5,"male","M4",2,"0610_M4_L"
"2707604800240100120","20240415",1987.90222167969,2632.01187101164,6144.1206439822,"endothelial",NA,NA,NA,"male","M1",4,"0415_M1_T"
"2787889600197100126","20240503",3432.8515625,7140.82729432639,7402.30869613306,"oligodendrocyte_2",NA,NA,NA,"male","M5",4,"0503_M5_T"
"2787445900206100149","20240503",3464.12329101562,6089.14951084962,1456.64221411711,"MV_ex_Syt2",4,"excitatory",14,"female","F5",1,"0503_F5_C"
"2796212800920100202","20240613",3833.794921875,9309.2240542639,7979.39225844725,"astrocyte_1",NA,NA,NA,"female","F4",1,"0613_F4_C"
"2787445900700100017","20240503",1811.22094726562,9643.54586465273,5062.37449792397,"meninges_3",NA,NA,NA,"female","F3",1,"0503_F3_C"
"2787889600362100073","20240503",3256.93334960938,2895.68347870608,8608.71062275855,"MV_in_Sema5b",4,"inhibitory",15,"male","M5",3,"0503_M5_S"
"2707604800445100225","20240415",3693.10961914062,1230.25634367508,8969.39236326382,"oligodendrocyte_progenitor_2",NA,NA,NA,"male","M1",1,"0415_M1_C"
"2656143800104100148","20240328",1756.21044921875,2255.20581648366,3580.07306433853,"oligodendrocyte_progenitor_2",NA,NA,NA,"male","M3",1,"0328_M3_C"
"2787445900509100078","20240503",1024.77355957031,7902.56932377093,3792.25622102493,"meninges_1",NA,NA,NA,"female","F3",1,"0503_F3_C"
"2796212800109100145","20240613",4599.80419921875,6421.1396579938,888.775459131342,"oligodendrocyte_1",NA,NA,NA,"female","F5",3,"0613_F5_S"
"2707604800182100044","20240415",1651.79663085938,3948.70781316282,5230.14045579685,"meninges_1",NA,NA,NA,"male","M1",2,"0415_M1_L"
"2787445900696100057","20240503",630.195678710938,8356.62823595374,5041.81200795308,"oligodendrocyte_2",NA,NA,NA,"female","F3",1,"0503_F3_C"
"2787445900243100229","20240503",3414.88134765625,5833.91028133209,1848.62306132645,"oligodendrocyte_1",NA,NA,NA,"female","F5",1,"0503_F5_C"
"2787445900624100133","20240503",2300.46508789062,9006.39851259312,4616.66362494825,"oligodendrocyte_progenitor_2",NA,NA,NA,"female","F3",1,"0503_F3_C"
"2796212800595100220","20240613",4010.06420898438,7905.98482616246,5215.17499659513,"astrocyte_1",NA,NA,NA,"female","F4",4,"0613_F4_T"
"2726544600456100096","20240422",3419.8544921875,3878.40054062483,11313.2647747094,"oligodendrocyte_progenitor_1",NA,NA,NA,"female","F1",2,"0422_F1_L"
"2707604700067200029","20240415",1801.93090820312,7346.70720037262,5771.96844048402,"ependymal",NA,NA,NA,"male","M3",3,"0415_M3_S"
"2787889600095100205","20240503",1545.74572753906,8751.50030062976,6533.132221785,"endothelial",NA,NA,NA,"male","M5",1,"0503_M5_C"
"2796212800374100015","20240613",731.096374511719,8956.21820999309,2968.91708859114,"alpha_motoneuron",NA,NA,22,"female","F5",4,"0613_F5_T"
"2796212800046100088","20240613",1499.30383300781,6646.78278397024,295.753187525668,"oligodendrocyte_progenitor_2",NA,NA,NA,"female","F5",3,"0613_F5_S"
"2795584800386200020","20240610",6554.650390625,7436.25249760773,6592.15075815792,"astrocyte_1",NA,NA,NA,"female","F4",2,"0610_F4_L"
"2787445900397100094","20240503",1755.06164550781,7799.24175767542,2790.24944122371,"endothelial",NA,NA,NA,"female","F4",1,"0503_F4_C"
"2796212800945100206","20240613",2110.81079101562,7480.36317311972,8214.5089267547,"MV_in_Esrrb",4,"inhibitory",14,"female","F3",1,"0613_F3_C"
"2946331700000000560","20240415",3922.28393554688,7815.92272408758,424.786406835367,"astrocyte_2",NA,NA,NA,"female","F2",1,"0415_F2_C"
"2787445900440100096","20240503",1056.89001464844,9453.85348008724,3196.34828772864,"meninges_1",NA,NA,NA,"female","F4",1,"0503_F4_C"
"2656143800079100018","20240328",1670.17321777344,2295.5728481644,3191.63807513705,"MV_ex_Syt2",4,"excitatory",14,"male","M3",1,"0328_M3_C"
"2796212800530100028","20240613",2327.72119140625,7628.44771215133,4538.61619623215,"astrocyte_1",NA,NA,NA,"female","F4",4,"0613_F4_T"
"2656144900238100093","20240328",3090.78686523438,6928.69489859878,2563.41496626413,"DH_ex_Grp",1,"excitatory",6,"male","M2",1,"0328_M2_C"
"2796212800889100116","20240613",1601.79370117188,9723.06511367671,7562.70780177019,"MV_ex_Syt2",4,"excitatory",14,"female","F4",1,"0613_F4_C"
"2787445900364100130","20240503",5309.392578125,8715.36005321494,2637.34327351401,"astrocyte_1",NA,NA,NA,"female","F4",1,"0503_F4_C"
"2795103300197100223","20240610",2210.38452148438,6372.60529729107,1506.74739277206,"MV_ex_Syt2",4,"excitatory",14,"male","M4",2,"0610_M4_L"
"2707604000110100065","20240415",1893.38586425781,5821.71175444868,9388.10653326805,"endothelial",NA,NA,NA,"male","M3",4,"0415_M3_T"
"2946331700000014193","20240415",3004.23291015625,10786.6186804598,2553.64544195213,"oligodendrocyte_2",NA,NA,NA,"female","F2",2,"0415_F2_L"
"2707604000086100312","20240415",2333.42163085938,7538.59650236811,9033.66597731877,"astrocyte_1",NA,NA,NA,"male","M3",2,"0415_M3_L"
"2795903600614100222","20240613",2154.1240234375,4577.12152233638,10425.6860054143,"endothelial",NA,NA,NA,"male","M4",1,"0613_M4_C"
"2656144300164100022","20240328",3493.6650390625,8675.11420295038,12163.7307417479,"oligodendrocyte_progenitor_2",NA,NA,NA,"female","F2",2,"0328_F2_L"
"2795584800677100046","20240610",2997.5625,8183.47648550518,8870.20692811459,"astrocyte_2",NA,NA,NA,"female","F5",2,"0610_F5_L"
"2795584800457100271","20240610",5003.560546875,7075.81709028914,7376.3506630388,"oligodendrocyte_progenitor_1",NA,NA,NA,"female","F4",2,"0610_F4_L"
"2796212800887200134","20240613",4372.8408203125,9212.11362612247,7693.89349174505,"astrocyte_1",NA,NA,NA,"female","F4",1,"0613_F4_C"
"2796212800570100205","20240613",3481.06616210938,9944.10247512348,4850.81537016982,"DH_ex_Prkcg/Rxfp1",1,"excitatory",6,"female","F5",1,"0613_F5_C"
"2795903600488100062","20240613",3509.63159179688,5695.53796825363,8872.87705054066,"oligodendrocyte_2",NA,NA,NA,"male","M5",1,"0613_M5_C"
"2656144900184100149","20240328",2103.50805664062,6584.19812315543,2113.9813889488,"oligodendrocyte_progenitor_2",NA,NA,NA,"male","M2",1,"0328_M2_C"
"2796212800693100168","20240613",232.667739868164,8653.84414729662,6003.76602673705,"meninges_3",NA,NA,NA,"female","F4",1,"0613_F4_C"
"2796212800855100031","20240613",1258.53405761719,9095.51594220661,7185.07467089378,"oligodendrocyte_2",NA,NA,NA,"female","F4",1,"0613_F4_C"
"2726562800039100112","20240422",3074.71875,4620.96973543577,2543.9714778589,"DM_ex_Zfhx3",2,"excitatory",11,"male","M2",1,"0422_M2_C"
"2656144900246100036","20240328",1084.0390625,9289.29439599034,2451.96625060952,"MV_ex_Shox2",4,"excitatory",18,"male","M1",1,"0328_M1_C"
"2707604800059100134","20240415",3304.7724609375,4989.33648335165,3698.14940097556,"MV_in_Gabra1",4,"inhibitory",16,"male","M1",2,"0415_M1_L"
"2656143800103100207","20240328",1255.06787109375,1955.90208975946,3742.06634716847,"astrocyte_1",NA,NA,NA,"male","M3",1,"0328_M3_C"
"2795584800384100230","20240610",2629.24072265625,6870.2402688376,6805.28118628227,"M_ex_Vsx2/Shox2",3,"excitatory",20,"female","F4",2,"0610_F4_L"
"2787889600231100307","20240503",551.927551269531,6430.57628973771,7659.87557162513,"MV_in_Esrrb",4,"inhibitory",14,"male","M5",4,"0503_M5_T"
"2796212800914100220","20240613",2978.75854492188,7648.6095267795,7928.64031008328,"astrocyte_1",NA,NA,NA,"female","F3",1,"0613_F3_C"
"2707604800102100073","20240415",2982.50927734375,5269.89848727931,4106.71295274654,"astrocyte_1",NA,NA,NA,"male","M1",2,"0415_M1_L"
"2787445900840100059","20240503",1527.37951660156,7290.44676575263,6278.84575488914,"microglia",NA,NA,NA,"male","M5",1,"0503_M5_C"
"2656144900503100235","20240328",3094.41333007812,8567.33906916216,5478.64064981055,"MV_ex_Syt2",4,"excitatory",14,"male","M2",2,"0328_M2_L"
"2795584800136100143","20240610",3869.35791015625,7938.29603592248,4784.91751203049,"oligodendrocyte_2",NA,NA,NA,"female","F3",3,"0610_F3_S"
"2795584800154100202","20240610",3976.56518554688,2837.40638000797,5069.60585931284,"oligodendrocyte_progenitor_2",NA,NA,NA,"female","F3",1,"0610_F3_C"
"2707604000043100137","20240415",2805.87915039062,8102.49716573968,8132.43827768089,"DH_ex_Reln/Npff",1,"excitatory",1,"male","M3",2,"0415_M3_L"
"2787445900253100069","20240503",3098.20336914062,8681.82863951172,1654.10475280648,"DH_ex_Nmu/Tac2",1,"excitatory",8,"female","F4",1,"0503_F4_C"
"2946331700000022140","20240415",2906.5078125,10953.3645525511,4200.09565814678,"DH_ex_Prkcg/Cck",1,"excitatory",8,"female","F2",2,"0415_F2_L"
"2795103300233100064","20240610",1417.1669921875,6654.53256415541,1620.80368818814,"endothelial",NA,NA,NA,"male","M4",2,"0610_M4_L"
"2795103300192100032","20240610",1361.22033691406,4980.93950007073,1313.11540608387,"DH_ex_Nmu/Tac2",1,"excitatory",8,"male","M4",4,"0610_M4_T"
"2795103300165100044","20240610",4053.75024414062,7281.63840591878,1098.23418812972,"oligodendrocyte_progenitor_2",NA,NA,NA,"male","M4",2,"0610_M4_L"
"2795584800400100374","20240610",2303.39013671875,1324.13873624611,7075.87080989212,"MV_in_Sema5b",4,"inhibitory",15,"female","F4",1,"0610_F4_C"
"2656144900566100136","20240328",1966.52404785156,11608.2717010088,6039.70073210664,"Schwann_cell",NA,NA,NA,"male","M1",2,"0328_M1_L"
"2787445900368100029","20240503",1280.65673828125,9768.06270297454,2500.64535386593,"DH_ex_Tac2",1,"excitatory",8,"female","F4",1,"0503_F4_C"
"2787445900206100256","20240503",1400.7666015625,6017.51533748803,1561.49150869399,"astrocyte_1",NA,NA,NA,"female","F5",1,"0503_F5_C"
"2795584800715100032","20240610",2031.0830078125,8724.82697297609,9158.60664528202,"oligodendrocyte_2",NA,NA,NA,"female","F5",3,"0610_F5_S"
"2795903600436100138","20240613",3453.57006835938,5574.05739756819,8400.05194098706,"oligodendrocyte_progenitor_2",NA,NA,NA,"male","M5",1,"0613_M5_C"
"2707604700342100102","20240415",1595.43103027344,3763.93734846875,9158.94155152445,"oligodendrocyte_progenitor_2",NA,NA,NA,"male","M2",1,"0415_M2_C"
"2787445900289100027","20240503",2358.37744140625,8412.94741516176,1869.2640866556,"DM_ex_Zfhx3",2,"excitatory",11,"female","F4",1,"0503_F4_C"
"2656144900489100179","20240328",1753.31079101562,11933.7943953715,5235.11411205128,"oligodendrocyte_progenitor_2",NA,NA,NA,"male","M1",3,"0328_M1_S"
"2787445900549100176","20240503",1020.04779052734,8736.40400787047,3928.3132921496,"DH_in_Cdh3",1,"inhibitory",10,"female","F3",1,"0503_F3_C"
"2787889600555100028","20240503",3093.41870117188,6517.62285228027,9972.33867621909,"oligodendrocyte_2",NA,NA,NA,"male","M4",2,"0503_M4_L"
"2656144900422100060","20240328",2078.04370117188,7576.46844127249,4448.25037577283,"M_ex_Vsx2",3,"excitatory",20,"male","M2",4,"0328_M2_T"
"2787445900751100108","20240503",5012.7666015625,3232.99269318633,5735.81543666302,"MV_in_Gm26673",4,"inhibitory",19,"female","F3",2,"0503_F3_L"
"2795584800462100162","20240610",2343.99829101562,8435.17603345908,7398.27990229173,"DH_in_Pdyn",1,"inhibitory",2,"female","F4",3,"0610_F4_S"
"2787889600091100100","20240503",3495.78393554688,7780.99254687433,6557.77743911263,"endothelial",NA,NA,NA,"male","M5",1,"0503_M5_C"
"2787889600388100134","20240503",2647.77514648438,10159.7321837526,8715.48439108601,"astrocyte_1",NA,NA,NA,"male","M4",1,"0503_M4_C"
"2795903600194100112","20240613",3910.64404296875,3517.00715104862,5833.49863892497,"MV_in_Chrna2",4,"inhibitory",19,"male","M5",2,"0613_M5_L"
"2707604700342100085","20240415",4143.908203125,3692.22848719137,9148.22581358935,"MV_in_Sema5b",4,"inhibitory",15,"male","M2",1,"0415_M2_C"
"2787445900265100127","20240503",4036.10205078125,1621.30922819875,1947.77576348593,"peripheral_glia",NA,NA,NA,"female","F5",2,"0503_F5_L"
"2795103300063100196","20240610",2870.3896484375,8170.79862365866,440.603144907975,"DH_in_Npy",1,"inhibitory",4,"male","M4",3,"0610_M4_S"
"2795584800149100350","20240610",5156.00146484375,1475.84179147061,5130.36742037756,"MV_in_Sema5b",4,"inhibitory",15,"female","F3",1,"0610_F3_C"
"2795903600668100127","20240613",1873.48974609375,5063.1296238222,10870.6113754937,"endothelial",NA,NA,NA,"male","M4",1,"0613_M4_C"
"2795903600353100318","20240613",1498.65625,4373.57906469054,7656.27803164814,"endothelial",NA,NA,NA,"male","M5",4,"0613_M5_T"
"2796212800264100149","20240613",3628.1865234375,4856.92219538707,2268.96645404224,"oligodendrocyte_1",NA,NA,NA,"female","F4",3,"0613_F4_S"
"2787445900400100117","20240503",4316.19970703125,8632.65465136827,2837.61327002579,"MV_in_Esrrb",4,"inhibitory",14,"female","F4",1,"0503_F4_C"
"2707604800221100052","20240415",2153.31420898438,3105.76213794807,5853.06040454609,"oligodendrocyte_2",NA,NA,NA,"male","M1",4,"0415_M1_T"
"2707604700224100044","20240415",1827.11206054688,4161.40680109744,7735.33566247218,"oligodendrocyte_progenitor_2",NA,NA,NA,"male","M2",4,"0415_M2_T"
"2787445900752100098","20240503",4065.38134765625,3444.02397781581,5645.79458431492,"astrocyte_1",NA,NA,NA,"female","F3",2,"0503_F3_L"
"2787889600581100022","20240503",2256.78002929688,3825.02311861597,10239.4662966397,"DH_in_Cdh3",1,"inhibitory",10,"male","M4",3,"0503_M4_S"
"2707604000057100130","20240415",1799.31274414062,8001.51538434727,8300.39235899389,"oligodendrocyte_progenitor_2",NA,NA,NA,"male","M3",2,"0415_M3_L"
"2726544600029100174","20240422",3498.58227539062,769.487335843598,6865.55776076484,"endothelial",NA,NA,NA,"female","F1",1,"0422_F1_C"
"2656144900086100045","20240328",2652.76611328125,8208.41427748401,813.512856240821,"oligodendrocyte_1",NA,NA,NA,"male","M1",1,"0328_M1_C"
"2656144900377100073","20240328",3407.40454101562,9595.22567674486,3880.84568550336,"astrocyte_1",NA,NA,NA,"male","M1",4,"0328_M1_T"
"2795584800166200086","20240610",3913.67700195312,6159.36005838268,5051.8812944651,"oligodendrocyte_progenitor_2",NA,NA,NA,"female","F3",2,"0610_F3_L"
"2796212801016100049","20240613",4075.78784179688,9360.76853682473,8638.07968243468,"meninges_1",NA,NA,NA,"female","F4",1,"0613_F4_C"
"2787889600094100267","20240503",3699.85620117188,8365.39793075621,6529.20934294429,"cholinergic_interneuron",NA,NA,21,"male","M5",1,"0503_M5_C"
"2795903600113100201","20240613",721.97265625,2742.58446780966,5099.8507985131,"M_ex_Vsx2",3,"excitatory",20,"male","M5",2,"0613_M5_L"
"2795903600032100071","20240613",692.122680664062,1733.12014501533,4076.09415073693,"MV_in_Sema5b",4,"inhibitory",15,"male","M5",3,"0613_M5_S"
"2795103300163100169","20240610",3475.90307617188,6874.42287764821,1219.50732937607,"oligodendrocyte_progenitor_2",NA,NA,NA,"male","M4",2,"0610_M4_L"
"2946331700000003185","20240415",2365.53881835938,8664.50598572206,985.369411885215,"MV_in_Gabra1",4,"inhibitory",16,"female","F2",1,"0415_F2_C"
"2787889600617100209","20240503",2060.57250976562,3838.48674816568,10748.6443018524,"oligodendrocyte_progenitor_2",NA,NA,NA,"male","M4",3,"0503_M4_S"
"2787889600486100100","20240503",3994.72924804688,7286.61024465039,9515.91543079058,"alpha_motoneuron",NA,NA,22,"male","M4",4,"0503_M4_T"
"2795584800419100209","20240610",1489.80798339844,6524.67679964955,6987.76259821764,"MV_in_Esrrb",4,"inhibitory",14,"female","F4",2,"0610_F4_L"
"2787445900390100041","20240503",1811.4111328125,5572.74751354835,2713.54963552029,"DH_ex_Maf/Cpne4",1,"excitatory",10,"female","F4",4,"0503_F4_T"
"2945606900000004564","20240328",1149.16638183594,700.325326585997,5531.60552940011,"DM_ex_Zfhx3",2,"excitatory",11,"female","F1",1,"0328_F1_C"
"2707604700035100119","20240415",3498.93872070312,5169.0252577918,5638.77757210238,"oligodendrocyte_progenitor_2",NA,NA,NA,"male","M2",2,"0415_M2_L"
"2787445900398100083","20240503",4381.45263671875,7935.16540955042,2840.76096718491,"microglia",NA,NA,NA,"female","F4",1,"0503_F4_C"
"2707604800322100110","20240415",1590.60888671875,2090.80605107761,7301.32929532602,"Schwann_cell",NA,NA,NA,"male","M1",1,"0415_M1_C"
"2787445900821100034","20240503",3370.62475585938,2140.08033293029,6185.52593419955,"DH_ex_Reln",1,"excitatory",6,"female","F3",3,"0503_F3_S"
"2656144900537200153","20240328",1255.45568847656,10621.7587401288,5795.62925499582,"oligodendrocyte_progenitor_2",NA,NA,NA,"male","M1",2,"0328_M1_L"
"2707737900099100094","20240415",4866.5732421875,10610.2496255634,9823.32735659648,"astrocyte_1",NA,NA,NA,"female","F1",2,"0415_F1_L"
"2796212800462100157","20240613",1570.91638183594,6661.95025840122,4015.32648557564,"astrocyte_1",NA,NA,NA,"female","F4",2,"0613_F4_L"
"2787889600480100113","20240503",1755.7607421875,5773.14734451845,9513.21572534674,"oligodendrocyte_progenitor_2",NA,NA,NA,"male","M4",2,"0503_M4_L"
"2787889600194100119","20240503",3299.31860351562,6144.0535988328,7374.09319378194,"oligodendrocyte_progenitor_2",NA,NA,NA,"male","M5",4,"0503_M5_T"
"2795903600143100135","20240613",1753.47644042969,3621.3564272185,5252.93353860473,"astrocyte_1",NA,NA,NA,"male","M5",2,"0613_M5_L"
"2795103300200100048","20240610",3925.06982421875,7303.22332830931,1348.98604966304,"astrocyte_2",NA,NA,NA,"male","M4",2,"0610_M4_L"
"2787445900205100076","20240503",3420.76391601562,5811.52090764209,1448.47018720731,"microglia",NA,NA,NA,"female","F5",1,"0503_F5_C"
"2795903600641100188","20240613",5156.75390625,4919.96871174377,10651.0144451031,"astrocyte_1",NA,NA,NA,"male","M4",1,"0613_M4_C"
"2787445900837100051","20240503",3551.1904296875,6606.88091762247,6126.01776006681,"Schwann_cell",NA,NA,NA,"female","F3",4,"0503_F3_T"
"2795584800124100044","20240610",2997.41162109375,4682.08056924728,4607.60713454435,"astrocyte_1",NA,NA,NA,"female","F3",4,"0610_F3_T"
"2707604800142100150","20240415",1630.23986816406,4482.67694176512,4804.46483505564,"oligodendrocyte_precursor_cell",NA,NA,NA,"male","M1",2,"0415_M1_L"
"2796212800362100078","20240613",3459.74072265625,5465.24989471305,3119.42940007069,"oligodendrocyte_progenitor_2",NA,NA,NA,"female","F4",2,"0613_F4_L"
"2707604700367100051","20240415",2251.27758789062,3816.61433181695,9388.40048837676,"DH_in_Cdh3",1,"inhibitory",10,"male","M2",1,"0415_M2_C"
"2787445900681100170","20240503",3496.44287109375,4200.79232071753,5079.04284236138,"DH_ex_Maf/Cck",1,"excitatory",10,"female","F3",2,"0503_F3_L"
"2787445900756100063","20240503",2298.97045898438,4501.05659858248,5574.95303304329,"oligodendrocyte_progenitor_2",NA,NA,NA,"female","F3",2,"0503_F3_L"
"2795103300367100017","20240610",2245.33959960938,5157.2228358658,2703.45028797328,"MV_in_Sema5b",4,"inhibitory",15,"male","M5",4,"0610_M5_T"
"2795903600541100205","20240613",958.579711914062,5946.12739402679,9570.23221844428,"alpha_motoneuron",NA,NA,22,"male","M5",1,"0613_M5_C"
"2796212800456100252","20240613",661.034973144531,4908.39066382963,3995.4894773874,"MV_in_Gm26673",4,"inhibitory",19,"female","F3",2,"0613_F3_L"
"2707604700068100182","20240415",1834.79260253906,7660.83524526321,5880.19750809018,"astrocyte_1",NA,NA,NA,"male","M3",3,"0415_M3_S"
"2795584800638200099","20240610",2173.9609375,7541.15806256357,8705.81435114877,"alpha_motoneuron",NA,NA,22,"female","F5",2,"0610_F5_L"
"2946331700000017329","20240415",2828.240234375,10637.858933261,3082.63824896948,"oligodendrocyte_1",NA,NA,NA,"female","F2",2,"0415_F2_L"
"2796212800631100018","20240613",4430.2255859375,9100.1490824502,5228.11849072593,"oligodendrocyte_precursor_cell",NA,NA,NA,"female","F5",1,"0613_F5_C"
"2707604700067100218","20240415",1460.87768554688,7276.46234499378,5948.68188685284,"MV_ex_Syt2",4,"excitatory",14,"male","M3",3,"0415_M3_S"
"2707604700272100141","20240415",2822.73608398438,4061.81087334846,8373.84732868767,"oligodendrocyte_progenitor_2",NA,NA,NA,"male","M2",4,"0415_M2_T"
"2796212800080100016","20240613",900.134094238281,7097.31208414398,457.648345471127,"DM_ex_Zfhx3",2,"excitatory",11,"female","F5",3,"0613_F5_S"
"2707604000155100045","20240415",3493.33203125,5854.94871412171,10210.3785234829,"DH_in_Npy",1,"inhibitory",4,"male","M3",4,"0415_M3_T"
"2796212800424200052","20240613",2554.4306640625,4963.86847833544,3803.24466310383,"DH_in_Pdyn",1,"inhibitory",2,"female","F3",2,"0613_F3_L"
"2796212800553100258","20240613",2716.26733398438,5302.68121096399,4902.62385347555,"DH_ex_Maf/Cck",1,"excitatory",10,"female","F3",2,"0613_F3_L"
"2945606900000003612","20240328",2411.51049804688,1487.85884863048,5323.76957651146,"endothelial",NA,NA,NA,"female","F1",1,"0328_F1_C"
"2656144900110100185","20240328",701.218566894531,7712.32496480462,1239.77379465831,"DH_in_Pdyn",1,"inhibitory",2,"male","M1",1,"0328_M1_C"
"2787889600384100095","20240503",2285.974609375,9036.58777329349,8685.54626801342,"astrocyte_1",NA,NA,NA,"male","M4",1,"0503_M4_C"
"2795584800709100079","20240610",2523.56591796875,7024.05686025589,9131.70769658904,"M_in_Tfap2b",3,"inhibitory",12,"female","F5",2,"0610_F5_L"
"2787445900717100195","20240503",1889.55981445312,3886.0467774737,5433.90183807496,"M_in_Tfap2b",3,"inhibitory",12,"female","F3",2,"0503_F3_L"
"2707604700249100037","20240415",3258.701171875,4373.17527419626,7964.0050590834,"MV_in_Sema5b",4,"inhibitory",15,"male","M2",4,"0415_M2_T"
"2787889600405100195","20240503",1579.888671875,4853.36629650916,8967.12714520055,"DH_ex_Prkcg/Rxfp1",1,"excitatory",6,"male","M4",2,"0503_M4_L"
"2707604800384100151","20240415",1907.56311035156,1788.0490708329,8112.90226706688,"DH_ex_Rreb1",1,"excitatory",10,"male","M1",1,"0415_M1_C"
"2787889600196100090","20240503",2529.69677734375,6696.85935984552,7277.5780880418,"oligodendrocyte_precursor_cell",NA,NA,NA,"male","M5",4,"0503_M5_T"
"2656143800127100130","20240328",1558.734375,1696.06429807746,4001.61424894165,"DH_ex_Reln/Nmur2",1,"excitatory",3,"male","M3",1,"0328_M3_C"
"2946331700000000304","20240415",2825.19677734375,8693.19244208338,170.636986316124,"astrocyte_1",NA,NA,NA,"female","F2",1,"0415_F2_C"
"2656144900237100079","20240328",2241.46459960938,6849.93653982747,2505.27026289841,"oligodendrocyte_progenitor_1",NA,NA,NA,"male","M2",1,"0328_M2_C"
"2787889600481100192","20240503",1970.56237792969,5943.35294002132,9592.71254517471,"oligodendrocyte_1",NA,NA,NA,"male","M4",2,"0503_M4_L"
"2795903600410100025","20240613",3345.58740234375,5817.17057316078,8022.35456024889,"oligodendrocyte_precursor_cell",NA,NA,NA,"male","M5",1,"0613_M5_C"
"2787445900253100197","20240503",2357.55590820312,8738.2130884761,1750.11894040258,"DH_ex_Cpne4",1,"excitatory",3,"female","F4",1,"0503_F4_C"
"2707604000055100048","20240415",2434.10009765625,7350.72278026509,8238.19775929004,"oligodendrocyte_progenitor_2",NA,NA,NA,"male","M3",2,"0415_M3_L"
"2795103300155100193","20240610",758.965270996094,4647.84914218955,1192.57208220451,"DH_in_Kcnip2",1,"inhibitory",9,"male","M4",4,"0610_M4_T"
"2795903600541100227","20240613",4007.90234375,5925.77963912152,9616.52219792616,"oligodendrocyte_progenitor_2",NA,NA,NA,"male","M5",1,"0613_M5_C"
"2656144900211100045","20240328",2244.55029296875,6840.65699297099,2210.41865871925,"oligodendrocyte_precursor_cell",NA,NA,NA,"male","M2",1,"0328_M2_C"
"2946331700000010986","20240415",3007.1630859375,10052.2910693433,2162.55610972078,"microglia",NA,NA,NA,"female","F2",4,"0415_F2_T"
"2787445900771100033","20240503",1309.54821777344,8895.64435657777,5715.46897933916,"meninges_1",NA,NA,NA,"male","M5",1,"0503_M5_C"
"2707737900047100174","20240415",3658.78271484375,10478.6697214862,8837.48473912966,"endothelial",NA,NA,NA,"female","F1",2,"0415_F1_L"
"2795103300121100090","20240610",5893.12548828125,4806.92033318005,864.949413348921,"astrocyte_1",NA,NA,NA,"male","M4",4,"0610_M4_T"
"2795103300298100028","20240610",4626.9892578125,5420.18623973662,2165.98459416334,"oligodendrocyte_2",NA,NA,NA,"male","M5",4,"0610_M5_T"
"2787445900322100059","20240503",3468.92846679688,7408.57455697982,2195.30278071255,"endothelial",NA,NA,NA,"female","F4",1,"0503_F4_C"
"2726543700195100105","20240422",3157.935546875,1399.33969783804,5335.95454211318,"oligodendrocyte_1",NA,NA,NA,"male","M3",1,"0422_M3_C"
"2787889600422100129","20240503",5601.0107421875,9748.91876577586,8983.89261771078,"oligodendrocyte_2",NA,NA,NA,"male","M4",1,"0503_M4_C"
"2795584800472100176","20240610",2857.56518554688,1258.04083143974,7538.46073757025,"meninges_1",NA,NA,NA,"female","F4",1,"0610_F4_C"
"2656144900583100141","20240328",1615.86169433594,9094.18070554367,6215.52268376401,"oligodendrocyte_progenitor_2",NA,NA,NA,"male","M2",2,"0328_M2_L"
"2795903600057100084","20240613",651.877075195312,1534.93591352151,4393.8461465367,"gamma_motoneuron",NA,NA,22,"male","M5",3,"0613_M5_S"
"2707737900095200015","20240415",3605.1396484375,9585.50169368568,9947.7965252127,"meninges_2",NA,NA,NA,"female","F1",2,"0415_F1_L"
"2796212800585100061","20240613",2334.09375,5286.07584709302,4959.43080108124,"MV_ex_Shox2",4,"excitatory",18,"female","F3",2,"0613_F3_L"
"2787889600450100068","20240503",2607.25659179688,7447.33932193322,9158.10104407872,"astrocyte_1",NA,NA,NA,"male","M4",4,"0503_M4_T"
"2787889600127100038","20240503",1950.52612304688,7664.82231238764,6625.17701952078,"gamma_motoneuron",NA,NA,22,"male","M5",1,"0503_M5_C"
"2796212800109100153","20240613",3393.92407226562,6313.45635703858,903.622786564287,"endothelial",NA,NA,NA,"female","F5",3,"0613_F5_S"
"2787445900550100265","20240503",4140.77490234375,9199.98553120578,4042.03200761764,"oligodendrocyte_2",NA,NA,NA,"female","F3",1,"0503_F3_C"
"2795103300194100255","20240610",1935.18884277344,5602.64128977276,1483.43696740788,"DH_ex_Tac2",1,"excitatory",8,"male","M4",2,"0610_M4_L"
"2787889600160100005","20240503",2625.23803710938,6837.19220408751,6988.57293000942,"Schwann_cell",NA,NA,NA,"male","M5",4,"0503_M5_T"
"2795584800493100085","20240610",1884.71057128906,7056.57335831982,7446.09057817918,"DH_in_Cdh3",1,"inhibitory",10,"female","F4",2,"0610_F4_L"
"2787889600580100140","20240503",2530.04443359375,3463.21337620949,10373.9493043915,"oligodendrocyte_precursor_cell",NA,NA,NA,"male","M4",3,"0503_M4_S"
"2787445900358100017","20240503",3065.11865234375,7029.37328206957,2421.36668864446,"oligodendrocyte_2",NA,NA,NA,"female","F4",1,"0503_F4_C"
"2796212800249100014","20240613",1414.02270507812,9659.00594309904,1958.73102972913,"oligodendrocyte_progenitor_1",NA,NA,NA,"female","F5",4,"0613_F5_T"
"2656144900033100041","20240328",2120.16137695312,7922.58239802523,351.960194173793,"meninges_1",NA,NA,NA,"male","M1",1,"0328_M1_C"
"2945606900000028832","20240328",2031.07275390625,5456.92681195814,9973.04468157711,"DH_ex_Prkcg/Cck",1,"excitatory",8,"female","F1",3,"0328_F1_S"
"2787889600389100019","20240503",4839.90673828125,10404.4255173244,8556.74011159359,"alpha_motoneuron",NA,NA,22,"male","M4",1,"0503_M4_C"
"2795903600141100114","20240613",838.929016113281,3128.04698025131,5239.50154944428,"M_ex_Vsx2/Shox2",3,"excitatory",20,"male","M5",2,"0613_M5_L"
"2787889600165100015","20240503",4051.28833007812,8293.95319813257,6864.13493843659,"oligodendrocyte_2",NA,NA,NA,"male","M5",1,"0503_M5_C"
"2795903600590100281","20240613",2509.80517578125,5003.25340690001,10159.9335802488,"MV_in_Gabra1",4,"inhibitory",16,"male","M4",1,"0613_M4_C"
"2707604000042100196","20240415",3788.74731445312,8004.77610288656,8108.19323258077,"microglia",NA,NA,NA,"male","M3",2,"0415_M3_L"
"2787889600055100062","20240503",1870.62097167969,7684.75343661406,6273.00958636621,"oligodendrocyte_2",NA,NA,NA,"male","M5",1,"0503_M5_C"
"2795903600158100065","20240613",1626.08764648438,610.815663473284,5586.97981594817,"oligodendrocyte_progenitor_2",NA,NA,NA,"male","M4",3,"0613_M4_S"
"2707604700316100053","20240415",2787.9853515625,3111.84395927931,8944.76300220861,"pericyte",NA,NA,NA,"male","M2",1,"0415_M2_C"
"2787889600056100092","20240503",2324.20092773438,7841.37572717341,6103.23311888127,"MV_ex_Syt2",4,"excitatory",14,"male","M5",1,"0503_M5_C"
"2795584800435100149","20240610",2840.77514648438,1043.58158016833,7251.74562674471,"astrocyte_1",NA,NA,NA,"female","F4",1,"0610_F4_C"
"2787445900434100147","20240503",2588.16088867188,7586.07689091575,3259.62313846723,"oligodendrocyte_2",NA,NA,NA,"female","F4",1,"0503_F4_C"
"2787889600545100073","20240503",2330.12280273438,3775.72291401442,10077.8327470893,"astrocyte_1",NA,NA,NA,"male","M4",3,"0503_M4_S"
"2795103300411100201","20240610",5600.4248046875,7651.79873593262,3219.74221208642,"oligodendrocyte_progenitor_2",NA,NA,NA,"male","M5",2,"0610_M5_L"
"2787889600280100049","20240503",2979.28857421875,10282.7703083693,7716.02922675773,"DH_ex_Prkcg/Nts",1,"excitatory",8,"male","M4",1,"0503_M4_C"
"2656144300149200031","20240328",4495.54248046875,11081.0861308544,11901.824494044,"oligodendrocyte_2",NA,NA,NA,"female","F2",4,"0328_F2_T"
"2946331700000008179","20240415",1751.23657226562,9043.4067152426,1672.77959532733,"DH_in_Pdyn/Gal",1,"inhibitory",5,"female","F2",1,"0415_F2_C"
"2656144900404100023","20240328",1401.583984375,9727.98458681046,4122.82840923594,"DH_ex_Prkcg/Cck",1,"excitatory",8,"male","M1",4,"0328_M1_T"
"2796212800626200036","20240613",2753.66723632812,7752.83338800259,5259.28972218651,"oligodendrocyte_progenitor_2",NA,NA,NA,"female","F4",4,"0613_F4_T"
"2787445900284100090","20240503",560.376770019531,7209.61633002036,1910.53598812915,"DH_ex_Prkcg/Nts",1,"excitatory",8,"female","F4",1,"0503_F4_C"
"2787889600348100027","20240503",1817.51831054688,9065.12902498781,8276.14631534531,"endothelial",NA,NA,NA,"male","M4",1,"0503_M4_C"
"2787889600325100080","20240503",1999.89965820312,2623.38904708145,8369.67527860246,"DH_in_Npy2r",1,"inhibitory",9,"male","M5",3,"0503_M5_S"
"2946331700000012393","20240415",1608.98620605469,10228.0601580668,2219.79423162865,"astrocyte_1",NA,NA,NA,"female","F2",4,"0415_F2_T"
"2787445900323100159","20240503",3935.24096679688,7544.20757371327,2303.19199777229,"DM_ex_Zfhx3",2,"excitatory",11,"female","F4",1,"0503_F4_C"
"2795584800101100165","20240610",4692.06689453125,8265.01737516833,4472.98435218615,"alpha_motoneuron",NA,NA,22,"female","F3",3,"0610_F3_S"
"2795584800222100035","20240610",3239.58251953125,1686.36597603255,5471.99120040718,"oligodendrocyte_2",NA,NA,NA,"female","F3",1,"0610_F3_C"
"2787445900660100141","20240503",2323.24194335938,8866.24772036495,4812.40297705375,"gamma_motoneuron",NA,NA,22,"female","F3",1,"0503_F3_C"
"2787889600384100081","20240503",2862.7138671875,8954.15240709716,8669.67736524565,"oligodendrocyte_2",NA,NA,NA,"male","M4",1,"0503_M4_C"
"2946331700000012473","20240415",1537.63098144531,10057.0622069453,2322.14805504296,"DH_ex_Maf/Cck",1,"excitatory",10,"female","F2",4,"0415_F2_T"
"2656144900503100067","20240328",1930.10693359375,8386.93675444866,5312.33181325645,"DH_ex_Grpr",1,"excitatory",2,"male","M2",2,"0328_M2_L"
"2707737900132100054","20240415",3227.95361328125,9044.04606364194,10630.6685309033,"astrocyte_1",NA,NA,NA,"female","F1",4,"0415_F1_T"
"2946331700000015889","20240415",996.196960449219,10940.2173274761,2955.36098519401,"MV_in_Gm26673",4,"inhibitory",19,"female","F2",2,"0415_F2_L"
"2707604700365100101","20240415",2959.74731445312,3426.21945018452,9419.15290498696,"oligodendrocyte_1",NA,NA,NA,"male","M2",1,"0415_M2_C"
"2795103300234100140","20240610",756.015930175781,6904.00481216446,1729.48647992156,"DH_ex_Sox5",1,"excitatory",5,"male","M4",2,"0610_M4_L"
"2787445900173100064","20240503",3664.67163085938,7104.13424621243,1126.78839317945,"astrocyte_2",NA,NA,NA,"female","F5",1,"0503_F5_C"
"2656144900264100063","20240328",2048.39404296875,7154.85554996486,2763.7617199792,"oligodendrocyte_progenitor_2",NA,NA,NA,"male","M2",1,"0328_M2_C"
"2787445900581100192","20240503",4391.29443359375,7293.5637044952,4298.30351410397,"oligodendrocyte_2",NA,NA,NA,"female","F3",1,"0503_F3_C"
"2787445900588100088","20240503",3103.33520507812,9371.75213136314,4289.96402564563,"astrocyte_2",NA,NA,NA,"female","F3",1,"0503_F3_C"
"2787445900253100357","20240503",1033.33630371094,8836.99147570354,1854.52795367868,"oligodendrocyte_progenitor_2",NA,NA,NA,"female","F4",1,"0503_F4_C"
"2795103300382100169","20240610",734.371643066406,9333.96267583285,2853.8170639239,"DH_ex_Reln/Nmur2",1,"excitatory",3,"male","M5",3,"0610_M5_S"
"2796212800888100108","20240613",4092.07250976562,9550.04475444928,7538.26194222667,"astrocyte_1",NA,NA,NA,"female","F4",1,"0613_F4_C"
"2795103300233100283","20240610",2435.60815429688,6714.82909700781,1791.80893666192,"DH_ex_Grpr",1,"excitatory",2,"male","M4",2,"0610_M4_L"
"2787445900090100195","20240503",488.158874511719,4537.8253306261,674.108171687985,"astrocyte_1",NA,NA,NA,"female","F5",4,"0503_F5_T"
"2795584800434100110","20240610",2461.44506835938,716.407609508657,7225.75133796407,"DH_ex_Reln/Npff",1,"excitatory",1,"female","F4",1,"0610_F4_C"
"2795903600300100055","20240613",1659.40905761719,4083.22288830654,6873.29089978727,"DH_ex_Grp",1,"excitatory",6,"male","M5",4,"0613_M5_T"
"2795103300232100046","20240610",1609.11474609375,6517.8556722083,1607.79256709863,"MV_in_Gabra1",4,"inhibitory",16,"male","M4",2,"0610_M4_L"
"2787445900060100046","20240503",2616.0283203125,6424.78322338709,434.626558208925,"oligodendrocyte_2",NA,NA,NA,"female","F5",1,"0503_F5_C"
"2795103300411100067","20240610",3950.873046875,7564.13171500922,3054.35311757078,"astrocyte_1",NA,NA,NA,"male","M5",2,"0610_M5_L"
"2795103300119100042","20240610",3085.74926757812,4322.08170213515,759.108562973677,"endothelial",NA,NA,NA,"male","M4",4,"0610_M4_T"
"2787445900401100076","20240503",1646.53503417969,8650.50469822891,2794.92144927487,"endothelial",NA,NA,NA,"female","F4",1,"0503_F4_C"
"2656144900211200036","20240328",5007.38720703125,6717.96739697748,2212.18473953742,"oligodendrocyte_2",NA,NA,NA,"male","M2",1,"0328_M2_C"
"2656143800442100187","20240328",1288.78088378906,5884.25391414535,7349.54332329801,"DH_ex_Tac2",1,"excitatory",8,"male","M3",2,"0328_M3_L"
"2787889600276100061","20240503",2768.71069335938,9179.19179056445,7942.26905033638,"DH_in_Npy",1,"inhibitory",4,"male","M4",1,"0503_M4_C"
"2796212800822100176","20240613",3844.03588867188,8758.02069903351,7131.64248662052,"oligodendrocyte_1",NA,NA,NA,"female","F4",1,"0613_F4_C"
"2707604800343100130","20240415",1780.35412597656,2074.59456336842,7576.49990333198,"oligodendrocyte_1",NA,NA,NA,"male","M1",1,"0415_M1_C"
"2656144900503100201","20240328",3133.67895507812,8444.3193138608,5444.59477733058,"microglia",NA,NA,NA,"male","M2",2,"0328_M2_L"
"2946331700000020199","20240415",2938.76391601562,10968.6686489492,3831.94966227183,"M_in_Tfap2b",3,"inhibitory",12,"female","F2",2,"0415_F2_L"
"2796212800265100046","20240613",1378.57702636719,5227.83813537005,2145.21572091267,"DH_ex_Prkcg/Nts",1,"excitatory",8,"female","F4",3,"0613_F4_S"
"2795103300131100053","20240610",690.794921875,7730.97859967063,832.485206329206,"DH_in_Pdyn",1,"inhibitory",2,"male","M4",3,"0610_M4_S"
"2707604800406100019","20240415",4519.751953125,2020.57483826415,8326.56723823596,"oligodendrocyte_progenitor_2",NA,NA,NA,"male","M1",1,"0415_M1_C"
"2796212800880100212","20240613",2512.451171875,7058.15099248663,7735.94031996821,"endothelial",NA,NA,NA,"female","F3",1,"0613_F3_C"
"2656144900557100089","20240328",1730.36120605469,9073.63172097922,5857.12025481758,"astrocyte_1",NA,NA,NA,"male","M2",2,"0328_M2_L"
"2787445900285100188","20240503",1324.13537597656,7388.28305177973,1998.83437883513,"astrocyte_1",NA,NA,NA,"female","F4",1,"0503_F4_C"
"2787445900660100100","20240503",1884.62634277344,8702.41816888237,4765.57294704059,"oligodendrocyte_1",NA,NA,NA,"female","F3",1,"0503_F3_C"
"2787445900224100171","20240503",3052.03002929688,672.771336916703,1793.42889483483,"oligodendrocyte_progenitor_2",NA,NA,NA,"female","F5",3,"0503_F5_S"
"2946331700000011040","20240415",1343.30236816406,10181.6799707734,1964.03826891666,"MV_in_Sema5b",4,"inhibitory",15,"female","F2",4,"0415_F2_T"
"2707737900113100105","20240415",2726.44360351562,10749.7270803973,10190.6634872727,"endothelial",NA,NA,NA,"female","F1",2,"0415_F1_L"
"2707604700272100172","20240415",1586.45104980469,4195.32022147207,8405.30106829549,"astrocyte_1",NA,NA,NA,"male","M2",4,"0415_M2_T"
"2946331700000010948","20240415",3213.068359375,10206.4504486939,2114.82985261816,"M_in_Tfap2b",3,"inhibitory",12,"female","F2",4,"0415_F2_T"
"2656144900537100175","20240328",2591.34741210938,10682.777410466,5718.77629311332,"astrocyte_1",NA,NA,NA,"male","M1",2,"0328_M1_L"
"2787889600360100199","20240503",1368.32958984375,2370.42110191819,8759.06462339615,"astrocyte_1",NA,NA,NA,"male","M5",3,"0503_M5_S"
"2656143800153100063","20240328",2552.58764648438,1801.87759917373,4085.58848878241,"DH_ex_Grp",1,"excitatory",6,"male","M3",1,"0328_M3_C"
"2787445900173100034","20240503",3326.05712890625,7141.24379721971,1068.24257924448,"oligodendrocyte_progenitor_2",NA,NA,NA,"female","F5",1,"0503_F5_C"
"2795584800700100066","20240610",3290.43432617188,4542.4337154181,9227.6469533679,"oligodendrocyte_2",NA,NA,NA,"female","F5",4,"0610_F5_T"
"2796212800394100070","20240613",4225.98681640625,5615.73632041179,3312.27902414277,"gamma_motoneuron",NA,NA,22,"female","F4",2,"0613_F4_L"
"2656143800028100075","20240328",1156.88220214844,1968.9494302579,2682.6023070126,"DH_ex_Gpr83",1,"excitatory",2,"male","M3",1,"0328_M3_C"
"2787889600194100079","20240503",4548.24560546875,6388.70083521586,7314.5055656686,"oligodendrocyte_progenitor_2",NA,NA,NA,"male","M5",4,"0503_M5_T"
"2795584800382100241","20240610",1218.45849609375,6405.93405493937,6806.61999229804,"oligodendrocyte_1",NA,NA,NA,"female","F4",2,"0610_F4_L"
"2656144900324100039","20240328",3365.71166992188,9431.66366600108,3351.30445655313,"oligodendrocyte_precursor_cell",NA,NA,NA,"male","M1",4,"0328_M1_T"
"2787445900353100090","20240503",2445.2021484375,5700.11898008245,2644.18285745318,"astrocyte_1",NA,NA,NA,"female","F4",4,"0503_F4_T"
"2656143800029100143","20240328",2694.5908203125,2190.41858259893,2860.76083162701,"astrocyte_1",NA,NA,NA,"male","M3",1,"0328_M3_C"
"2795903600269100021","20240613",1596.1533203125,2597.97727029833,6558.80041565385,"DH_in_Npy2r",1,"inhibitory",9,"male","M4",2,"0613_M4_L"
"2795584800380100010","20240610",2967.38061523438,5880.15680163132,6556.16481825386,"gamma_motoneuron",NA,NA,22,"female","F4",2,"0610_F4_L"
"2707604700342100033","20240415",3598.23071289062,3631.19061107453,9089.96269835171,"oligodendrocyte_progenitor_2",NA,NA,NA,"male","M2",1,"0415_M2_C"
"2707604700082100067","20240415",3013.62744140625,4754.86800618687,6083.59622093628,"astrocyte_1",NA,NA,NA,"male","M2",2,"0415_M2_L"
"2946331700000021737","20240415",1736.22241210938,11657.7927636466,4153.76606941888,"Schwann_cell",NA,NA,NA,"female","F2",2,"0415_F2_L"
"2707604700389200208","20240415",2379.91943359375,3396.48707244968,9867.76522232319,"DH_in_Pdyn/Gal",1,"inhibitory",5,"male","M2",1,"0415_M2_C"
"2656144300102100210","20240328",1428.31323242188,10644.3426660791,11569.6891924764,"DH_ex_Sox5",1,"excitatory",5,"female","F2",4,"0328_F2_T"
"2707604800240100095","20240415",2291.66674804688,2593.13971217355,6113.11918374244,"oligodendrocyte_progenitor_2",NA,NA,NA,"male","M1",4,"0415_M1_T"
"2787445900387100061","20240503",2822.005859375,4937.48097725114,2817.43234107242,"oligodendrocyte_2",NA,NA,NA,"female","F4",4,"0503_F4_T"
"2795903600408100072","20240613",3027.22216796875,5129.67051569559,8126.72384921268,"oligodendrocyte_2",NA,NA,NA,"male","M5",1,"0613_M5_C"
"2656144900585100136","20240328",4023.84594726562,9652.90047617801,6290.2087854999,"endothelial",NA,NA,NA,"male","M2",2,"0328_M2_L"
"2787445900284100038","20240503",1758.12475585938,7136.18231233943,1871.1692336234,"astrocyte_1",NA,NA,NA,"female","F4",1,"0503_F4_C"
"2796212800791100135","20240613",4294.18603515625,9288.2797726281,6767.8547316913,"M_in_Tfap2b",3,"inhibitory",12,"female","F4",1,"0613_F4_C"
"2795903600589100109","20240613",2974.75732421875,4904.08701655481,10003.1384899712,"oligodendrocyte_progenitor_1",NA,NA,NA,"male","M4",1,"0613_M4_C"
"2656143800395100049","20240328",3543.53149414062,6637.61677166878,6653.05657392414,"astrocyte_1",NA,NA,NA,"male","M3",2,"0328_M3_L"
"2787445900130200072","20240503",2552.69604492188,5452.95288052422,886.332457963435,"astrocyte_2",NA,NA,NA,"female","F5",1,"0503_F5_C"
"2787889600348100180","20240503",3022.0419921875,9030.56263433164,8495.99801135293,"oligodendrocyte_precursor_cell",NA,NA,NA,"male","M4",1,"0503_M4_C"
"2656144300188100109","20240328",1709.01391601562,9098.19496871405,12512.0258322194,"DM_ex_Zfhx3",2,"excitatory",11,"female","F2",2,"0328_F2_L"
"2796212800792100086","20240613",2523.14965820312,9562.70137092471,6672.76846911979,"meninges_1",NA,NA,NA,"female","F4",1,"0613_F4_C"
"2787445900357100007","20240503",2877.90893554688,6733.86569163774,2424.59509598714,"astrocyte_2",NA,NA,NA,"female","F4",1,"0503_F4_C"
"2707737900075100161","20240415",3703.57958984375,11183.938319553,9362.15088878525,"endothelial",NA,NA,NA,"female","F1",2,"0415_F1_L"
"2787889600097100071","20240503",4125.72607421875,9223.863512374,6414.04856725104,"oligodendrocyte_progenitor_2",NA,NA,NA,"male","M5",1,"0503_M5_C"
"2787445900645100103","20240503",2430.02978515625,4494.58165402547,4919.39374961497,"meninges_1",NA,NA,NA,"female","F3",2,"0503_F3_L"
"2796212800373100067","20240613",3629.7978515625,8699.21341299079,3158.02680483193,"astrocyte_2",NA,NA,NA,"female","F5",4,"0613_F5_T"
"2707604700248100266","20240415",2170.79248046875,4297.93101556302,8203.77086043748,"oligodendrocyte_precursor_cell",NA,NA,NA,"male","M2",4,"0415_M2_T"
"2656144900113100199","20240328",2502.1865234375,8425.02646015474,1272.92915355074,"MV_ex_Shox2",4,"excitatory",18,"male","M1",1,"0328_M1_C"
"2707604800060100117","20240415",2002.14477539062,5132.2050861466,3684.28551143128,"MV_in_Gabra1",4,"inhibitory",16,"male","M1",2,"0415_M1_L"
"2656144900315100106","20240328",2341.72119140625,6681.96167207744,3407.56591894812,"DH_in_Cdh3",1,"inhibitory",10,"male","M2",1,"0328_M2_C"
"2707604700363100152","20240415",6419.85595703125,2904.33791769015,9545.67237499094,"MV_in_Gm26673",4,"inhibitory",19,"male","M2",1,"0415_M2_C"
"2946331700000012663","20240415",2938.66918945312,10048.1731595,2310.85124397959,"DH_ex_Nmu/Tac2",1,"excitatory",8,"female","F2",4,"0415_F2_T"
"2787889600488100049","20240503",3041.9873046875,7796.17329670396,9441.6244587496,"alpha_motoneuron",NA,NA,22,"male","M4",4,"0503_M4_T"
"2656144900298100117","20240328",2735.3583984375,9223.03632626082,3185.87817826757,"oligodendrocyte_2",NA,NA,NA,"male","M1",4,"0328_M1_T"
"2946331700000008872","20240415",3962.20874023438,10313.1999938848,1891.54282606777,"MV_ex_Syt2",4,"excitatory",14,"female","F2",4,"0415_F2_T"
"2707737900045100046","20240415",4452.86865234375,10165.0361650566,8886.9929085141,"endothelial",NA,NA,NA,"female","F1",2,"0415_F1_L"
"2795903600670100272","20240613",1861.58703613281,5708.45042202371,11030.1793115175,"DM_ex_Zfhx3",2,"excitatory",11,"male","M4",1,"0613_M4_C"
"2946331700000007362","20240415",4296.64990234375,10276.2509517616,1624.83146514848,"oligodendrocyte_progenitor_2",NA,NA,NA,"female","F2",4,"0415_F2_T"
"2707604800014200029","20240415",2199.21435546875,4050.48701200506,2953.92597150896,"DH_ex_Sox5",1,"excitatory",5,"male","M1",3,"0415_M1_S"
"2945606900000029469","20240328",2805.0244140625,5146.86447113409,10205.3308129317,"gamma_motoneuron",NA,NA,22,"female","F1",3,"0328_F1_S"
"2795584800123100172","20240610",3651.14624023438,4207.47832860413,4756.53129998461,"oligodendrocyte_progenitor_2",NA,NA,NA,"female","F3",4,"0610_F3_T"
"2656144900314100182","20240328",860.848510742188,6541.50084272588,3435.19401862693,"DH_in_Pdyn",1,"inhibitory",2,"male","M2",1,"0328_M2_C"
"2946331700000018751","20240415",2752.68188476562,10937.9130733339,3497.1958662369,"DH_in_Cdh3",1,"inhibitory",10,"female","F2",2,"0415_F2_L"
"2707604800034100108","20240415",1813.14172363281,3753.24031716608,3303.31153585063,"astrocyte_1",NA,NA,NA,"male","M1",3,"0415_M1_S"
"2946331700000013084","20240415",2126.19482421875,11425.8315188077,2247.20959341055,"meninges_1",NA,NA,NA,"female","F2",2,"0415_F2_L"
"2787889600231100070","20240503",2220.74291992188,6413.22394862655,7465.82538256637,"oligodendrocyte_progenitor_1",NA,NA,NA,"male","M5",4,"0503_M5_T"
"2726562800059100191","20240422",2665.36254882812,4879.29890401561,2830.51973732249,"MV_in_Esrrb",4,"inhibitory",14,"male","M2",1,"0422_M2_C"
"2656144300147100136","20240328",2909.91723632812,10607.7082555131,11975.6524800426,"astrocyte_1",NA,NA,NA,"female","F2",4,"0328_F2_T"
"2787889600410100226","20240503",3859.27197265625,6212.19529058761,8997.323170658,"DH_ex_Sox5/Tac1",1,"excitatory",5,"male","M4",2,"0503_M4_L"
"2795584800136100120","20240610",1819.99426269531,8053.43702551554,4747.70477101844,"oligodendrocyte_1",NA,NA,NA,"female","F3",3,"0610_F3_S"
"2796212800264100058","20240613",1922.96484375,5029.17311100475,2153.03746742045,"MV_in_Gabra1",4,"inhibitory",16,"female","F4",3,"0613_F4_S"
"2787445900126100047","20240503",1174.87963867188,4291.65336334758,861.896120828576,"M_in_Tfap2b",3,"inhibitory",12,"female","F5",4,"0503_F5_T"
"2656144300148100103","20240328",2240.615234375,10818.485493867,11961.1638957878,"oligodendrocyte_1",NA,NA,NA,"female","F2",4,"0328_F2_T"
"2796212800333100156","20240613",2880.80712890625,6481.77447227854,2866.49029227928,"astrocyte_2",NA,NA,NA,"female","F4",2,"0613_F4_L"
"2656144900165100206","20240328",2426.56225585938,8574.19287129542,1794.93018650988,"MV_ex_Syt2",4,"excitatory",14,"male","M1",1,"0328_M1_C"
"2795584800324100118","20240610",2325.8671875,80.9276520157582,6538.27995591328,"DH_ex_Prkcg/Nts",1,"excitatory",8,"female","F4",1,"0610_F4_C"
"2656143800395100087","20240328",703.521423339844,6683.67172523291,6709.02403806485,"gamma_motoneuron",NA,NA,22,"male","M3",2,"0328_M3_L"
"2945606900000005485","20240328",2540.22045898438,1743.17272692861,5707.40382430522,"endothelial",NA,NA,NA,"female","F1",1,"0328_F1_C"
"2795584800454100023","20240610",3351.83081054688,6388.74717659544,7171.03550020486,"MV_in_Chrna2",4,"inhibitory",19,"female","F4",2,"0610_F4_L"
"2795584800435100032","20240610",882.20849609375,914.753408575067,7126.53718730898,"DH_in_Cdh3",1,"inhibitory",10,"female","F4",1,"0610_F4_C"
"2656144900616100246","20240328",2473.51806640625,10942.5319348511,6639.55902570456,"visceral_motoneuron",NA,NA,20,"male","M1",2,"0328_M1_L"
"2795584800493100084","20240610",887.236511230469,7151.30199022498,7440.7843244918,"astrocyte_1",NA,NA,NA,"female","F4",2,"0610_F4_L"
"2787445900500100017","20240503",3384.65258789062,5420.41036520514,3578.91552442589,"oligodendrocyte_progenitor_2",NA,NA,NA,"female","F4",4,"0503_F4_T"
"2787889600482100046","20240503",2557.96044921875,6119.82243428403,9456.00556100821,"oligodendrocyte_1",NA,NA,NA,"male","M4",2,"0503_M4_L"
"2707737900114100111","20240415",2536.62329101562,11078.1391975019,10165.7542770738,"oligodendrocyte_2",NA,NA,NA,"female","F1",2,"0415_F1_L"
"2726543700432100217","20240422",3700.00439453125,5056.53382230271,7457.16718563423,"oligodendrocyte_1",NA,NA,NA,"male","M3",2,"0422_M3_L"
"2726562800099100136","20240422",2753.43408203125,5348.56207387818,3403.71655362815,"MV_in_Sema5b",4,"inhibitory",15,"male","M2",1,"0422_M2_C"
"2795903600696100115","20240613",1175.35717773438,5823.12953052123,11158.0034487097,"oligodendrocyte_progenitor_2",NA,NA,NA,"male","M4",1,"0613_M4_C"
"2795584800167100121","20240610",4245.732421875,6476.27712231473,5024.6222482991,"astrocyte_1",NA,NA,NA,"female","F3",2,"0610_F3_L"
"2795103300146100183","20240610",3020.15112304688,2102.96804980219,1229.085882338,"MV_ex_Syt2",4,"excitatory",14,"male","M4",1,"0610_M4_C"
"2795584800385200012","20240610",3022.767578125,7103.45526943501,6567.13181014766,"endothelial",NA,NA,NA,"female","F4",2,"0610_F4_L"
"2787889600373100063","20240503",2049.54956054688,5977.76537788694,8773.9762521251,"DH_ex_Grpr",1,"excitatory",2,"male","M4",2,"0503_M4_L"
"2656144900166200115","20240328",3383.951171875,8823.50716996353,1781.65010732462,"DM_ex_Zfhx3",2,"excitatory",11,"male","M1",1,"0328_M1_C"
"2787445900286100178","20240503",3832.46337890625,7581.04003613221,2034.60590546331,"M_in_Tfap2b",3,"inhibitory",12,"female","F4",1,"0503_F4_C"
"2795584800622100099","20240610",3274.48071289062,2885.30857735424,8610.20833438772,"DH_ex_Sox5",1,"excitatory",5,"female","F5",1,"0610_F5_C"
"2945606900000000710","20240328",2468.9892578125,487.321426160452,4831.5760675123,"meninges_2",NA,NA,NA,"female","F1",1,"0328_F1_C"
"2945606900000009885","20240328",2779.28930664062,1321.03063163089,6446.69230968054,"DH_ex_Prkcg/Rxfp1",1,"excitatory",6,"female","F1",1,"0328_F1_C"
"2787445900088100188","20240503",3868.78271484375,3916.51297563751,698.247282697732,"astrocyte_1",NA,NA,NA,"female","F5",4,"0503_F5_T"
"2946331700000000856","20240415",2747.11645507812,8567.77406767767,285.2454483732,"oligodendrocyte_progenitor_2",NA,NA,NA,"female","F2",1,"0415_F2_C"
"2707604000086100252","20240415",1046.44848632812,7664.71127804328,8989.61742226356,"DH_ex_Maf/Cck",1,"excitatory",10,"male","M3",2,"0415_M3_L"
"2656144900352100124","20240328",3497.18139648438,9874.22097029831,3648.75769111581,"oligodendrocyte_progenitor_2",NA,NA,NA,"male","M1",4,"0328_M1_T"
"2795103300233100227","20240610",2280.82080078125,6861.74399527773,1749.93016560271,"DH_ex_Cpne4",1,"excitatory",3,"male","M4",2,"0610_M4_L"
"2795903600269100116","20240613",1374.83581542969,2566.74295029941,6643.80161772194,"DH_in_Npy2r",1,"inhibitory",9,"male","M4",2,"0613_M4_L"
"2787445900723100035","20240503",4919.5546875,5605.36145614798,5254.50122354944,"DH_ex_Reln/Npff",1,"excitatory",1,"female","F3",4,"0503_F3_T"
"2656144900315100221","20240328",2702.86547851562,6765.80748068501,3540.66563793898,"astrocyte_1",NA,NA,NA,"male","M2",1,"0328_M2_C"
"2787889600443100119","20240503",2312.75537109375,5335.02193321334,9243.42365886406,"oligodendrocyte_progenitor_2",NA,NA,NA,"male","M4",2,"0503_M4_L"
"2787445900290100129","20240503",3181.62890625,8642.53870919044,1988.04676202434,"oligodendrocyte_progenitor_2",NA,NA,NA,"female","F4",1,"0503_F4_C"
"2787889600098100070","20240503",2727.62719726562,9491.55047827424,6398.97463631653,"astrocyte_2",NA,NA,NA,"male","M5",1,"0503_M5_C"
"2796212800333100029","20240613",1166.82556152344,6331.35210043471,2766.75878938183,"MV_ex_Shox2",4,"excitatory",18,"female","F4",2,"0613_F4_L"
"2787445900756100053","20240503",1745.54370117188,4466.88449448778,5550.08438896711,"MV_in_Gm26673",4,"inhibitory",19,"female","F3",2,"0503_F3_L"
"2945606900000016901","20240328",3487.71240234375,2993.5691926041,7329.21182809226,"pericyte",NA,NA,NA,"female","F1",4,"0328_F1_T"
"2787445900545100168","20240503",2178.55200195312,7606.04697335337,3956.616468678,"DH_ex_Sox5",1,"excitatory",5,"female","F3",1,"0503_F3_C"
"2707604700092100058","20240415",3013.27124023438,7690.63688800696,6031.27579203644,"DH_in_Cdh3",1,"inhibitory",10,"male","M3",3,"0415_M3_S"
"2707604000126100220","20240415",2396.42138671875,6192.51871967957,9767.6830191889,"Schwann_cell",NA,NA,NA,"male","M3",2,"0415_M3_L"
"2787445900356100068","20240503",2919.86352539062,6625.78697988088,2650.22887180303,"oligodendrocyte_progenitor_2",NA,NA,NA,"female","F4",1,"0503_F4_C"
"2946331700000019958","20240415",3861.71313476562,10676.0988455918,3653.57019915161,"oligodendrocyte_progenitor_2",NA,NA,NA,"female","F2",2,"0415_F2_L"
"2795584800224100106","20240610",1914.01989746094,2402.41048102319,5506.12134946391,"astrocyte_1",NA,NA,NA,"female","F3",1,"0610_F3_C"
"2787889600056100086","20240503",1184.19104003906,7867.17774207634,6095.49095835234,"astrocyte_1",NA,NA,NA,"male","M5",1,"0503_M5_C"
"2787445900250100110","20240503",3263.90502929688,7894.77882417175,1717.57147146648,"oligodendrocyte_2",NA,NA,NA,"female","F4",1,"0503_F4_C"
"2796212801012100215","20240613",1644.22875976562,8386.48867259547,8773.42689038388,"oligodendrocyte_precursor_cell",NA,NA,NA,"female","F3",1,"0613_F3_C"
"2787445900242100084","20240503",711.372436523438,5589.17825108429,1636.47513558395,"alpha_motoneuron",NA,NA,22,"female","F5",1,"0503_F5_C"
"2707604000124100126","20240415",2412.58276367188,5569.0302247025,9729.80675832582,"DH_ex_Gpr83",1,"excitatory",2,"male","M3",4,"0415_M3_T"
"2707604700091100243","20240415",2618.47338867188,7404.92001813461,6224.99987758533,"DH_ex_Sox5",1,"excitatory",5,"male","M3",3,"0415_M3_S"
"2796212800397100047","20240613",3460.29467773438,6236.26588042174,3291.3522290223,"MV_in_Gabra1",4,"inhibitory",16,"female","F4",2,"0613_F4_L"
"2656144900247100055","20240328",2640.79345703125,9498.77252248826,2528.77991803756,"peripheral_glia",NA,NA,NA,"male","M1",1,"0328_M1_C"
"2656144900641100240","20240328",1723.48132324219,10689.5697572034,6823.61099593849,"DH_ex_Grp",1,"excitatory",6,"male","M1",2,"0328_M1_L"
"2795903600141100184","20240613",2524.984375,3083.3787595958,5304.381550258,"oligodendrocyte_progenitor_2",NA,NA,NA,"male","M5",2,"0613_M5_L"
"2656143800003100150","20240328",3586.73852539062,1809.91219758207,2547.37469709729,"DM_ex_Zfhx3",2,"excitatory",11,"male","M3",1,"0328_M3_C"
"2787889600380100057","20240503",3864.923828125,7938.41030943394,8779.13393632365,"oligodendrocyte_2",NA,NA,NA,"male","M4",4,"0503_M4_T"
"2787889600058100136","20240503",3710.34594726562,8432.76128920913,6169.83445596712,"oligodendrocyte_progenitor_2",NA,NA,NA,"male","M5",1,"0503_M5_C"
"2946331700000016267","20240415",972.964721679688,12162.6876770001,2998.37296769608,"oligodendrocyte_1",NA,NA,NA,"female","F2",3,"0415_F2_S"
"2787445900397100150","20240503",3786.61083984375,7698.09703390358,2854.92052980856,"gamma_motoneuron",NA,NA,22,"female","F4",1,"0503_F4_C"
"2795103300381100258","20240610",2320.50439453125,9062.01907287858,2911.87407546479,"astrocyte_1",NA,NA,NA,"male","M5",3,"0610_M5_S"
"2795584800101100257","20240610",1463.71667480469,8313.17042303004,4555.47283198958,"MV_in_Sema5b",4,"inhibitory",15,"female","F3",3,"0610_F3_S"
"2787445900546100037","20240503",3017.12255859375,8052.03768159624,3876.82986092402,"oligodendrocyte_2",NA,NA,NA,"female","F3",1,"0503_F3_C"
"2795584800385100283","20240610",2586.86645507812,7157.51054048212,6808.54983177579,"astrocyte_1",NA,NA,NA,"female","F4",2,"0610_F4_L"
"2795584800710100051","20240610",1485.47131347656,7325.67626378842,9112.30837454503,"DH_in_Pdyn/Gal",1,"inhibitory",5,"female","F5",2,"0610_F5_L"
"2795584800238100152","20240610",2480.18212890625,6298.06773029407,5557.51753798188,"DM_ex_Zfhx3",2,"excitatory",11,"female","F3",2,"0610_F3_L"
"2656144900185100154","20240328",1350.77099609375,6643.77542473877,2124.01328727903,"M_ex_Vsx2/Shox2",3,"excitatory",20,"male","M2",1,"0328_M2_C"
"2795103300380100319","20240610",1134.95886230469,8749.33781067567,2963.88122901123,"DH_ex_Prkcg/Nts",1,"excitatory",8,"male","M5",3,"0610_M5_S"
"2707604800424100059","20240415",4318.8720703125,1146.71790597876,8596.51441423292,"astrocyte_1",NA,NA,NA,"male","M1",1,"0415_M1_C"
"2656144900350100058","20240328",1615.48828125,9355.60585781914,3591.38537690399,"astrocyte_1",NA,NA,NA,"male","M1",4,"0328_M1_T"
"2946331700000010890","20240415",2658.59008789062,10227.5129781757,2019.45612599509,"microglia",NA,NA,NA,"female","F2",4,"0415_F2_T"
"2795903600329100117","20240613",645.98291015625,4842.31538158486,7393.91221754008,"DM_ex_Zfhx3",2,"excitatory",11,"male","M5",4,"0613_M5_T"
"2795903600185100124","20240613",3894.84716796875,855.699830825448,5826.518710954,"oligodendrocyte_progenitor_2",NA,NA,NA,"male","M4",3,"0613_M4_S"
"2656144900641100255","20240328",2163.48193359375,10789.1453685972,6834.33765879479,"oligodendrocyte_1",NA,NA,NA,"male","M1",2,"0328_M1_L"
"2787889600132100171","20240503",3869.1142578125,9114.2225309771,6771.32279477487,"astrocyte_1",NA,NA,NA,"male","M5",1,"0503_M5_C"
"2787445900253100252","20240503",2283.71728515625,8761.97928457393,1783.30194162246,"DH_in_Npy2r",1,"inhibitory",9,"female","F4",1,"0503_F4_C"
"2707604000055100283","20240415",624.300964355469,7438.44886389436,8442.79434170361,"DH_in_Cdh3",1,"inhibitory",10,"male","M3",2,"0415_M3_L"
"2796212800945100053","20240613",2258.3955078125,7585.62093266472,8050.89219405851,"endothelial",NA,NA,NA,"female","F3",1,"0613_F3_C"
"2707604700085100026","20240415",3018.12744140625,5631.6475441973,5995.86462198128,"oligodendrocyte_progenitor_2",NA,NA,NA,"male","M2",2,"0415_M2_L"
"2795903600140100177","20240613",3807.04418945312,2881.52174723306,5324.36861017067,"astrocyte_1",NA,NA,NA,"male","M5",2,"0613_M5_L"
"2726544600192100054","20240422",4211.4619140625,2891.13310547695,8421.06643494265,"astrocyte_1",NA,NA,NA,"female","F1",4,"0422_F1_T"
"2787445900161200017","20240503",3076.1767578125,3672.74706093437,1119.06389698811,"pericyte",NA,NA,NA,"female","F5",4,"0503_F5_T"
"2795584800202100095","20240610",2955.64868164062,6162.27438660653,5240.9306674152,"astrocyte_1",NA,NA,NA,"female","F3",2,"0610_F3_L"
"2707737900036100040","20240415",1908.13549804688,11157.8812701138,8531.74616734125,"oligodendrocyte_2",NA,NA,NA,"female","F1",2,"0415_F1_L"
"2796212800821100177","20240613",1311.44299316406,8701.11961318739,7111.83245646226,"MV_ex_Shox2",4,"excitatory",18,"female","F4",1,"0613_F4_C"
"2656143800189100068","20240328",3706.76635742188,4946.54044299026,4402.63666272355,"oligodendrocyte_2",NA,NA,NA,"male","M3",4,"0328_M3_T"
"2707604800402100006","20240415",2867.53295898438,916.466220430506,8265.62284501398,"oligodendrocyte_progenitor_2",NA,NA,NA,"male","M1",1,"0415_M1_C"
"2726543700434100081","20240422",4023.31665039062,5504.46451687434,7271.87563287854,"oligodendrocyte_1",NA,NA,NA,"male","M3",2,"0422_M3_L"
"2787445900582100103","20240503",3803.32299804688,7779.63804792683,4203.92455349051,"M_in_Tfap2b",3,"inhibitory",12,"female","F3",1,"0503_F3_C"
"2795903600589200009","20240613",1912.33984375,4864.51019981407,9929.65226910105,"DH_ex_Maf/Cck",1,"excitatory",10,"male","M4",1,"0613_M4_C"
"2787445900286100069","20240503",1864.62670898438,7567.90603704506,1896.58424214582,"DH_in_Cdh3",1,"inhibitory",10,"female","F4",1,"0503_F4_C"
"2656144900351200123","20240328",1656.07543945312,9552.00509926054,3695.18975420968,"oligodendrocyte_1",NA,NA,NA,"male","M1",4,"0328_M1_T"
"2707604700062100233","20240415",2455.3330078125,5918.82961247911,5960.61893079616,"DH_ex_Maf/Cck",1,"excitatory",10,"male","M2",2,"0415_M2_L"
"2796212800174100040","20240613",3199.11791992188,6748.31292810012,1376.0582833013,"astrocyte_2",NA,NA,NA,"female","F5",2,"0613_F5_L"
"2787889600384100079","20240503",3846.99975585938,9046.40056459536,8666.10308173558,"oligodendrocyte_progenitor_2",NA,NA,NA,"male","M4",1,"0503_M4_C"
"2656144300060100179","20240328",2649.00048828125,11976.6832194139,10982.5814515097,"DH_ex_Grp",1,"excitatory",6,"female","F2",1,"0328_F2_C"
"2787889600360100172","20240503",920.918701171875,2229.85678828896,8728.7633650417,"oligodendrocyte_progenitor_2",NA,NA,NA,"male","M5",3,"0503_M5_S"
"2795103300368100087","20240610",2125.53930664062,5329.99375508388,2793.47660663139,"DH_ex_Maf/Slc17a8",1,"excitatory",10,"male","M5",4,"0610_M5_T"
"2795584800138100236","20240610",2263.8125,8672.84604272974,4798.39368497499,"MV_in_Esrrb",4,"inhibitory",14,"female","F3",3,"0610_F3_S"
"2795584800353100107","20240610",3005.46264648438,8269.39158103132,6428.60156459193,"oligodendrocyte_progenitor_2",NA,NA,NA,"female","F4",3,"0610_F4_S"
"2656143800192100069","20240328",2213.4619140625,5743.24190479063,4416.8264780562,"oligodendrocyte_progenitor_2",NA,NA,NA,"male","M3",4,"0328_M3_T"
"2707604800060100147","20240415",3972.91259765625,5069.98916727677,3739.3659474561,"MV_ex_Shox2",4,"excitatory",18,"male","M1",2,"0415_M1_L"
"2707737900036100042","20240415",2998.39208984375,11138.6563446119,8538.15102347452,"astrocyte_2",NA,NA,NA,"female","F1",2,"0415_F1_L"
"2796212800919100151","20240613",3080.93237304688,9071.22278682888,7986.42427018189,"alpha_motoneuron",NA,NA,22,"female","F4",1,"0613_F4_C"
"2726562700119100130","20240422",2407.28466796875,12601.3937537448,9282.96067959815,"oligodendrocyte_1",NA,NA,NA,"female","F2",1,"0422_F2_C"
"2796212800625100073","20240613",5757.42626953125,7344.76142806932,5266.14371029305,"endothelial",NA,NA,NA,"female","F4",4,"0613_F4_T"
"2787445900289100143","20240503",3672.27001953125,8442.20242831833,1983.30709274145,"MV_in_Gabra1",4,"inhibitory",16,"female","F4",1,"0503_F4_C"
"2656144900558100177","20240328",863.791137695312,9379.41285007492,6012.84345462495,"MV_in_Gm26673",4,"inhibitory",19,"male","M2",2,"0328_M2_L"
"2795103300219100123","20240610",5060.7841796875,2715.23179510943,1659.84185113246,"meninges_3",NA,NA,NA,"male","M4",1,"0610_M4_C"
"2787445900365100131","20240503",1381.05493164062,9090.06079369818,2639.18075925007,"pericyte",NA,NA,NA,"female","F4",1,"0503_F4_C"
"2656144900541100114","20240328",2153.27978515625,11713.8725563256,5605.57186266227,"oligodendrocyte_progenitor_2",NA,NA,NA,"male","M1",3,"0328_M1_S"
"2796212800176100149","20240613",1991.67797851562,7132.98822084069,1394.39832452335,"astrocyte_1",NA,NA,NA,"female","F5",2,"0613_F5_L"
"2787445900616100005","20240503",2243.66259765625,6682.77979223477,4398.80243312768,"meninges_1",NA,NA,NA,"female","F3",1,"0503_F3_C"
"2796212801076100050","20240613",2947.47631835938,8328.69030121341,9243.21634429612,"meninges_1",NA,NA,NA,"female","F3",1,"0613_F3_C"
"2796212800913100278","20240613",1992.41394042969,7594.304083867,8007.93203404112,"oligodendrocyte_progenitor_2",NA,NA,NA,"female","F3",1,"0613_F3_C"
"2707737900147100271","20240415",1712.3232421875,9528.10698455396,11008.7018245669,"DH_in_Rorb",1,"inhibitory",7,"female","F1",4,"0415_F1_T"
"2707737900077100049","20240415",1707.79846191406,11425.0926579887,9257.96953157941,"endothelial",NA,NA,NA,"female","F1",2,"0415_F1_L"
"2787445900397100099","20240503",3269.7421875,7708.71198984655,2794.82334048886,"endothelial",NA,NA,NA,"female","F4",1,"0503_F4_C"
"2787445900361100272","20240503",1880.71789550781,7996.24066043913,2656.50445104626,"oligodendrocyte_2",NA,NA,NA,"female","F4",1,"0503_F4_C"
"2787889600360100127","20240503",1205.20959472656,2408.64760197154,8673.32616600575,"astrocyte_1",NA,NA,NA,"male","M5",3,"0503_M5_S"
"2796212800599100041","20240613",5148.68994140625,9166.98941293545,4965.68719445379,"alpha_motoneuron",NA,NA,22,"female","F5",1,"0613_F5_C"
"2726543700130100054","20240422",2858.39990234375,1053.5380797438,4698.84549527825,"MV_in_Esrrb",4,"inhibitory",14,"male","M3",1,"0422_M3_C"
"2796212800822100173","20240613",2128.9609375,8829.16034552269,7130.80710878503,"MV_in_Gm26673",4,"inhibitory",19,"female","F4",1,"0613_F4_C"
"2787889600349100175","20240503",4759.9443359375,9306.75275858236,8482.61144175817,"MV_in_Gm26673",4,"inhibitory",19,"male","M4",1,"0503_M4_C"
"2796212800377100126","20240613",2005.97155761719,9609.39317596331,3233.67508310056,"endothelial",NA,NA,NA,"female","F5",4,"0613_F5_T"
"2795584800118100067","20240610",1772.064453125,2974.01830440396,4645.67863633198,"beta_motoneuron",NA,NA,22,"female","F3",1,"0610_F3_C"
"2707604700132200249","20240415",2641.05053710938,5212.54912362093,6828.57293692196,"oligodendrocyte_progenitor_2",NA,NA,NA,"male","M2",2,"0415_M2_L"
"2656144900190100207","20240328",2403.42016601562,8285.03978533391,2039.78285183955,"astrocyte_1",NA,NA,NA,"male","M1",1,"0328_M1_C"
"2656144300210100200","20240328",4329.390625,8887.01638001424,12793.4989193029,"MV_ex_Syt2",4,"excitatory",14,"female","F2",2,"0328_F2_L"
"2787445900326100073","20240503",2138.21337890625,8613.82371090492,2222.89261454067,"oligodendrocyte_progenitor_2",NA,NA,NA,"female","F4",1,"0503_F4_C"
"2795103300179100159","20240610",1618.23291015625,1362.12081697181,1463.48604843998,"MV_in_Gabra1",4,"inhibitory",16,"male","M4",1,"0610_M4_C"
"2795103300344100018","20240610",2000.96557617188,8467.35955945525,2428.87670228104,"oligodendrocyte_progenitor_2",NA,NA,NA,"male","M5",3,"0610_M5_S"
"2795103300330100098","20240610",3289.92993164062,4651.86850548899,2517.64297272297,"oligodendrocyte_precursor_cell",NA,NA,NA,"male","M5",4,"0610_M5_T"
"2656144900237100080","20240328",673.083312988281,6795.43649999615,2503.30891515932,"M_ex_Vsx2/Shox2",3,"excitatory",20,"male","M2",1,"0328_M2_C"
"2787889600314100216","20240503",1036.37817382812,9659.31292277481,8230.22260639636,"M_in_Tfap2b",3,"inhibitory",12,"male","M4",1,"0503_M4_C"
"2787445900761100117","20240503",2968.72680664062,5865.31734919141,5605.2070278709,"astrocyte_1",NA,NA,NA,"female","F3",4,"0503_F3_T"
"2707604700155100019","20240415",3615.892578125,5146.39140064741,6848.77411336708,"oligodendrocyte_precursor_cell",NA,NA,NA,"male","M2",2,"0415_M2_L"
"2707737900087100211","20240415",2079.51806640625,10822.8142921034,9668.67655728618,"MV_ex_Syt2",4,"excitatory",14,"female","F1",2,"0415_F1_L"
"2656144900262100025","20240328",3264.31616210938,6492.53080785584,2723.19152163752,"oligodendrocyte_progenitor_2",NA,NA,NA,"male","M2",1,"0328_M2_C"
"2796212800882100154","20240613",1621.10107421875,7774.56385761686,7577.35655835451,"DH_ex_Sox5",1,"excitatory",5,"female","F3",1,"0613_F3_C"
"2795903600168100273","20240613",2357.13354492188,3333.39773031643,5671.28055298966,"MV_in_Gm26673",4,"inhibitory",19,"male","M5",2,"0613_M5_L"
"2707737900132100163","20240415",2450.7724609375,9000.56794031585,10783.4825120273,"MV_in_Chrna2",4,"inhibitory",19,"female","F1",4,"0415_F1_T"
"2726544200036100086","20240422",3073.10498046875,5866.71480353878,905.852894213473,"oligodendrocyte_1",NA,NA,NA,"male","M1",1,"0422_M1_C"
"2795584800389100229","20240610",1863.55346679688,8171.00632045878,6771.35352718743,"MV_ex_Shox2",4,"excitatory",18,"female","F4",3,"0610_F4_S"
"2795584800702100110","20240610",3161.91430664062,5152.96829264256,9243.36934576511,"oligodendrocyte_2",NA,NA,NA,"female","F5",4,"0610_F5_T"
"2787445900125100020","20240503",842.557189941406,4092.54242978833,892.793139004905,"oligodendrocyte_progenitor_2",NA,NA,NA,"female","F5",4,"0503_F5_T"
"2707604000070100247","20240415",3195.09375,7361.42628575029,8715.77103491723,"oligodendrocyte_progenitor_2",NA,NA,NA,"male","M3",2,"0415_M3_L"
"2726544200070100057","20240422",1753.90283203125,6343.97606488016,1708.5155613208,"oligodendrocyte_1",NA,NA,NA,"male","M1",1,"0422_M1_C"
"2795903600462100044","20240613",1987.69470214844,5797.17524142275,8557.43887843007,"astrocyte_1",NA,NA,NA,"male","M5",1,"0613_M5_C"
"2946331700000000278","20240415",2692.43969726562,8714.1799249113,56.117877225799,"oligodendrocyte_2",NA,NA,NA,"female","F2",1,"0415_F2_C"
"2787889600277100068","20240503",565.044738769531,9239.22037710412,7802.90180034374,"meninges_2",NA,NA,NA,"male","M4",1,"0503_M4_C"
"2787889600195100103","20240503",645.527893066406,6420.73394895589,7217.89231525769,"DH_ex_Nmu/Tac2",1,"excitatory",8,"male","M5",4,"0503_M5_T"
"2796212800395100045","20240613",1885.14282226562,5806.58305350784,3287.924764422,"oligodendrocyte_1",NA,NA,NA,"female","F4",2,"0613_F4_L"
"2796212800295100181","20240613",4761.7734375,4756.0339187244,2560.34549018729,"MV_in_Gm26673",4,"inhibitory",19,"female","F4",3,"0613_F4_S"
"2795584800241100099","20240610",3665.93017578125,7049.87516715273,5549.81478594226,"astrocyte_1",NA,NA,NA,"female","F3",2,"0610_F3_L"
"2787445900255100026","20240503",1374.28771972656,9213.90461462655,1806.89009688809,"meninges_1",NA,NA,NA,"female","F4",1,"0503_F4_C"
"2795903600616100043","20240613",1697.17028808594,5096.15067264735,10245.2451844659,"microglia",NA,NA,NA,"male","M4",1,"0613_M4_C"
"2707737900098100063","20240415",2007.15637207031,10325.5171324037,9861.60263144306,"astrocyte_1",NA,NA,NA,"female","F1",2,"0415_F1_L"
"2787445900657100203","20240503",3595.11987304688,7947.95643454045,4922.58180186588,"oligodendrocyte_progenitor_2",NA,NA,NA,"female","F3",1,"0503_F3_C"
"2707604800059100116","20240415",2501.05053710938,4793.23898102529,3669.39497178607,"endothelial",NA,NA,NA,"male","M1",2,"0415_M1_L"
"2656143800154100107","20240328",4416.1796875,2179.01363802777,4129.81309996295,"oligodendrocyte_progenitor_2",NA,NA,NA,"male","M3",1,"0328_M3_C"
"2656144900641100095","20240328",1333.17846679688,10575.8092815535,6713.36124328541,"DH_ex_Prkcg/Rxfp1",1,"excitatory",6,"male","M1",2,"0328_M1_L"
"2795903600143100345","20240613",3203.34326171875,3689.93823693923,5405.47650858763,"oligodendrocyte_1",NA,NA,NA,"male","M5",2,"0613_M5_L"
"2796212800399100086","20240613",1656.39440917969,6844.76633910742,3454.52790229802,"DH_ex_Reln",1,"excitatory",6,"female","F4",2,"0613_F4_L"
"2656143800129100095","20240328",2266.32739257812,2179.7312864861,3823.20884120435,"astrocyte_1",NA,NA,NA,"male","M3",1,"0328_M3_C"
"2656144900583100130","20240328",669.978820800781,9084.33607414245,6198.74575973737,"oligodendrocyte_precursor_cell",NA,NA,NA,"male","M2",2,"0328_M2_L"
"2795103300417100019","20240610",1872.50927734375,9251.50648784859,2981.73922269105,"astrocyte_2",NA,NA,NA,"male","M5",3,"0610_M5_S"
"2707604700362100030","20240415",4713.34423828125,2535.39277955264,9387.54848476773,"alpha_motoneuron",NA,NA,22,"male","M2",1,"0415_M2_C"
"2795584800715100014","20240610",3484.99780273438,8784.43532670755,9090.63491654521,"oligodendrocyte_progenitor_2",NA,NA,NA,"female","F5",3,"0610_F5_S"
"2707604700247100078","20240415",5667.8935546875,3799.29112327546,8061.72131294193,"astrocyte_1",NA,NA,NA,"male","M2",4,"0415_M2_T"
"2707604700133100078","20240415",1436.38586425781,5640.00704570321,6625.28345321142,"oligodendrocyte_1",NA,NA,NA,"male","M2",2,"0415_M2_L"
"2656143800080100045","20240328",2530.32788085938,2524.0929300282,3201.73136567947,"oligodendrocyte_2",NA,NA,NA,"male","M3",1,"0328_M3_C"
"2796212800298100123","20240613",3342.06713867188,5570.69901847187,2669.60776642233,"astrocyte_2",NA,NA,NA,"female","F4",2,"0613_F4_L"
"2795903600668100106","20240613",3429.62524414062,5226.75678166063,10863.0422900514,"MV_in_Gm26673",4,"inhibitory",19,"male","M4",1,"0613_M4_C"
"2787889600386100025","20240503",2821.55493164062,9706.43252350343,8564.20201456264,"astrocyte_1",NA,NA,NA,"male","M4",1,"0503_M4_C"
"2787445900693200024","20240503",5017.46240234375,7786.95380241133,4999.91134031893,"oligodendrocyte_progenitor_2",NA,NA,NA,"female","F3",1,"0503_F3_C"
"2795103300029100113","20240610",3383.58764648438,8313.26108128624,160.036764033313,"oligodendrocyte_progenitor_1",NA,NA,NA,"male","M4",3,"0610_M4_S"
"2787445900804100090","20240503",1292.24768066406,7763.96838038019,5928.87516234463,"DH_in_Npy2r",1,"inhibitory",9,"male","M5",1,"0503_M5_C"
"2787445900716100220","20240503",1797.7822265625,3651.95310176077,5461.44358409911,"astrocyte_1",NA,NA,NA,"female","F3",2,"0503_F3_L"
"2945606900000006378","20240328",2812.46435546875,1273.92047336225,5896.0020054582,"MV_in_Gabra1",4,"inhibitory",16,"female","F1",1,"0328_F1_C"
"2707737900131100132","20240415",3146.42993164062,8655.62091043007,10791.062788921,"oligodendrocyte_2",NA,NA,NA,"female","F1",4,"0415_F1_T"
"2795903600438100113","20240613",2073.37280273438,6181.21542797933,8318.71398787999,"DH_ex_Prkcg/Nts",1,"excitatory",8,"male","M5",1,"0613_M5_C"
"2787445900359100176","20240503",3642.30834960938,7342.9821463488,2653.85406394038,"astrocyte_1",NA,NA,NA,"female","F4",1,"0503_F4_C"
"2795903600354100044","20240613",2888.119140625,4510.32056046196,7421.22485973424,"M_in_Tfap2b",3,"inhibitory",12,"male","M5",4,"0613_M5_T"
"2726543700401100041","20240422",4616.60693359375,5236.71228915203,6975.19890977797,"MV_in_Sema5b",4,"inhibitory",15,"male","M3",2,"0422_M3_L"
"2787445900326100236","20240503",2652.67211914062,8629.70150276902,2408.04177564368,"oligodendrocyte_2",NA,NA,NA,"female","F4",1,"0503_F4_C"
"2656144900421100282","20240328",1756.23803710938,7370.19351384152,4640.05432223245,"M_in_Tfap2b",3,"inhibitory",12,"male","M2",4,"0328_M2_T"
"2787445900262100075","20240503",4213.47021484375,885.117252959739,1946.09631505542,"astrocyte_1",NA,NA,NA,"female","F5",3,"0503_F5_S"
"2795103300331100205","20240610",2218.30590820312,4704.3670390147,2605.83408201745,"MV_ex_Shox2",4,"excitatory",18,"male","M5",4,"0610_M5_T"
"2795103300144100118","20240610",3353.28076171875,1552.14103294711,1132.44281064626,"astrocyte_1",NA,NA,NA,"male","M4",1,"0610_M4_C"
"2796212800790100231","20240613",2191.86767578125,8942.74935874343,6846.47247544653,"MV_in_Sema5b",4,"inhibitory",15,"female","F4",1,"0613_F4_C"
"2787889600129100055","20240503",3493.693359375,8355.13007746311,6621.4169881338,"astrocyte_1",NA,NA,NA,"male","M5",1,"0503_M5_C"
"2707604700038100142","20240415",3301.89135742188,5811.23372526473,5610.47512575879,"astrocyte_2",NA,NA,NA,"male","M2",2,"0415_M2_L"
"2787445900247100098","20240503",1103.52758789062,7172.97105633665,1827.98348588083,"DH_in_Npy",1,"inhibitory",4,"female","F4",1,"0503_F4_C"
"2656144900562100256","20240328",1958.82189941406,10362.4666567017,6040.69273627901,"MV_in_Gm26673",4,"inhibitory",19,"male","M1",2,"0328_M1_L"
"2796212800489100071","20240613",3919.28198242188,5112.91648302693,4168.95507321658,"astrocyte_1",NA,NA,NA,"female","F3",2,"0613_F3_L"
"2726562700117100326","20240422",952.465209960938,12248.1702521237,9401.48674561828,"DH_ex_Grp",1,"excitatory",6,"female","F2",1,"0422_F2_C"
"2726544600193200110","20240422",4474.34375,3213.83053404854,8499.87405531434,"oligodendrocyte_1",NA,NA,NA,"female","F1",4,"0422_F1_T"
"2787445900200100196","20240503",2114.67333984375,4174.27094042301,1546.3701899907,"oligodendrocyte_2",NA,NA,NA,"female","F5",4,"0503_F5_T"
"2795903600642100147","20240613",2491.03100585938,5162.9098142201,10710.4921093992,"astrocyte_1",NA,NA,NA,"male","M4",1,"0613_M4_C"
"2945606900000003472","20240328",2355.66967773438,1506.36358516055,5234.46874675818,"endothelial",NA,NA,NA,"female","F1",1,"0328_F1_C"
"2796212800887100077","20240613",2827.02856445312,9116.74727016315,7534.22590346157,"endothelial",NA,NA,NA,"female","F4",1,"0613_F4_C"
"2707737900146100140","20240415",1529.837890625,9267.2996601785,10849.3663607025,"MV_in_Gm26673",4,"inhibitory",19,"female","F1",4,"0415_F1_T"
"2787889600409100019","20240503",2384.39721679688,6034.31274019368,8821.54679229975,"DH_in_Pdyn",1,"inhibitory",2,"male","M4",2,"0503_M4_L"
"2656143800416100329","20240328",2007.94323730469,5525.07348290726,7088.39872390464,"DH_ex_Reln/Nmur2",1,"excitatory",3,"male","M3",2,"0328_M3_L"
"2795103300446100279","20240610",3083.45947265625,7646.35267971427,3506.64196513729,"DH_ex_Nmu/Tac2",1,"excitatory",8,"male","M5",2,"0610_M5_L"
"2795584800136100155","20240610",2919.33251953125,7962.23597898375,4803.28496132625,"astrocyte_2",NA,NA,NA,"female","F3",3,"0610_F3_S"
"2787445900094100023","20240503",2200.91650390625,5781.01838008559,560.803156322538,"DM_ex_Zfhx3",2,"excitatory",11,"female","F5",1,"0503_F5_C"
"2946331700000018808","20240415",2472.4306640625,11007.7982791711,3609.66589445455,"DM_ex_Zfhx3",2,"excitatory",11,"female","F2",2,"0415_F2_L"
"2795584800103100078","20240610",621.285339355469,8815.16511785501,4385.47412132798,"MV_in_Sema5b",4,"inhibitory",15,"female","F3",3,"0610_F3_S"
"2787445900860100172","20240503",2660.7177734375,2477.11934642494,6550.1106278566,"oligodendrocyte_progenitor_2",NA,NA,NA,"female","F3",3,"0503_F3_S"
"2796212800176100078","20240613",3379.73779296875,7085.2811223343,1342.18077899551,"DH_ex_Nmu/Tac2",1,"excitatory",8,"female","F5",2,"0613_F5_L"
"2656144900086100184","20240328",295.914306640625,8293.11833684679,973.959104831913,"MV_in_Gabra1",4,"inhibitory",16,"male","M1",1,"0328_M1_C"
"2707604700012100099","20240415",2081.64184570312,5280.32110886814,5315.61597981502,"oligodendrocyte_1",NA,NA,NA,"male","M2",2,"0415_M2_L"
"2787889600231100247","20240503",2830.46166992188,6596.66298323032,7604.18465044029,"endothelial",NA,NA,NA,"male","M5",4,"0503_M5_T"
"2795584800137200073","20240610",4454.1806640625,8330.45438534749,4714.89902492581,"oligodendrocyte_progenitor_2",NA,NA,NA,"female","F3",3,"0610_F3_S"
"2656143800054100097","20240328",2735.14404296875,2277.56685399672,2975.89403497626,"oligodendrocyte_1",NA,NA,NA,"male","M3",1,"0328_M3_C"
"2787889600512100128","20240503",3127.93334960938,4508.71771007858,9915.5576221911,"astrocyte_2",NA,NA,NA,"male","M4",2,"0503_M4_L"
"2795903600140100211","20240613",4699.58740234375,2893.27847954124,5383.79826056497,"gamma_motoneuron",NA,NA,22,"male","M5",2,"0613_M5_L"
"2787445900242100087","20240503",1419.91638183594,5735.89234834153,1639.74027330958,"oligodendrocyte_1",NA,NA,NA,"female","F5",1,"0503_F5_C"
"2795103300446100310","20240610",2127.333984375,7656.21235894022,3528.84346541014,"DH_in_Rorb",1,"inhibitory",7,"male","M5",2,"0610_M5_L"
"2656144300123100021","20240328",1874.97106933594,10298.7396902434,11679.8051288795,"astrocyte_2",NA,NA,NA,"female","F2",4,"0328_F2_T"
"2707737900048100079","20240415",4174.96630859375,11011.4862435776,8709.19225163432,"oligodendrocyte_progenitor_2",NA,NA,NA,"female","F1",2,"0415_F1_L"
"2787445900286100122","20240503",538.82568359375,7660.43268996722,1949.6214652287,"DH_ex_Prkcg/Rxfp1",1,"excitatory",6,"female","F4",1,"0503_F4_C"
"2795903600143100380","20240613",1697.1455078125,3849.21826154424,5430.83380037092,"DH_ex_Reln",1,"excitatory",6,"male","M5",2,"0613_M5_L"
"2787445900582100108","20240503",4227.06396484375,7615.9661290634,4214.06334741843,"oligodendrocyte_progenitor_2",NA,NA,NA,"female","F3",1,"0503_F3_C"
"2795584800447100229","20240610",3465.27416992188,4270.88773095116,7341.32667753944,"MV_in_Gabra1",4,"inhibitory",16,"female","F4",4,"0610_F4_T"
"2946331700000017600","20240415",1652.75012207031,10916.9694665406,3339.92498497336,"oligodendrocyte_progenitor_2",NA,NA,NA,"female","F2",2,"0415_F2_L"
"2787889600416100118","20240503",3518.52124023438,7858.75141237373,9070.00038986231,"oligodendrocyte_2",NA,NA,NA,"male","M4",4,"0503_M4_T"
"2707604000155100034","20240415",2432.9462890625,5969.71487030522,10192.334882533,"oligodendrocyte_progenitor_2",NA,NA,NA,"male","M3",4,"0415_M3_T"
"2787445900363100042","20240503",1915.72253417969,8479.87046676921,2463.66994060742,"astrocyte_1",NA,NA,NA,"female","F4",1,"0503_F4_C"
"2656143800418100055","20240328",2091.69409179688,6072.99864640739,6858.82263205817,"DH_ex_Grp",1,"excitatory",6,"male","M3",2,"0328_M3_L"
"2787445900401100112","20240503",3979.26196289062,8652.45848065289,2873.34130014785,"astrocyte_1",NA,NA,NA,"female","F4",1,"0503_F4_C"
"2707604000041100057","20240415",1990.31408691406,7665.70727319349,7986.45222013032,"endothelial",NA,NA,NA,"male","M3",2,"0415_M3_L"
"2795584800584100037","20240610",2757.58618164062,2477.41599115188,8291.61630485539,"alpha_motoneuron",NA,NA,22,"female","F5",1,"0610_F5_C"
"2787445900168100024","20240503",751.742858886719,5720.09768305393,1022.38227967042,"DM_ex_Zfhx3",2,"excitatory",11,"female","F5",1,"0503_F5_C"
"2795103300189100043","20240610",1809.44445800781,4158.66061858216,1310.50811554154,"oligodendrocyte_2",NA,NA,NA,"male","M4",4,"0610_M4_T"
"2726544600404100198","20240422",6822.78173828125,3861.85937742001,10863.6091131507,"MV_in_Gm26673",4,"inhibitory",19,"female","F1",2,"0422_F1_L"
"2787445900127100017","20240503",2416.775390625,4557.85421741969,745.492704344273,"DH_in_Npy2r",1,"inhibitory",9,"female","F5",4,"0503_F5_T"
"2656144900541100117","20240328",2279.46630859375,11691.3519867723,5604.72618814546,"astrocyte_1",NA,NA,NA,"male","M1",3,"0328_M1_S"
"2787445900303200013","20240503",1660.17248535156,1986.77306665169,2147.49915390421,"oligodendrocyte_1",NA,NA,NA,"female","F5",2,"0503_F5_L"
"2787445900352100165","20240503",1140.02941894531,5513.16361501731,2679.04530710357,"DH_in_Cdh3",1,"inhibitory",10,"female","F4",4,"0503_F4_T"
"2656144300125100270","20240328",2677.19384765625,10823.6513359157,11789.8889503679,"oligodendrocyte_1",NA,NA,NA,"female","F2",4,"0328_F2_T"
"2796212800329100152","20240613",2717.61499023438,5232.60390164517,2928.97893847921,"oligodendrocyte_progenitor_2",NA,NA,NA,"female","F4",2,"0613_F4_L"
"2787445900399100183","20240503",3233.19067382812,8269.47217562597,2934.32533489776,"oligodendrocyte_2",NA,NA,NA,"female","F4",1,"0503_F4_C"
"2787445900329100048","20240503",3145.79321289062,9249.79990186449,2260.9622065752,"meninges_1",NA,NA,NA,"female","F4",1,"0503_F4_C"
"2656144900423100200","20240328",2507.83911132812,7751.39403416052,4673.69664307583,"alpha_motoneuron",NA,NA,22,"male","M2",4,"0328_M2_T"
"2707604000101100079","20240415",2895.21459960938,7684.41086875618,9084.96154655755,"DH_ex_Reln",1,"excitatory",6,"male","M3",2,"0415_M3_L"
"2796212800914100081","20240613",1447.6494140625,7793.08100314066,7787.87490987923,"DH_in_Rorb",1,"inhibitory",7,"female","F3",1,"0613_F3_C"
"2707737900060200159","20240415",1674.06262207031,10649.1731365334,9172.92595759151,"MV_ex_Syt2",4,"excitatory",14,"female","F1",2,"0415_F1_L"
"2787889600229100023","20240503",2217.21948242188,6072.83403324638,7426.38358387386,"MV_in_Sema5b",4,"inhibitory",15,"male","M5",4,"0503_M5_T"
"2656143800190100162","20240328",1875.49621582031,5247.8557242555,4517.05343510711,"astrocyte_1",NA,NA,NA,"male","M3",4,"0328_M3_T"
"2946331700000006711","20240415",1838.44543457031,9266.128751387,1416.89171624213,"oligodendrocyte_2",NA,NA,NA,"female","F2",1,"0415_F2_C"
"2787889600582100166","20240503",3026.30297851562,4027.56249381736,10386.0101030586,"DH_in_Cdh3",1,"inhibitory",10,"male","M4",3,"0503_M4_S"
"2787889600516100044","20240503",2495.07177734375,5616.99282222672,9734.98160593324,"oligodendrocyte_1",NA,NA,NA,"male","M4",2,"0503_M4_L"
"2787889600059100062","20240503",433.671295166016,8641.70093402034,6095.39681216815,"MV_in_Gabra1",4,"inhibitory",16,"male","M5",1,"0503_M5_C"
"2707604800082100050","20240415",3732.77124023438,5320.39328506205,3837.24691615487,"oligodendrocyte_2",NA,NA,NA,"male","M1",2,"0415_M1_L"
"2795903600616100088","20240613",1404.17712402344,5067.02631755633,10312.9176600703,"DM_ex_Zfhx3",2,"excitatory",11,"male","M4",1,"0613_M4_C"
"2795584800435100333","20240610",2559.6376953125,1070.58079903194,7370.82802468086,"astrocyte_1",NA,NA,NA,"female","F4",1,"0610_F4_C"
"2787889600410100130","20240503",607.445983886719,6218.47396408743,8903.82074281183,"astrocyte_1",NA,NA,NA,"male","M4",2,"0503_M4_L"
"2787445900290100088","20240503",2498.94360351562,8796.81116738508,1933.26919540239,"oligodendrocyte_progenitor_2",NA,NA,NA,"female","F4",1,"0503_F4_C"
"2656143800368100172","20240328",3851.98168945312,6008.17069196247,6534.43483614002,"MV_in_Gm26673",4,"inhibitory",19,"male","M3",2,"0328_M3_L"
"2787445900396100255","20240503",1342.54931640625,7468.55315281113,2973.36489901863,"astrocyte_1",NA,NA,NA,"female","F4",1,"0503_F4_C"
"2796212800142200009","20240613",924.302856445312,6518.91109002382,1003.89071308123,"M_in_Tfap2b",3,"inhibitory",12,"female","F5",3,"0613_F5_S"
"2707604700317100153","20240415",6564.1484375,3404.23630649544,8985.69694779301,"MV_in_Gm26673",4,"inhibitory",19,"male","M2",1,"0415_M2_C"
"2796212800919100069","20240613",6428.32958984375,9175.59017121233,7829.36539465844,"oligodendrocyte_1",NA,NA,NA,"female","F4",1,"0613_F4_C"
"2656144900186200096","20240328",3676.57543945312,6953.59730059773,2123.12566653476,"astrocyte_1",NA,NA,NA,"male","M2",1,"0328_M2_C"
"2787889600057100207","20240503",1003.37158203125,8213.20215229341,6289.54369190257,"microglia",NA,NA,NA,"male","M5",1,"0503_M5_C"
"2787889600165100140","20240503",2500.37548828125,8221.77327444777,7096.28997767266,"oligodendrocyte_progenitor_2",NA,NA,NA,"male","M5",1,"0503_M5_C"
"2707604800141100064","20240415",1236.17150878906,4433.65134388744,4650.46649727738,"endothelial",NA,NA,NA,"male","M1",2,"0415_M1_L"
"2787445900584100082","20240503",2665.71850585938,8171.94191855087,4216.77849598897,"oligodendrocyte_progenitor_2",NA,NA,NA,"female","F3",1,"0503_F3_C"
"2787445900618100086","20240503",3895.16186523438,7415.37738969969,4541.73412704367,"endothelial",NA,NA,NA,"female","F3",1,"0503_F3_C"
"2795584800660100134","20240610",4904.666015625,3442.95228820783,8971.38298621838,"oligodendrocyte_progenitor_2",NA,NA,NA,"female","F5",1,"0610_F5_C"
"2656143800104100188","20240328",1742.44836425781,2237.85299655402,3623.10880496097,"astrocyte_1",NA,NA,NA,"male","M3",1,"0328_M3_C"
"2795584800122100059","20240610",2366.40869140625,4032.09341690637,4622.67611555723,"DH_in_Rorb",1,"inhibitory",7,"female","F3",4,"0610_F3_T"
"2656143800052100110","20240328",1704.70703125,1567.21226034725,2984.89677444729,"DH_ex_Sox5",1,"excitatory",5,"male","M3",1,"0328_M3_C"
"2707604800321100160","20240415",5104.2919921875,1861.24347860581,7422.41889060568,"oligodendrocyte_2",NA,NA,NA,"male","M1",1,"0415_M1_C"
"2787445900659100089","20240503",1930.14453125,8608.35028765665,4744.44137778138,"pericyte",NA,NA,NA,"female","F3",1,"0503_F3_C"
"2787445900363100027","20240503",3848.10522460938,8433.49137885345,2446.58886265644,"MV_ex_Shox2",4,"excitatory",18,"female","F4",1,"0503_F4_C"
"2787889600315100153","20240503",4257.2451171875,9781.25121574779,8179.79296656256,"DH_in_Cdh3",1,"inhibitory",10,"male","M4",1,"0503_M4_C"
"2795903600696100024","20240613",2812.1455078125,5810.6518336373,11058.2061819604,"DH_in_Pdyn/Gal",1,"inhibitory",5,"male","M4",1,"0613_M4_C"
"2656144300188100231","20240328",1332.51135253906,9187.99874874912,12674.0576096136,"oligodendrocyte_2",NA,NA,NA,"female","F2",2,"0328_F2_L"
"2795103300191100094","20240610",2640.38305664062,4744.11050331965,1354.54167437664,"DH_ex_Reln/Npff",1,"excitatory",1,"male","M4",4,"0610_M4_T"
"2945606900000006766","20240328",1604.7294921875,1642.10973822611,5945.39740098041,"oligodendrocyte_precursor_cell",NA,NA,NA,"female","F1",1,"0328_F1_C"
"2656144300195100054","20240328",2436.40771484375,11142.4908042124,12505.9653909999,"astrocyte_2",NA,NA,NA,"female","F2",4,"0328_F2_T"
"2707604700367100018","20240415",1589.35290527344,3956.72979289951,9358.98007856039,"oligodendrocyte_progenitor_2",NA,NA,NA,"male","M2",1,"0415_M2_C"
"2787889600131100100","20240503",2426.58276367188,8821.2837614906,6684.61415913893,"endothelial",NA,NA,NA,"male","M5",1,"0503_M5_C"
"2795103300113100076","20240610",2687.45703125,2480.50445462772,841.939501018205,"MV_in_Gm26673",4,"inhibitory",19,"male","M4",1,"0610_M4_C"
"2796212800529100094","20240613",1049.94897460938,7478.12421181798,4505.25441147631,"DH_in_Cdh3",1,"inhibitory",10,"female","F4",4,"0613_F4_T"
"2707604000058100018","20240415",1782.87670898438,8077.36876129633,8217.78736405469,"DH_ex_Sox5/Tac1",1,"excitatory",5,"male","M3",2,"0415_M3_L"
"2946331700000010664","20240415",3325.21728515625,9826.85973041283,2008.96983086324,"oligodendrocyte_1",NA,NA,NA,"female","F2",4,"0415_F2_T"
"2795584800129100148","20240610",2106.77880859375,6147.08406128333,4830.07362076908,"gamma_motoneuron",NA,NA,22,"female","F3",2,"0610_F3_L"
"2787889600424100078","20240503",3986.25146484375,10312.7689404148,8933.61237587582,"oligodendrocyte_2",NA,NA,NA,"male","M4",1,"0503_M4_C"
"2656144300149100130","20240328",4076.03662109375,11007.8047675241,12010.3515747828,"MV_in_Gm26673",4,"inhibitory",19,"female","F2",4,"0328_F2_T"
"2795103300120100163","20240610",2566.9443359375,4408.87822311514,900.760594278167,"MV_in_Gabra1",4,"inhibitory",16,"male","M4",4,"0610_M4_T"
"2656143800130100125","20240328",2126.90014648438,2595.77232438288,3905.33055395167,"oligodendrocyte_progenitor_2",NA,NA,NA,"male","M3",1,"0328_M3_C"
"2795103300131100028","20240610",3371.3564453125,7646.68291929347,761.914240114857,"oligodendrocyte_progenitor_2",NA,NA,NA,"male","M4",3,"0610_M4_S"
"2707604800341100216","20240415",1760.82373046875,1404.93773421689,7690.50516046514,"oligodendrocyte_progenitor_2",NA,NA,NA,"male","M1",1,"0415_M1_C"
"2656144900530100054","20240328",1816.91564941406,8715.72443016467,5556.31662560422,"oligodendrocyte_progenitor_2",NA,NA,NA,"male","M2",2,"0328_M2_L"
"2656143800215100166","20240328",2054.79321289062,5400.01529544871,4732.48805805971,"astrocyte_1",NA,NA,NA,"male","M3",4,"0328_M3_T"
"2707604800425100200","20240415",2243.72314453125,1525.87546395796,8755.00629996404,"DH_ex_Tac2",1,"excitatory",8,"male","M1",1,"0415_M1_C"
"2656144900609100198","20240328",2127.98510742188,8883.28975872046,6597.74430207981,"astrocyte_1",NA,NA,NA,"male","M2",2,"0328_M2_L"
"2796212801048100215","20240613",1632.94885253906,9398.41094081849,9015.37433314417,"meninges_1",NA,NA,NA,"female","F4",1,"0613_F4_C"
"2795903600241200092","20240613",3883.96508789062,2070.28086246537,6475.00877476242,"MV_in_Chrna2",4,"inhibitory",19,"male","M4",2,"0613_M4_L"
"2707604700221100061","20240415",3136.55493164062,3469.74828480913,7912.14460257627,"oligodendrocyte_2",NA,NA,NA,"male","M2",4,"0415_M2_T"
"2795584800691100034","20240610",4648.32080078125,2217.54616351931,9103.1256454022,"DH_ex_Reln",1,"excitatory",6,"female","F5",1,"0610_F5_C"
"2707604800222100025","20240415",1076.93017578125,3391.31844371604,5807.30537360488,"Schwann_cell",NA,NA,NA,"male","M1",4,"0415_M1_T"
"2707604700082100034","20240415",3742.482421875,4881.60746985269,6028.16668607306,"MV_ex_Syt2",4,"excitatory",14,"male","M2",2,"0415_M2_L"
"2787445900263100160","20240503",3475.46826171875,1338.69841823482,2040.49194932956,"astrocyte_1",NA,NA,NA,"female","F5",3,"0503_F5_S"
"2796212800977100037","20240613",2822.212890625,7540.88210574165,8317.69095105716,"MV_in_Gm26673",4,"inhibitory",19,"female","F3",1,"0613_F3_C"
"2707604700059100142","20240415",3140.73828125,5148.82332790433,5883.46718742349,"oligodendrocyte_progenitor_2",NA,NA,NA,"male","M2",2,"0415_M2_L"
"2787445900789100118","20240503",3486.716796875,3513.31398172007,5907.00318589245,"oligodendrocyte_progenitor_2",NA,NA,NA,"female","F3",2,"0503_F3_L"
"2707604800403100163","20240415",2128.66235351562,1264.76499276425,8420.6253132245,"MV_in_Gabra1",4,"inhibitory",16,"male","M1",1,"0415_M1_C"
"2795584800166100073","20240610",1417.94787597656,6273.381868753,4958.9239989084,"oligodendrocyte_1",NA,NA,NA,"female","F3",2,"0610_F3_L"
"2707604800384100232","20240415",2245.81762695312,1815.16448738344,8173.70784041344,"DH_ex_Grp",1,"excitatory",6,"male","M1",1,"0415_M1_C"
"2656144900447100103","20240328",1370.93627929688,7203.09236965914,4774.79018516446,"DH_ex_Reln",1,"excitatory",6,"male","M2",4,"0328_M2_T"
"2787445900359100085","20240503",966.664184570312,7421.19255554024,2518.70945285508,"oligodendrocyte_progenitor_2",NA,NA,NA,"female","F4",1,"0503_F4_C"
"2796212800570100101","20240613",1727.64404296875,9936.3926235754,4744.14988616994,"DH_ex_Grp",1,"excitatory",6,"female","F5",1,"0613_F5_C"
"2795903600166100037","20240613",2019.19873046875,2772.35398817963,5458.54566184821,"oligodendrocyte_progenitor_2",NA,NA,NA,"male","M5",2,"0613_M5_L"
"2656144900506100017","20240328",3667.67993164062,9199.33415686119,5259.66446755789,"alpha_motoneuron",NA,NA,22,"male","M2",2,"0328_M2_L"
"2795584800224100061","20240610",2332.69970703125,2367.37206092033,5466.30046996372,"DH_in_Pdyn/Gal",1,"inhibitory",5,"female","F3",1,"0610_F3_C"
"2795584800456100071","20240610",3184.29370117188,6898.04246562818,7192.96101160912,"oligodendrocyte_progenitor_2",NA,NA,NA,"female","F4",2,"0610_F4_L"
"2787445900130100046","20240503",1882.17358398438,5449.24235645018,807.964319603285,"oligodendrocyte_progenitor_2",NA,NA,NA,"female","F5",1,"0503_F5_C"
"2787889600450100189","20240503",4609.228515625,7253.94565852382,9256.86384452897,"M_ex_Vsx2/Shox2",3,"excitatory",20,"male","M4",4,"0503_M4_T"
"2787445900725100116","20240503",604.628356933594,6344.36164726072,5372.3086105922,"DH_in_Cdh3",1,"inhibitory",10,"female","F3",4,"0503_F3_T"
"2726543700467100137","20240422",2279.81469726562,5725.30965700839,7648.40869916682,"DM_ex_Zfhx3",2,"excitatory",11,"male","M3",2,"0422_M3_L"
"2795103300312100055","20240610",2737.82006835938,9286.46437509358,2268.74231947254,"oligodendrocyte_2",NA,NA,NA,"male","M5",3,"0610_M5_S"
"2795584800455100125","20240610",3331.68969726562,6456.79037890857,7257.59733247168,"DH_ex_Maf/Cpne4",1,"excitatory",10,"female","F4",2,"0610_F4_L"
"2707604000140100290","20240415",3303.50048828125,5825.49414447158,10163.921214972,"astrocyte_1",NA,NA,NA,"male","M3",4,"0415_M3_T"
"2796212801010100021","20240613",2566.71435546875,7723.53180589527,8595.0464307779,"oligodendrocyte_1",NA,NA,NA,"female","F3",1,"0613_F3_C"
"2656144900475100049","20240328",3515.96630859375,7832.62499194626,5043.45673631749,"oligodendrocyte_2",NA,NA,NA,"male","M2",4,"0328_M2_T"
"2656144900086100214","20240328",4021.69750976562,8084.7350752747,1011.12539092236,"oligodendrocyte_progenitor_2",NA,NA,NA,"male","M1",1,"0328_M1_C"
"2656143800055100188","20240328",3381.82495117188,2430.38042206556,3131.15749352804,"gamma_motoneuron",NA,NA,22,"male","M3",1,"0328_M3_C"
"2707604800141100047","20240415",1509.49072265625,4377.10129125474,4632.6498403172,"MV_in_Chrna2",4,"inhibitory",19,"male","M1",2,"0415_M1_L"
"2787445900094100050","20240503",2288.39184570312,5727.28043501603,605.743746439548,"DH_ex_Grpr",1,"excitatory",2,"female","F5",1,"0503_F5_C"
"2787445900232100046","20240503",3546.8447265625,2890.1709947912,1628.59066890902,"oligodendrocyte_progenitor_2",NA,NA,NA,"female","F5",2,"0503_F5_L"
"2787445900087100097","20240503",1642.69909667969,3766.27615879389,639.108466396079,"endothelial",NA,NA,NA,"female","F5",4,"0503_F5_T"
"2787889600280100304","20240503",2986.58422851562,10233.1348649177,7955.92170103858,"MV_ex_Syt2",4,"excitatory",14,"male","M4",1,"0503_M4_C"
"2707604800081100138","20240415",4254.12646484375,5191.93310862384,3935.08510776609,"astrocyte_1",NA,NA,NA,"male","M1",2,"0415_M1_L"
"2796212800790100256","20240613",1009.00494384766,8932.31681968644,6858.96581291419,"M_ex_Vsx2/Shox2",3,"excitatory",20,"female","F4",1,"0613_F4_C"
"2787445900597100166","20240503",4303.49755859375,1576.29079918982,4650.45896031531,"oligodendrocyte_progenitor_2",NA,NA,NA,"female","F4",3,"0503_F4_S"
"2707604800056100070","20240415",2767.68432617188,4160.46292845404,3585.39886985719,"astrocyte_1",NA,NA,NA,"male","M1",3,"0415_M1_S"
"2787445900352100142","20240503",833.843444824219,5437.09232972784,2657.36568186732,"DH_ex_Prkcg/Nts",1,"excitatory",8,"female","F4",4,"0503_F4_T"
"2726544200049100135","20240422",3498.5791015625,6421.95770321069,1271.13115648314,"oligodendrocyte_1",NA,NA,NA,"male","M1",1,"0422_M1_C"
"2796212800978100024","20240613",2152.13232421875,7860.68413264491,8312.6162581376,"astrocyte_1",NA,NA,NA,"female","F3",1,"0613_F3_C"
"2796212800337100156","20240613",3696.470703125,7530.7918960005,2873.82831643545,"beta_motoneuron",NA,NA,22,"female","F5",2,"0613_F5_L"
"2787445900654100050","20240503",3499.02319335938,7104.2296878373,4738.96154295278,"oligodendrocyte_progenitor_2",NA,NA,NA,"female","F3",1,"0503_F3_C"
"2787445900328100066","20240503",2235.2080078125,8974.94464755,2215.75193812029,"oligodendrocyte_2",NA,NA,NA,"female","F4",1,"0503_F4_C"
"2795584800125100047","20240610",995.066040039062,4778.01008769451,4625.69092844581,"DM_ex_Zfhx3",2,"excitatory",11,"female","F3",4,"0610_F3_T"
"2787445900265100028","20240503",1974.98388671875,1786.04901569401,1863.44812049365,"DH_ex_Reln",1,"excitatory",6,"female","F5",2,"0503_F5_L"
"2656144900167100168","20240328",3793.62817382812,8920.70214750984,1832.03524075105,"MV_in_Gabra1",4,"inhibitory",16,"male","M1",1,"0328_M1_C"
"2795103300163100183","20240610",3646.634765625,6659.72659543174,1232.7800327955,"MV_ex_Shox2",4,"excitatory",18,"male","M4",2,"0610_M4_L"
"2787445900285100127","20240503",2348.9560546875,7321.26579005225,1946.49696620618,"oligodendrocyte_progenitor_2",NA,NA,NA,"female","F4",1,"0503_F4_C"
"2707604000138100161","20240415",2294.49951171875,5489.84667769687,10037.0328191618,"oligodendrocyte_progenitor_2",NA,NA,NA,"male","M3",4,"0415_M3_T"
"2795103300147100116","20240610",4209.55712890625,2220.27783884855,1142.29654501949,"MV_ex_Shox2",4,"excitatory",18,"male","M4",1,"0610_M4_C"
"2795103300153100274","20240610",2105.87866210938,4040.22743559885,1288.48480323196,"DH_ex_Nmu/Tac2",1,"excitatory",8,"male","M4",4,"0610_M4_T"
"2707604800099100069","20240415",1051.31396484375,4334.16307715292,4263.67360383691,"endothelial",NA,NA,NA,"male","M1",2,"0415_M1_L"
"2795103300191100127","20240610",1208.97509765625,4838.46487572181,1375.04322281579,"DH_ex_Sox5",1,"excitatory",5,"male","M4",4,"0610_M4_T"
"2656144900582100186","20240328",1403.38671875,8670.11668102478,6283.26993930419,"DH_in_Npy2r",1,"inhibitory",9,"male","M2",2,"0328_M2_L"
"2795584800453100080","20240610",1182.83923339844,6143.89476230217,7361.74884924342,"DH_ex_Grp",1,"excitatory",6,"female","F4",2,"0610_F4_L"
"2946331700000004620","20240415",3093.43334960938,8350.53806051001,1126.15648199181,"endothelial",NA,NA,NA,"female","F2",1,"0415_F2_C"
"2656144900085100196","20240328",1665.64868164062,7826.08979899324,931.568825930968,"oligodendrocyte_progenitor_2",NA,NA,NA,"male","M1",1,"0328_M1_C"
"2787445900752100090","20240503",1389.63720703125,3502.68732648116,5627.10486057949,"oligodendrocyte_1",NA,NA,NA,"female","F3",2,"0503_F3_L"
"2787445900199100016","20240503",2042.23583984375,3959.41029150272,1300.71545570504,"astrocyte_1",NA,NA,NA,"female","F5",4,"0503_F5_T"
"2795103300366100035","20240610",1445.30505371094,4820.45494161802,2702.74220247162,"oligodendrocyte_progenitor_2",NA,NA,NA,"male","M5",4,"0610_M5_T"
"2796212800561100162","20240613",1288.6904296875,7600.38096079044,4820.75682559714,"MV_in_Sema5b",4,"inhibitory",15,"female","F4",4,"0613_F4_T"
"2707604000110100036","20240415",1043.04711914062,5944.31240413547,9362.80074969483,"DH_ex_Prkcg/Nts",1,"excitatory",8,"male","M3",4,"0415_M3_T"
"2946331700000004636","20240415",1755.67224121094,8306.95331871932,1164.3817415419,"MV_ex_Syt2",4,"excitatory",14,"female","F2",1,"0415_F2_C"
"2787445900297100022","20240503",2474.68920898438,424.708855775199,2164.90838882909,"oligodendrocyte_progenitor_2",NA,NA,NA,"female","F5",3,"0503_F5_S"
"2795584800696100028","20240610",2407.63647460938,3412.19385427315,9099.05648676857,"MV_in_Sema5b",4,"inhibitory",15,"female","F5",1,"0610_F5_C"
"2656144900186100063","20240328",3413.74047851562,6951.76987427695,1986.06757366535,"gamma_motoneuron",NA,NA,22,"male","M2",1,"0328_M2_C"
"2787445900764100034","20240503",2295.9287109375,6845.11491259758,5573.09524893771,"meninges_2",NA,NA,NA,"female","F3",4,"0503_F3_T"
"2795103300332100123","20240610",3483.70629882812,4932.72133498557,2567.80291771633,"oligodendrocyte_progenitor_2",NA,NA,NA,"male","M5",4,"0610_M5_T"
"2656144300164100132","20240328",2238.955078125,8799.36406938163,12303.2197720152,"astrocyte_1",NA,NA,NA,"female","F2",2,"0328_F2_L"
"2656144300082100094","20240328",1934.03088378906,11472.5725202038,11146.4269880907,"meninges_1",NA,NA,NA,"female","F2",1,"0328_F2_C"
"2796212801012100179","20240613",3145.4794921875,8182.35568160377,8740.88072048809,"oligodendrocyte_progenitor_2",NA,NA,NA,"female","F3",1,"0613_F3_C"
"2787889600277100011","20240503",2231.01831054688,9477.2071607064,7718.40396429168,"oligodendrocyte_progenitor_2",NA,NA,NA,"male","M4",1,"0503_M4_C"
"2795584800381100173","20240610",1394.97497558594,6027.5483636217,6727.16191456854,"MV_in_Gm26673",4,"inhibitory",19,"female","F4",2,"0610_F4_L"
"2795903600437100233","20240613",4082.20703125,6101.1866175597,8523.02338352008,"oligodendrocyte_progenitor_2",NA,NA,NA,"male","M5",1,"0613_M5_C"
"2795584800413100225","20240610",2355.41650390625,4786.7871422077,7083.37056362686,"M_in_Tfap2b",3,"inhibitory",12,"female","F4",4,"0610_F4_T"
"2946331700000003000","20240415",1650.04736328125,8458.55264156373,1020.91408243275,"MV_in_Gabra1",4,"inhibitory",16,"female","F2",1,"0415_F2_C"
"2795903600114100055","20240613",2748.73657226562,2841.30956684657,4917.12373754726,"oligodendrocyte_1",NA,NA,NA,"male","M5",2,"0613_M5_L"
"2656143800055100071","20240328",2775.27734375,2495.34987017413,2954.09277320333,"oligodendrocyte_2",NA,NA,NA,"male","M3",1,"0328_M3_C"
"2707604800384100256","20240415",1049.169921875,1939.77652649011,8193.37296113709,"DH_in_Cdh3",1,"inhibitory",10,"male","M1",1,"0415_M1_C"
"2787445900662100044","20240503",2838.44873046875,9406.41776102129,4728.70240869127,"oligodendrocyte_2",NA,NA,NA,"female","F3",1,"0503_F3_C"
"2945606900000028825","20240328",3024.5458984375,5292.78261562943,9964.08829719354,"oligodendrocyte_progenitor_2",NA,NA,NA,"female","F1",3,"0328_F1_S"
"2656144900085100215","20240328",2651.46997070312,7939.33662085529,952.541457519692,"oligodendrocyte_progenitor_2",NA,NA,NA,"male","M1",1,"0328_M1_C"
"2796212800600100243","20240613",3227.11303710938,9371.34353590757,5203.31281954993,"oligodendrocyte_1",NA,NA,NA,"female","F5",1,"0613_F5_C"
"2787445900657100164","20240503",3299.248046875,8003.24545995228,4864.44654661918,"oligodendrocyte_progenitor_2",NA,NA,NA,"female","F3",1,"0503_F3_C"
"2707604800059100109","20240415",586.908569335938,4833.71723693097,3654.97785933083,"oligodendrocyte_progenitor_2",NA,NA,NA,"male","M1",2,"0415_M1_L"
"2707604700367100107","20240415",4218.7529296875,3882.36083727702,9455.79437446719,"oligodendrocyte_progenitor_2",NA,NA,NA,"male","M2",1,"0415_M2_C"
"2795584800204100110","20240610",2109.21826171875,6929.37646883447,5232.96527149196,"MV_in_Esrrb",4,"inhibitory",14,"female","F3",2,"0610_F3_L"
"2946331700000010667","20240415",1984.98303222656,9926.64416686544,2016.31428248849,"MV_ex_Syt2",4,"excitatory",14,"female","F2",4,"0415_F2_T"
"2656144900273100100","20240328",2203.01513671875,9440.44394224748,2857.44886007812,"Schwann_cell",NA,NA,NA,"male","M1",4,"0328_M1_T"
"2795903600186100093","20240613",2032.265625,1262.58588187012,5855.81279931491,"astrocyte_2",NA,NA,NA,"male","M4",3,"0613_M4_S"
"2656144900479100111","20240328",3554.93896484375,9042.66473924527,5133.93715964828,"alpha_motoneuron",NA,NA,22,"male","M2",2,"0328_M2_L"
"2787445900098100147","20240503",2188.73876953125,6919.15606216318,619.690659477754,"DM_ex_Zfhx3",2,"excitatory",11,"female","F5",1,"0503_F5_C"
"2707604700387100208","20240415",3023.33227539062,2647.75826323073,9897.78017875168,"oligodendrocyte_2",NA,NA,NA,"male","M2",1,"0415_M2_C"
"2707604800404100075","20240415",1073.72290039062,1420.0533461709,8324.75548461732,"oligodendrocyte_progenitor_2",NA,NA,NA,"male","M1",1,"0415_M1_C"
"2796212800585100243","20240613",4195.0947265625,5283.76990831643,5164.89296786976,"oligodendrocyte_1",NA,NA,NA,"female","F3",2,"0613_F3_L"
"2656143800392100044","20240328",1183.0771484375,5761.61345853267,6590.9246225539,"MV_in_Chrna2",4,"inhibitory",19,"male","M3",2,"0328_M3_L"
"2795584800419100041","20240610",3233.9951171875,6532.6081381822,6866.94658120196,"oligodendrocyte_1",NA,NA,NA,"female","F4",2,"0610_F4_L"
"2795903600427100241","20240613",3355.3857421875,3310.53117349157,8510.66658528445,"oligodendrocyte_progenitor_2",NA,NA,NA,"male","M4",4,"0613_M4_T"
"2796212800944100061","20240613",2672.92944335938,7225.34803237393,8060.22674928265,"MV_in_Gm26673",4,"inhibitory",19,"female","F3",1,"0613_F3_C"
"2787889600483100128","20240503",4341.64453125,6576.32673563377,9552.34164359888,"oligodendrocyte_2",NA,NA,NA,"male","M4",2,"0503_M4_L"
"2795103300148100078","20240610",3712.14916992188,2556.86627395658,1067.23521546571,"alpha_motoneuron",NA,NA,22,"male","M4",1,"0610_M4_C"
"2656144900421100171","20240328",1149.01806640625,7263.44407460911,4540.24230971377,"oligodendrocyte_precursor_cell",NA,NA,NA,"male","M2",4,"0328_M2_T"
"2787445900225100147","20240503",728.200988769531,805.283027671598,1723.67838092489,"astrocyte_1",NA,NA,NA,"female","F5",3,"0503_F5_S"
"2726544600054100260","20240422",3541.37451171875,508.069434470191,7207.03279542876,"DH_ex_Grp",1,"excitatory",6,"female","F1",1,"0422_F1_C"
"2796212800297100083","20240613",2183.09497070312,5157.85198983643,2472.81621299207,"DH_ex_Maf/Cck",1,"excitatory",10,"female","F4",3,"0613_F4_S"
"2787889600444100097","20240503",3843.23999023438,5825.94221836631,9184.55648533396,"oligodendrocyte_progenitor_2",NA,NA,NA,"male","M4",2,"0503_M4_L"
"2796212800888100146","20240613",3809.41845703125,9490.68517002277,7573.84659117414,"MV_ex_Syt2",4,"excitatory",14,"female","F4",1,"0613_F4_C"
"2726562700099100197","20240422",3675.95458984375,12868.3523275215,9120.03801890835,"MV_in_Esrrb",4,"inhibitory",14,"female","F2",1,"0422_F2_C"
"2707604000153100049","20240415",1612.11413574219,5407.60255330692,10209.5404516124,"MV_ex_Shox2",4,"excitatory",18,"male","M3",4,"0415_M3_T"
"2945606900000017008","20240328",1780.25256347656,3291.04203400679,7236.34521074005,"DM_ex_Zfhx3",2,"excitatory",11,"female","F1",4,"0328_F1_T"
"2787445900790100022","20240503",2674.50708007812,3722.7446179376,5814.5948586532,"oligodendrocyte_progenitor_2",NA,NA,NA,"female","F3",2,"0503_F3_L"
"2796212800142100232","20240613",2689.52514648438,6641.0663096495,1205.61987339496,"DH_in_Npy2r",1,"inhibitory",9,"female","F5",3,"0613_F5_S"
"2656144900536100146","20240328",1768.55822753906,10486.1157849939,5758.64425375048,"MV_ex_Shox2",4,"excitatory",18,"male","M1",2,"0328_M1_L"
"2946331700000014384","20240415",5556.142578125,10839.4210317387,2675.9595408531,"oligodendrocyte_2",NA,NA,NA,"female","F2",2,"0415_F2_L"
"2707737900059100120","20240415",1737.80334472656,10395.8628265164,9115.34737400198,"oligodendrocyte_1",NA,NA,NA,"female","F1",2,"0415_F1_L"
"2787445900396100248","20240503",3310.59130859375,7407.63615029398,2969.73777370324,"oligodendrocyte_precursor_cell",NA,NA,NA,"female","F4",1,"0503_F4_C"
"2707604800164100068","20240415",1683.41064453125,4838.51038375695,4934.68445929792,"DH_ex_Reln/Nmur2",1,"excitatory",3,"male","M1",2,"0415_M1_L"
"2795584800750100007","20240610",3148.89453125,8508.38880661083,9132.51301780669,"astrocyte_2",NA,NA,NA,"female","F5",3,"0610_F5_S"
"2787889600353100068","20240503",3994.88012695312,10453.458151385,8367.66767483696,"astrocyte_1",NA,NA,NA,"male","M4",1,"0503_M4_C"
"2796212800880100058","20240613",3547.36840820312,7162.62415875494,7528.57996644196,"astrocyte_1",NA,NA,NA,"female","F3",1,"0613_F3_C"
"2795584800679100065","20240610",1980.93041992188,8692.75187533838,9074.51233112082,"oligodendrocyte_2",NA,NA,NA,"female","F5",3,"0610_F5_S"
"2795584800139100108","20240610",3900.8525390625,8774.02322129864,4733.77617280345,"MV_in_Gabra1",4,"inhibitory",16,"female","F3",3,"0610_F3_S"
"2656144900588100086","20240328",2705.36547851562,10279.4330073024,6159.73227268198,"DM_ex_Zfhx3",2,"excitatory",11,"male","M1",2,"0328_M1_L"
"2787889600093100285","20240503",1486.52551269531,8114.25985560729,6536.14417268141,"oligodendrocyte_progenitor_2",NA,NA,NA,"male","M5",1,"0503_M5_C"
"2796212800980100286","20240613",1998.94494628906,8183.06372919492,8535.9786615198,"DM_ex_Zfhx3",2,"excitatory",11,"female","F3",1,"0613_F3_C"
"2795103300132100082","20240610",2809.9150390625,7891.15464483225,787.166400980088,"DH_in_Npy2r",1,"inhibitory",9,"male","M4",3,"0610_M4_S"
"2707604800162100105","20240415",3515.09814453125,4308.99704825867,5056.14012773056,"oligodendrocyte_2",NA,NA,NA,"male","M1",2,"0415_M1_L"
"2787445900156100017","20240503",2021.93701171875,2426.36887815196,1281.0589012976,"DM_ex_Zfhx3",2,"excitatory",11,"female","F5",2,"0503_F5_L"
"2796212800212100008","20240613",1604.87939453125,8338.30528982356,1565.15921599744,"astrocyte_2",NA,NA,NA,"female","F5",4,"0613_F5_T"
"2787889600058100092","20240503",3306.36499023438,8593.85087014735,6120.50149195452,"endothelial",NA,NA,NA,"male","M5",1,"0503_M5_C"
"2945606900000016928","20240328",1569.21887207031,3025.87736020051,7360.41435676851,"oligodendrocyte_progenitor_2",NA,NA,NA,"female","F1",4,"0328_F1_T"
"2787445900097100233","20240503",3574.626953125,6469.27564589249,698.85865025589,"DH_in_Cdh3",1,"inhibitory",10,"female","F5",1,"0503_F5_C"
"2787445900287100091","20240503",5524.5830078125,7887.16997153603,1999.72895697755,"oligodendrocyte_progenitor_2",NA,NA,NA,"female","F4",1,"0503_F4_C"
"2796212800855100114","20240613",2472.5498046875,9116.76162247919,7247.25934370933,"endothelial",NA,NA,NA,"female","F4",1,"0613_F4_C"
"2656144900377100139","20240328",1101.42797851562,9578.21037744562,3957.06993611452,"MV_in_Gabra1",4,"inhibitory",16,"male","M1",4,"0328_M1_T"
"2795903600489200147","20240613",1248.06665039062,5978.78469335299,9009.75043475034,"oligodendrocyte_1",NA,NA,NA,"male","M5",1,"0613_M5_C"
"2795903600428100059","20240613",3521.99487304688,3398.09264793622,8317.87755023058,"DH_ex_Prkcg/Cck",1,"excitatory",8,"male","M4",4,"0613_M4_T"
"2787445900581100044","20240503",1121.73156738281,7303.69837355171,4121.34740322205,"endothelial",NA,NA,NA,"female","F3",1,"0503_F3_C"
"2707604000155100192","20240415",5039.68310546875,5816.46001189094,10435.9409934092,"astrocyte_1",NA,NA,NA,"male","M3",4,"0415_M3_T"
"2656144900589100058","20240328",5245.49072265625,10735.1827365897,6108.53895116615,"astrocyte_1",NA,NA,NA,"male","M1",2,"0328_M1_L"
"2945606900000008179","20240328",2637.4619140625,1206.64464320523,6198.80709915014,"oligodendrocyte_progenitor_2",NA,NA,NA,"female","F1",1,"0328_F1_C"
"2656144900609100037","20240328",2660.421875,9145.65722706667,6390.32731887038,"oligodendrocyte_2",NA,NA,NA,"male","M2",2,"0328_M2_L"
"2795103300347100043","20240610",2147.81079101562,9322.49641002249,2456.65202603815,"oligodendrocyte_2",NA,NA,NA,"male","M5",3,"0610_M5_S"
"2787889600545100042","20240503",3734.49365234375,3722.59058510553,10040.9419828393,"oligodendrocyte_progenitor_2",NA,NA,NA,"male","M4",3,"0503_M4_S"
"2787445900804100154","20240503",2113.9912109375,7794.89700861031,5973.03148629168,"DH_in_Cdh3",1,"inhibitory",10,"male","M5",1,"0503_M5_C"
"2796212800913100116","20240613",2439.84838867188,7587.99756988697,7857.56763117947,"MV_in_Gabra1",4,"inhibitory",16,"female","F3",1,"0613_F3_C"
"2796212800880100075","20240613",1757.94226074219,7279.21014819108,7553.6999630371,"oligodendrocyte_progenitor_1",NA,NA,NA,"female","F3",1,"0613_F3_C"
"2787445900224100054","20240503",1343.72924804688,659.743170276488,1623.05404697522,"oligodendrocyte_2",NA,NA,NA,"female","F5",3,"0503_F5_S"
"2796212800855100162","20240613",928.542236328125,9163.40186549351,7302.47897931817,"MV_in_Gabra1",4,"inhibitory",16,"female","F4",1,"0613_F4_C"
"2795903600515100071","20240613",3086.8955078125,6108.45071683489,9146.53271272454,"endothelial",NA,NA,NA,"male","M5",1,"0613_M5_C"
"2796212800419100109","20240613",2387.29077148438,3588.83075389545,3615.61936590832,"MV_ex_Shox2",4,"excitatory",18,"female","F3",3,"0613_F3_S"
"2726544600002100163","20240422",3036.72216796875,484.708692793985,6647.82931378484,"oligodendrocyte_precursor_cell",NA,NA,NA,"female","F1",1,"0422_F1_C"
"2796212800889100012","20240613",3471.82763671875,9751.04521957412,7470.56214446714,"DH_in_Pdyn",1,"inhibitory",2,"female","F4",1,"0613_F4_C"
"2796212800792200131","20240613",1116.06213378906,9463.12872323208,6762.76372647454,"DH_ex_Tac2",1,"excitatory",8,"female","F4",1,"0613_F4_C"
"2795584800239100131","20240610",3913.02465820312,6706.87326765119,5680.23492726727,"oligodendrocyte_2",NA,NA,NA,"female","F3",2,"0610_F3_L"
"2787445900265100225","20240503",1345.20971679688,1642.50881427806,2039.23538359738,"oligodendrocyte_2",NA,NA,NA,"female","F5",2,"0503_F5_L"
"2787445900659200073","20240503",3927.64013671875,8473.57994006155,4771.93310282349,"oligodendrocyte_progenitor_2",NA,NA,NA,"female","F3",1,"0503_F3_C"
"2787889600129100147","20240503",2645.35375976562,8103.72546600504,6730.34557723292,"MV_ex_Syt2",4,"excitatory",14,"male","M5",1,"0503_M5_C"
"2787445900326100198","20240503",3262.43603515625,8362.50805579824,2363.84835884281,"MV_in_Gabra1",4,"inhibitory",16,"female","F4",1,"0503_F4_C"
"2787445900204100036","20240503",3649.29272460938,5442.77757180808,1356.43544662613,"oligodendrocyte_progenitor_2",NA,NA,NA,"female","F5",1,"0503_F5_C"
"2656144900378100145","20240328",5876.12255859375,9726.74894108405,4066.19352898846,"astrocyte_1",NA,NA,NA,"male","M1",4,"0328_M1_T"
"2795903600269100134","20240613",1401.72253417969,2646.77785951304,6659.20681228413,"DH_ex_Prkcg/Rxfp1",1,"excitatory",6,"male","M4",2,"0613_M4_L"
"2795584800122100023","20240610",2624.404296875,4023.35646229528,4595.48586514397,"endothelial",NA,NA,NA,"female","F3",4,"0610_F3_T"
"2787445900134100111","20240503",819.375610351562,6426.07445620873,828.436191853107,"oligodendrocyte_progenitor_2",NA,NA,NA,"female","F5",1,"0503_F5_C"
"2787445900397100159","20240503",4158.2958984375,7594.25469878619,2884.38989599532,"MV_ex_Syt2",4,"excitatory",14,"female","F4",1,"0503_F4_C"
"2656144900609100056","20240328",3208.16552734375,8923.99654899946,6414.95156241559,"MV_ex_Syt2",4,"excitatory",14,"male","M2",2,"0328_M2_L"
"2795584800450100239","20240610",3535.33520507812,5047.54595150467,7378.00769177292,"DH_ex_Reln",1,"excitatory",6,"female","F4",4,"0610_F4_T"
"2787445900397100042","20240503",699.38916015625,7761.62728968496,2727.95761152331,"MV_in_Esrrb",4,"inhibitory",14,"female","F4",1,"0503_F4_C"
"2787889600095100150","20240503",2940.3291015625,8809.28253570362,6481.01522061144,"oligodendrocyte_1",NA,NA,NA,"male","M5",1,"0503_M5_C"
"2787445900761200150","20240503",1931.74169921875,5981.58372085739,5686.14460150611,"ependymal",NA,NA,NA,"female","F3",4,"0503_F3_T"
"2707604000101100106","20240415",3711.77392578125,7515.58715430545,9112.66221129881,"DH_ex_Reln",1,"excitatory",6,"male","M3",2,"0415_M3_L"
"2707604800037100020","20240415",2539.3701171875,4698.30918026669,3368.11841215473,"oligodendrocyte_1",NA,NA,NA,"male","M1",2,"0415_M1_L"
"2656144900421100259","20240328",1863.67602539062,7446.46369182247,4621.34413515349,"MV_in_Gm26673",4,"inhibitory",19,"male","M2",4,"0328_M2_T"
"2787445900617100165","20240503",3261.29370117188,7138.13424750615,4646.46090646167,"oligodendrocyte_progenitor_2",NA,NA,NA,"female","F3",1,"0503_F3_C"
"2796212800364100056","20240613",1445.83935546875,6130.98101094645,2989.64248958079,"oligodendrocyte_progenitor_2",NA,NA,NA,"female","F4",2,"0613_F4_L"
"2796212800781100076","20240613",3225.84350585938,6232.14304474834,6846.45428096119,"DH_in_Pdyn/Gal",1,"inhibitory",5,"female","F3",4,"0613_F3_T"
"2796212800921100093","20240613",2256.48583984375,9616.27750355564,7805.86439356048,"oligodendrocyte_1",NA,NA,NA,"female","F4",1,"0613_F4_C"
"2796212800462100027","20240613",5160.708984375,6602.06362503581,3822.78616775433,"oligodendrocyte_1",NA,NA,NA,"female","F4",2,"0613_F4_L"
"2787445900167100081","20240503",4495.080078125,5389.14061013516,1181.32817890131,"oligodendrocyte_2",NA,NA,NA,"female","F5",1,"0503_F5_C"
"2787445900726100247","20240503",2303.22973632812,6668.62733864738,5458.32850931957,"oligodendrocyte_progenitor_2",NA,NA,NA,"female","F3",4,"0503_F3_T"
"2787445900289100044","20240503",809.344177246094,8530.39418421406,1880.12468093776,"DH_in_Cdh3",1,"inhibitory",10,"female","F4",1,"0503_F4_C"
"2795903600353100272","20240613",2895.05908203125,4229.48939341243,7605.53185848231,"oligodendrocyte_progenitor_2",NA,NA,NA,"male","M5",4,"0613_M5_T"
"2787445900774200005","20240503",1137.38903808594,9669.04663531354,5543.64521453144,"meninges_1",NA,NA,NA,"female","F3",1,"0503_F3_C"
"2707604700201100053","20240415",3211.29321289062,4484.88671532607,7480.91320791934,"oligodendrocyte_progenitor_2",NA,NA,NA,"male","M2",4,"0415_M2_T"
"2796212800562100175","20240613",3444.37841796875,7724.97554257512,4845.36329852848,"astrocyte_2",NA,NA,NA,"female","F4",4,"0613_F4_T"
"2787445900824100123","20240503",2447.99389648438,2847.61172700376,6307.508744182,"oligodendrocyte_progenitor_2",NA,NA,NA,"female","F3",3,"0503_F3_S"
"2656144900480100148","20240328",1774.13171386719,9177.43642249062,5209.51317229602,"oligodendrocyte_1",NA,NA,NA,"male","M2",2,"0328_M2_L"
"2945606900000001645","20240328",2532.81762695312,1017.16584605028,4992.58717036789,"astrocyte_1",NA,NA,NA,"female","F1",1,"0328_F1_C"
"2707604700388100091","20240415",2322.85083007812,2996.32095514119,9735.28941233945,"MV_ex_Syt2",4,"excitatory",14,"male","M2",1,"0415_M2_C"
"2787445900681100123","20240503",2732.25390625,4275.39349710778,5027.13435361216,"DH_ex_Maf/Slc17a8",1,"excitatory",10,"female","F3",2,"0503_F3_L"
"2795103300377100032","20240610",3311.19677734375,7841.59727134829,2724.04476346847,"astrocyte_1",NA,NA,NA,"male","M5",2,"0610_M5_L"
"2796212800714100218","20240613",3176.99584960938,5558.28346774913,6340.39129724278,"astrocyte_1",NA,NA,NA,"female","F3",4,"0613_F3_T"
"2796212800594100237","20240613",5377.52392578125,7651.77500981651,5190.05186301976,"astrocyte_1",NA,NA,NA,"female","F4",4,"0613_F4_T"
"2787445900427100114","20240503",4454.71435546875,5692.02737755061,3227.5391489685,"oligodendrocyte_2",NA,NA,NA,"female","F4",4,"0503_F4_T"
"2946331700000018728","20240415",1997.00122070312,11033.7600168423,3471.88769494288,"oligodendrocyte_1",NA,NA,NA,"female","F2",2,"0415_F2_L"
"2787445900434100066","20240503",3183.35278320312,7686.87864059047,3094.48382006021,"oligodendrocyte_progenitor_2",NA,NA,NA,"female","F4",1,"0503_F4_C"
"2795103300232100235","20240610",2265.04931640625,6463.65698421741,1762.87142474478,"DH_in_Npy",1,"inhibitory",4,"male","M4",2,"0610_M4_L"
"2656144900113100155","20240328",1942.49609375,8522.4853472204,1226.43248362376,"astrocyte_1",NA,NA,NA,"male","M1",1,"0328_M1_C"
"2707604700362100104","20240415",2910.4912109375,2577.92855071376,9493.50900385264,"pericyte",NA,NA,NA,"male","M2",1,"0415_M2_C"
"2707737900007100250","20240415",3047.3759765625,10212.8074223618,8031.05546175502,"DH_in_Kcnip2",1,"inhibitory",9,"female","F1",3,"0415_F1_S"
"2787445900804100164","20240503",2595.1396484375,7689.03623706498,5982.08407580303,"endothelial",NA,NA,NA,"male","M5",1,"0503_M5_C"
"2796212800109100030","20240613",5177.95703125,6216.83975488227,745.786253641592,"oligodendrocyte_progenitor_2",NA,NA,NA,"female","F5",3,"0613_F5_S"
"2795584800446100145","20240610",1889.71423339844,4102.61738609575,7331.95859383003,"oligodendrocyte_precursor_cell",NA,NA,NA,"female","F4",4,"0610_F4_T"
"2656144900111100104","20240328",1653.64978027344,8031.44845262232,1095.7825207446,"MV_in_Chrna2",4,"inhibitory",19,"male","M1",1,"0328_M1_C"
"2707604700227100028","20240415",2898.15576171875,5063.94815237923,7736.13754822186,"oligodendrocyte_2",NA,NA,NA,"male","M2",4,"0415_M2_T"
"2795584800188100248","20240610",1249.87854003906,2354.48144990785,5380.51182740074,"DH_ex_Maf/Cck",1,"excitatory",10,"female","F3",1,"0610_F3_C"
"2707604700086100071","20240415",3199.60107421875,5987.53771879367,6037.87892220437,"DH_ex_Reln",1,"excitatory",6,"male","M2",2,"0415_M2_L"
"2787889600388100113","20240503",3949.03955078125,10252.7533556463,8683.82582828464,"gamma_motoneuron",NA,NA,22,"male","M4",1,"0503_M4_C"
"2707604000095200011","20240415",3000.251953125,5829.8815477988,9116.97288817067,"astrocyte_2",NA,NA,NA,"male","M3",4,"0415_M3_T"
"2707604700271100177","20240415",376.427703857422,3779.54493130889,8400.79830975371,"DH_in_Pdyn",1,"inhibitory",2,"male","M2",4,"0415_M2_T"
"2795584800185100220","20240610",4816.53662109375,1422.16535897236,5329.14275050946,"oligodendrocyte_precursor_cell",NA,NA,NA,"female","F3",1,"0610_F3_C"
"2707604700365100206","20240415",4231.98974609375,3228.92776145181,9545.2567156158,"oligodendrocyte_precursor_cell",NA,NA,NA,"male","M2",1,"0415_M2_C"
"2795584800454100186","20240610",1331.77380371094,6165.1205751471,7351.68738568126,"DH_in_Pdyn",1,"inhibitory",2,"female","F4",2,"0610_F4_L"
"2707604000139100111","20240415",2111.60961914062,5631.81113510874,9997.90870778722,"M_in_Tfap2b",3,"inhibitory",12,"male","M3",4,"0415_M3_T"
"2795584800660100042","20240610",4116.99267578125,3514.65603872764,8836.87301364439,"DM_ex_Zfhx3",2,"excitatory",11,"female","F5",1,"0610_F5_C"
"2795903600489100272","20240613",2011.47509765625,6089.35147218587,9064.93838026133,"M_ex_Vsx2",3,"excitatory",20,"male","M5",1,"0613_M5_C"
"2795903600346100148","20240613",2144.08227539062,2363.46949303152,7565.30090148054,"oligodendrocyte_progenitor_2",NA,NA,NA,"male","M4",2,"0613_M4_L"
"2787445900550100290","20240503",2017.83203125,8930.55382419366,4072.71879268109,"astrocyte_1",NA,NA,NA,"female","F3",1,"0503_F3_C"
"2796212800457100128","20240613",3963.6611328125,5170.92482347693,4060.71858951706,"DH_ex_Nmu/Tac2",1,"excitatory",8,"female","F3",2,"0613_F3_L"
"2707604000041100205","20240415",3552.31958007812,7607.32306657851,8176.73391238044,"endothelial",NA,NA,NA,"male","M3",2,"0415_M3_L"
"2787445900583100209","20240503",1517.86779785156,7915.72179543064,4335.1353888923,"M_in_Tfap2b",3,"inhibitory",12,"female","F3",1,"0503_F3_C"
"2795103300161100219","20240610",3592.17138671875,6121.67767766281,1291.23955048015,"astrocyte_1",NA,NA,NA,"male","M4",2,"0610_M4_L"
"2707737900021100021","20240415",3173.39868164062,10583.3637738848,8057.24990038434,"oligodendrocyte_progenitor_2",NA,NA,NA,"female","F1",3,"0415_F1_S"
"2707604700059100025","20240415",3565.18310546875,4899.22443358263,5717.80223541323,"oligodendrocyte_precursor_cell",NA,NA,NA,"male","M2",2,"0415_M2_L"
"2656144900589100173","20240328",1802.59216308594,10636.7037335373,6226.08192331588,"astrocyte_1",NA,NA,NA,"male","M1",2,"0328_M1_L"
"2795903600489100136","20240613",2907.03369140625,6100.86251022172,8931.64812646387,"oligodendrocyte_2",NA,NA,NA,"male","M5",1,"0613_M5_C"
"2946331700000021582","20240415",3919.45434570312,11238.1234053138,4115.10717629873,"oligodendrocyte_progenitor_2",NA,NA,NA,"female","F2",2,"0415_F2_L"
"2796212800684100092","20240613",1732.04614257812,5937.69092893694,6030.70139379182,"DH_ex_Gpr83",1,"excitatory",2,"female","F3",4,"0613_F3_T"
"2796212800849100193","20240613",2905.94140625,7347.58511335775,7325.54519495612,"oligodendrocyte_2",NA,NA,NA,"female","F3",1,"0613_F3_C"
"2945606900000000578","20240328",965.731323242188,1121.90723657583,4442.72365210581,"meninges_1",NA,NA,NA,"female","F1",1,"0328_F1_C"
"2656144300162100043","20240328",2616.29296875,8354.87787143641,12245.7717801498,"DH_ex_Gpr83",1,"excitatory",2,"female","F2",2,"0328_F2_L"
"2795584800412100093","20240610",3043.54321289062,4505.66270819146,6931.5932383722,"endothelial",NA,NA,NA,"female","F4",4,"0610_F4_T"
"2656144900587100015","20240328",1319.89624023438,10194.3822261847,6084.38551786362,"DH_ex_Reln",1,"excitatory",6,"male","M1",2,"0328_M1_L"
"2787445900654100075","20240503",3121.70190429688,7125.80257382034,4802.544493943,"oligodendrocyte_2",NA,NA,NA,"female","F3",1,"0503_F3_C"
"2726562800098100274","20240422",4179.60302734375,5247.07767166297,3444.44471871975,"astrocyte_1",NA,NA,NA,"male","M2",1,"0422_M2_C"
"2707604700246100039","20240415",3236.78149414062,3765.19107494282,8029.48024056805,"astrocyte_1",NA,NA,NA,"male","M2",4,"0415_M2_T"
"2795903600541100153","20240613",4157.62060546875,5972.46372900618,9514.31839888122,"oligodendrocyte_progenitor_2",NA,NA,NA,"male","M5",1,"0613_M5_C"
"2656144900505100116","20240328",1875.38061523438,8988.26995812397,5354.0106937825,"microglia",NA,NA,NA,"male","M2",2,"0328_M2_L"
"2795903600590100287","20240613",510.778778076172,5189.56590025604,10154.8744372576,"DM_ex_Zfhx3",2,"excitatory",11,"male","M4",1,"0613_M4_C"
"2787445900301100170","20240503",3217.06518554688,1372.06973630923,2311.88646604997,"DH_in_Npy",1,"inhibitory",4,"female","F5",3,"0503_F5_S"
"2787445900290100178","20240503",3745.28735351562,8705.94581448811,2066.12879003317,"oligodendrocyte_precursor_cell",NA,NA,NA,"female","F4",1,"0503_F4_C"
"2656143800415100023","20240328",1494.1181640625,5411.71608105936,6851.72266383003,"DH_in_Kcnip2",1,"inhibitory",9,"male","M3",2,"0328_M3_L"
"2796212800584100036","20240613",3800.01977539062,4946.28928324301,4944.95614689973,"MV_in_Gm26673",4,"inhibitory",19,"female","F3",2,"0613_F3_L"
"2787445900281100048","20240503",2341.06689453125,6143.43609132408,1909.44664229825,"oligodendrocyte_2",NA,NA,NA,"female","F5",1,"0503_F5_C"
"2707604800164100058","20240415",1986.35412597656,4866.21005784045,4929.3673495804,"DH_ex_Reln/Nmur2",1,"excitatory",3,"male","M1",2,"0415_M1_L"
"2795903600241200127","20240613",5149.263671875,2000.68643512754,6552.3044037176,"endothelial",NA,NA,NA,"male","M4",2,"0613_M4_L"
"2787445900634100017","20240503",4816.15576171875,1356.22565689005,4672.19706418757,"oligodendrocyte_progenitor_2",NA,NA,NA,"female","F4",3,"0503_F4_S"
"2796212800633100043","20240613",3571.4658203125,9687.0987412557,5243.92824369372,"oligodendrocyte_1",NA,NA,NA,"female","F5",1,"0613_F5_C"
"2795903600517100029","20240613",2565.94946289062,6565.50218006453,9088.73244470257,"DH_ex_Grp",1,"excitatory",6,"male","M5",1,"0613_M5_C"
"2945606900000001948","20240328",1359.89135742188,1618.37902778113,5054.07128112938,"astrocyte_1",NA,NA,NA,"female","F1",1,"0328_F1_C"
"2946331700000001699","20240415",2446.06958007812,8375.71621286028,783.317902740557,"MV_ex_Shox2",4,"excitatory",18,"female","F2",1,"0415_F2_C"
"2795903600411100019","20240613",2464.57592773438,5976.71589530454,8007.21238343688,"peripheral_glia",NA,NA,NA,"male","M5",1,"0613_M5_C"
"2656144900589100180","20240328",2346.0234375,10650.25443041,6232.67314617828,"MV_in_Gabra1",4,"inhibitory",16,"male","M1",2,"0328_M1_L"
"2656144900238100021","20240328",3332.3125,6957.27307422513,2459.32564389604,"oligodendrocyte_1",NA,NA,NA,"male","M2",1,"0328_M2_C"
"2946331700000015836","20240415",3071.60327148438,11018.1689474609,2849.79860541617,"oligodendrocyte_1",NA,NA,NA,"female","F2",2,"0415_F2_L"
"2656143800079100123","20240328",2311.55615234375,2195.75935142381,3322.65674349607,"endothelial",NA,NA,NA,"male","M3",1,"0328_M3_C"
"2656144900138100135","20240328",2177.197265625,8236.0319401405,1426.05361581786,"MV_in_Gabra1",4,"inhibitory",16,"male","M1",1,"0328_M1_C"
"2787889600382100032","20240503",1977.15100097656,8563.98048284487,8656.5459717949,"meninges_3",NA,NA,NA,"male","M4",1,"0503_M4_C"
"2787445900464100044","20240503",2785.3876953125,5571.56957917172,3342.40955525954,"alpha_motoneuron",NA,NA,22,"female","F4",4,"0503_F4_T"
"2795584800185100229","20240610",2750.36767578125,1526.92137842861,5335.79831596796,"DH_ex_Tac2",1,"excitatory",8,"female","F3",1,"0610_F3_C"
"2656144900371100142","20240328",2028.46875,7960.87782675878,4020.49528380483,"oligodendrocyte_2",NA,NA,NA,"male","M2",4,"0328_M2_T"
"2656143800391100195","20240328",2408.49194335938,5633.94257412193,6761.38856292676,"endothelial",NA,NA,NA,"male","M3",2,"0328_M3_L"
"2795584800421100200","20240610",5350.4599609375,7216.74322144646,7025.63364341539,"oligodendrocyte_progenitor_2",NA,NA,NA,"female","F4",2,"0610_F4_L"
"2707604700318100133","20240415",2209.6396484375,3686.97945165235,9022.90941748489,"visceral_motoneuron",NA,NA,20,"male","M2",1,"0415_M2_C"
"2726562800078100055","20240422",2771.83813476562,4837.65280413374,2922.14291220609,"oligodendrocyte_1",NA,NA,NA,"male","M2",1,"0422_M2_C"
"2726562700216100124","20240422",1732.71862792969,10307.8598190107,10813.9098003805,"oligodendrocyte_precursor_cell",NA,NA,NA,"female","F2",2,"0422_F2_L"
"2707737900087100048","20240415",2564.94580078125,10918.6400578386,9485.06831635244,"MV_in_Gabra1",4,"inhibitory",16,"female","F1",2,"0415_F1_L"
"2796212800668100013","20240613",1332.47546386719,10439.5013677664,5507.57480610732,"DH_ex_Reln/Npff",1,"excitatory",1,"female","F5",1,"0613_F5_C"
"2787445900426100129","20240503",3327.818359375,5429.47547231067,3129.36511819658,"MV_in_Gabra1",4,"inhibitory",16,"female","F4",4,"0503_F4_T"
"2656143800343100215","20240328",773.625,6086.95716085471,6252.82414998862,"alpha_motoneuron",NA,NA,22,"male","M3",2,"0328_M3_L"
"2787445900550100228","20240503",1244.232421875,8925.59085970034,4003.49120343354,"MV_in_Gabra1",4,"inhibitory",16,"female","F3",1,"0503_F3_C"
"2795903600481100147","20240613",1206.28552246094,3857.70516901527,8972.79151928134,"DH_in_Rorb",1,"inhibitory",7,"male","M4",4,"0613_M4_T"
"2787445900169100085","20240503",3200.5546875,5993.59397178073,1078.74843535456,"oligodendrocyte_progenitor_2",NA,NA,NA,"female","F5",1,"0503_F5_C"
"2795903600400100035","20240613",3327.01708984375,2915.07230206534,8007.7514668152,"oligodendrocyte_2",NA,NA,NA,"male","M4",4,"0613_M4_T"
"2707604700247100091","20240415",2744.00024414062,3947.56117273857,8093.416239638,"astrocyte_1",NA,NA,NA,"male","M2",4,"0415_M2_T"
"2946331700000006688","20240415",3056.91381835938,8940.19520473492,1633.84132325201,"DH_ex_Nmu/Tac2",1,"excitatory",8,"female","F2",1,"0415_F2_C"
"2945606900000001429","20240328",710.054138183594,626.505265779742,5043.62104032552,"DH_ex_Reln/Nmur2",1,"excitatory",3,"female","F1",1,"0328_F1_C"
"2656143800178100120","20240328",819.050720214844,1902.56370872668,4409.04152663937,"DM_ex_Zfhx3",2,"excitatory",11,"male","M3",1,"0328_M3_C"
"2656144300102100095","20240328",2084.21362304688,10826.804251614,11490.0990771319,"DH_ex_Reln/Nmur2",1,"excitatory",3,"female","F2",4,"0328_F2_T"
"2707604700364100115","20240415",1542.07592773438,2951.39390147012,9438.10252483989,"oligodendrocyte_progenitor_2",NA,NA,NA,"male","M2",1,"0415_M2_C"
"2796212800945100041","20240613",5067.93310546875,7549.81881452724,8047.35854267739,"endothelial",NA,NA,NA,"female","F3",1,"0613_F3_C"
"2707604000140100070","20240415",3643.87524414062,5870.01015133376,9974.79343490698,"DH_ex_Prkcg/Rxfp1",1,"excitatory",6,"male","M3",4,"0415_M3_T"
"2796212800376100010","20240613",1630.24450683594,9455.10365229845,2967.8392221838,"DH_ex_Maf/Cck",1,"excitatory",10,"female","F5",4,"0613_F5_T"
"2787445900620100210","20240503",3664.62817382812,7991.70625962911,4614.07244142014,"endothelial",NA,NA,NA,"female","F3",1,"0503_F3_C"
"2946331700000021478","20240415",4479.013671875,11036.0910370597,4159.13615253386,"oligodendrocyte_progenitor_2",NA,NA,NA,"female","F2",2,"0415_F2_L"
"2795584800103100092","20240610",1551.5908203125,8733.0996129312,4412.39461105561,"alpha_motoneuron",NA,NA,22,"female","F3",3,"0610_F3_S"
"2656143800367100223","20240328",1581.14904785156,5753.04774473712,6519.92891642821,"visceral_motoneuron",NA,NA,20,"male","M3",2,"0328_M3_L"
"2796212800394100031","20240613",5935.20703125,5492.82335165609,3272.87353327405,"alpha_motoneuron",NA,NA,22,"female","F4",2,"0613_F4_L"
"2795903600428100076","20240613",2875.92651367188,3366.55600200644,8354.6112181224,"DH_ex_Prkcg/Rxfp1",1,"excitatory",6,"male","M4",4,"0613_M4_T"
"2787445900695100049","20240503",2749.61352539062,8107.92337110161,5041.71776552316,"oligodendrocyte_2",NA,NA,NA,"female","F3",1,"0503_F3_C"
"2946331700000006828","20240415",692.422241210938,9280.93310144497,1561.8826019399,"DH_ex_Cpne4",1,"excitatory",3,"female","F2",1,"0415_F2_C"
"2707737900021100017","20240415",2148.68188476562,10678.4765848311,8054.49263197975,"astrocyte_1",NA,NA,NA,"female","F1",3,"0415_F1_S"
"2787445900550100232","20240503",349.488128662109,8918.29665655049,4008.99157827892,"oligodendrocyte_1",NA,NA,NA,"female","F3",1,"0503_F3_C"
"2656144900209100194","20240328",2036.62756347656,6267.63168103981,2411.82805019661,"DH_ex_Maf/Cck",1,"excitatory",10,"male","M2",1,"0328_M2_C"
"2787445900840100017","20240503",1129.18981933594,7391.28669207729,6098.0138636652,"meninges_1",NA,NA,NA,"male","M5",1,"0503_M5_C"
"2795584800749100119","20240610",2857.58911132812,8227.86858465342,9313.41028468565,"DH_ex_Gpr83",1,"excitatory",2,"female","F5",3,"0610_F5_S"
"2707604800102100063","20240415",1592.21032714844,5226.68368503277,4095.94094173145,"microglia",NA,NA,NA,"male","M1",2,"0415_M1_L"
"2796212800792100233","20240613",2219.25439453125,9365.96832776815,6771.26274701417,"oligodendrocyte_progenitor_2",NA,NA,NA,"female","F4",1,"0613_F4_C"
"2795103300331100331","20240610",3024.09448242188,4711.6410002723,2698.21570823953,"MV_in_Gabra1",4,"inhibitory",16,"male","M5",4,"0610_M5_T"
"2796212800387100116","20240613",2896.45092773438,3648.84582720022,3343.04401666345,"DM_ex_Zfhx3",2,"excitatory",11,"female","F3",3,"0613_F3_S"
"2656143800054100226","20240328",2246.22509765625,2222.44190980087,3138.24264153943,"MV_in_Chrna2",4,"inhibitory",19,"male","M3",1,"0328_M3_C"
"2787445900050100089","20240503",836.645812988281,3815.45291782322,234.784277340601,"oligodendrocyte_progenitor_2",NA,NA,NA,"female","F5",4,"0503_F5_T"
"2707604700083100185","20240415",4240.5966796875,5061.84575563816,6150.6200688025,"MV_in_Esrrb",4,"inhibitory",14,"male","M2",2,"0415_M2_L"
"2787445900822100202","20240503",3799.55859375,2356.10105940708,6336.92216902896,"endothelial",NA,NA,NA,"female","F3",3,"0503_F3_S"
"2787445900546100044","20240503",2320.7998046875,7902.81870350044,3891.56164425032,"oligodendrocyte_2",NA,NA,NA,"female","F3",1,"0503_F3_C"
"2795584800418100037","20240610",4076.34448242188,6176.4926661824,6869.70264750326,"endothelial",NA,NA,NA,"female","F4",2,"0610_F4_L"
"2656144900314100125","20240328",1073.86596679688,6473.48671774708,3374.73070137791,"astrocyte_2",NA,NA,NA,"male","M2",1,"0328_M2_C"
"2787445900760100107","20240503",2068.22900390625,5723.92766309716,5644.99618178047,"oligodendrocyte_1",NA,NA,NA,"female","F3",4,"0503_F3_T"
"2707604800425100029","20240415",2383.1572265625,1425.09942098148,8570.70615411818,"oligodendrocyte_progenitor_2",NA,NA,NA,"male","M1",1,"0415_M1_C"
"2707604700389100209","20240415",4246.775390625,3208.47470864108,9843.79547718458,"DH_in_Cdh3",1,"inhibitory",10,"male","M2",1,"0415_M2_C"
"2656143800241100242","20240328",2903.12329101562,5653.98613874411,5126.85872480291,"DM_ex_Zfhx3",2,"excitatory",11,"male","M3",4,"0328_M3_T"
"2787889600405100288","20240503",2073.44775390625,4947.92817828746,9029.12058999357,"astrocyte_1",NA,NA,NA,"male","M4",2,"0503_M4_L"
"2795903600481100063","20240613",3734.18481445312,3650.06170803649,8870.47418080724,"DH_in_Cdh3",1,"inhibitory",10,"male","M4",4,"0613_M4_T"
"2707737900048100169","20240415",334.792541503906,10951.9856373059,8819.34613524051,"oligodendrocyte_1",NA,NA,NA,"female","F1",2,"0415_F1_L"
"2796212800594100218","20240613",2699.48950195312,7661.86096701957,5163.14974795544,"astrocyte_1",NA,NA,NA,"female","F4",4,"0613_F4_T"
"2707604000054100167","20240415",3164.29345703125,7057.77531415762,8408.46010189576,"oligodendrocyte_progenitor_2",NA,NA,NA,"male","M3",2,"0415_M3_L"
"2787445900686100149","20240503",814.019104003906,5762.42327279854,5130.44193869455,"DH_ex_Nmu/Tac2",1,"excitatory",8,"female","F3",4,"0503_F3_T"
"2707737900060100153","20240415",691.813598632812,10528.75587377,9051.19345173612,"alpha_motoneuron",NA,NA,22,"female","F1",2,"0415_F1_L"
"2795584800221100045","20240610",2651.93872070312,1552.52365840921,5457.7318403465,"DH_in_Klhl14",1,"inhibitory",10,"female","F3",1,"0610_F3_C"
"2795903600267100066","20240613",1722.92883300781,2028.48865880625,6614.37933968296,"oligodendrocyte_progenitor_1",NA,NA,NA,"male","M4",2,"0613_M4_L"
"2787445900252100074","20240503",1560.07751464844,8582.85998478695,1659.71483550617,"DH_ex_Sox5",1,"excitatory",5,"female","F4",1,"0503_F4_C"
"2787445900762100145","20240503",2510.3271484375,6160.3649725666,5669.49341402389,"astrocyte_1",NA,NA,NA,"female","F3",4,"0503_F3_T"
"2787889600243100078","20240503",2753.22973632812,9900.81668548076,7613.50512267477,"meninges_2",NA,NA,NA,"male","M4",1,"0503_M4_C"
"2946331700000017490","20240415",2614.47583007812,10897.5793085404,3128.1232861341,"astrocyte_1",NA,NA,NA,"female","F2",2,"0415_F2_L"
"2787889600451100046","20240503",790.759765625,7673.55418371293,9161.72058318698,"oligodendrocyte_progenitor_2",NA,NA,NA,"male","M4",4,"0503_M4_T"
"2787889600092100043","20240503",3800.6318359375,7839.64826457552,6332.53541968684,"oligodendrocyte_progenitor_2",NA,NA,NA,"male","M5",1,"0503_M5_C"
"2707604700087100062","20240415",2516.22192382812,6062.40355396358,6125.66644386051,"oligodendrocyte_progenitor_2",NA,NA,NA,"male","M2",2,"0415_M2_L"
"2787445900512100083","20240503",487.683258056641,8841.33807202592,3787.67458904759,"DH_ex_Cpne4",1,"excitatory",3,"female","F3",1,"0503_F3_C"
"2787445900548100146","20240503",2214.98706054688,8410.47701645864,3980.91095887347,"oligodendrocyte_2",NA,NA,NA,"female","F3",1,"0503_F3_C"
"2656144900111100264","20240328",2417.77221679688,8031.64720198784,1243.5629372054,"astrocyte_1",NA,NA,NA,"male","M1",1,"0328_M1_C"
"2796212800399100071","20240613",1752.88916015625,6813.40971797053,3432.86956338771,"DM_ex_Zfhx3",2,"excitatory",11,"female","F4",2,"0613_F4_L"
"2796212800388100154","20240613",3733.18872070312,3789.54669764405,3438.39190338622,"oligodendrocyte_progenitor_2",NA,NA,NA,"female","F3",3,"0613_F3_S"
"2787889600132100196","20240503",443.579772949219,9084.37223732099,6794.54127938848,"oligodendrocyte_1",NA,NA,NA,"male","M5",1,"0503_M5_C"
"2796212800716100104","20240613",4544.03759765625,5947.54273076169,6155.4073374017,"oligodendrocyte_progenitor_2",NA,NA,NA,"female","F3",4,"0613_F3_T"
"2946331700000004869","20240415",1762.11083984375,8644.38975558151,1248.44114875002,"oligodendrocyte_progenitor_2",NA,NA,NA,"female","F2",1,"0415_F2_C"
"2787445900897100196","20240503",2688.642578125,2545.36472635117,6895.5156579663,"oligodendrocyte_2",NA,NA,NA,"female","F3",3,"0503_F3_S"
"2656143800190100078","20240328",1975.16394042969,5225.28254907666,4405.81650288764,"MV_ex_Syt2",4,"excitatory",14,"male","M3",4,"0328_M3_T"
"2795103300378100099","20240610",6063.55859375,8133.28630430019,2900.32458897415,"microglia",NA,NA,NA,"male","M5",2,"0610_M5_L"
"2795584800087100056","20240610",2326.31494140625,4469.01169916813,4369.46707803142,"MV_in_Gabra1",4,"inhibitory",16,"female","F3",4,"0610_F3_T"
"2707604800382100052","20240415",2286.5625,1275.8928637114,8046.52754880674,"MV_in_Gabra1",4,"inhibitory",16,"male","M1",1,"0415_M1_C"
"2787445900682100104","20240503",4738.17822265625,4446.2509388192,5045.9204946028,"DH_ex_Maf/Slc17a8",1,"excitatory",10,"female","F3",2,"0503_F3_L"
"2707604800404100228","20240415",2484.68408203125,1482.42283781426,8504.24804110324,"astrocyte_1",NA,NA,NA,"male","M1",1,"0415_M1_C"
"2726543700195100241","20240422",2730.52734375,1424.90801767605,5476.98678646924,"MV_in_Sema5b",4,"inhibitory",15,"male","M3",1,"0422_M3_C"
"2787445900089100118","20240503",1692.11975097656,4357.92125438171,583.726781633653,"oligodendrocyte_progenitor_2",NA,NA,NA,"female","F5",4,"0503_F5_T"
"2787445900431100033","20240503",2938.19311523438,6887.38570037694,3052.77550364198,"oligodendrocyte_2",NA,NA,NA,"female","F4",1,"0503_F4_C"
"2707604700070100133","20240415",2308.80444335938,8130.57721932788,5967.99091634643,"DH_in_Rorb",1,"inhibitory",7,"male","M3",3,"0415_M3_S"
"2796212800625100072","20240613",1913.53662109375,7598.74692303129,5261.37550034205,"endothelial",NA,NA,NA,"female","F4",4,"0613_F4_T"
"2656144900615100088","20240328",1734.77954101562,10789.0224578054,6425.41895419354,"astrocyte_1",NA,NA,NA,"male","M1",2,"0328_M1_L"
"2796212800486100123","20240613",3294.38623046875,4424.67960632965,4200.41710274457,"alpha_motoneuron",NA,NA,22,"female","F3",2,"0613_F3_L"
"2795903600294100071","20240613",2788.19506835938,2415.23583863996,6880.96534112122,"MV_ex_Shox2",4,"excitatory",18,"male","M4",2,"0613_M4_L"
"2795584800435100345","20240610",3633.37744140625,1037.56704710673,7374.69024535135,"DH_ex_Sox5",1,"excitatory",5,"female","F4",1,"0610_F4_C"
"2795584800493100159","20240610",1272.58935546875,7151.46058081527,7493.87702305027,"DH_ex_Prkcg/Rxfp1",1,"excitatory",6,"female","F4",2,"0610_F4_L"
"2795903600293100148","20240613",2952.91186523438,1990.89808858097,6991.65529685447,"alpha_motoneuron",NA,NA,22,"male","M4",2,"0613_M4_L"
"2795584800747100174","20240610",2498.8671875,7609.16327549575,9349.10435098356,"oligodendrocyte_2",NA,NA,NA,"female","F5",2,"0610_F5_L"
"2795584800674100070","20240610",1683.47863769531,7287.02840024134,8840.32572166602,"MV_in_Sema5b",4,"inhibitory",15,"female","F5",2,"0610_F5_L"
"2795584800512100028","20240610",2277.62719726562,2426.72474008797,7759.45540136073,"DH_ex_Sox5/Tac1",1,"excitatory",5,"female","F4",1,"0610_F4_C"
"2946331700000014831","20240415",2844.0380859375,12080.2139455557,2627.53959078563,"oligodendrocyte_2",NA,NA,NA,"female","F2",3,"0415_F2_S"
"2707604700081200046","20240415",2675.00366210938,4609.99224028813,6118.91255132284,"oligodendrocyte_progenitor_2",NA,NA,NA,"male","M2",2,"0415_M2_L"
"2787889600450100193","20240503",966.656188964844,7368.85294823744,9254.09907280339,"MV_in_Gabra1",4,"inhibitory",16,"male","M4",4,"0503_M4_T"
"2787889600266100096","20240503",3958.2333984375,6231.86401543207,7798.54308646504,"astrocyte_1",NA,NA,NA,"male","M5",4,"0503_M5_T"
"2707604800342100193","20240415",2516.56884765625,1817.24239074334,7704.15722116246,"astrocyte_1",NA,NA,NA,"male","M1",1,"0415_M1_C"
"2787889600361100117","20240503",1585.62060546875,2480.93842854828,8641.14125697,"oligodendrocyte_progenitor_2",NA,NA,NA,"male","M5",3,"0503_M5_S"
"2726543700165100248","20240422",833.21875,1823.23146073581,5230.67264249193,"alpha_motoneuron",NA,NA,22,"male","M3",1,"0422_M3_C"
"2787889600479100095","20240503",2935.55859375,5301.04978259897,9470.82831428529,"oligodendrocyte_progenitor_2",NA,NA,NA,"male","M4",2,"0503_M4_L"
"2707604800139100019","20240415",3979.16064453125,3910.33120808401,4705.62837429577,"endothelial",NA,NA,NA,"male","M1",2,"0415_M1_L"
"2787889600421100191","20240503",2732.95458984375,9225.20801371173,9079.78577703724,"oligodendrocyte_2",NA,NA,NA,"male","M4",1,"0503_M4_C"
"2787445900760200154","20240503",1738.99291992188,5739.59117311961,5782.73898416432,"oligodendrocyte_progenitor_2",NA,NA,NA,"female","F3",4,"0503_F3_T"
"2707604800165100038","20240415",2675.54077148438,5109.04152748187,5113.60497506754,"astrocyte_2",NA,NA,NA,"male","M2",2,"0415_M2_L"
"2707604800364100170","20240415",2771.5966796875,1949.89242357825,7886.76294189179,"DH_in_Rorb",1,"inhibitory",7,"male","M1",1,"0415_M1_C"
"2796212800812100181","20240613",3482.841796875,6059.53411858063,7080.47990754433,"oligodendrocyte_progenitor_2",NA,NA,NA,"female","F3",4,"0613_F3_T"
"2796212800111100134","20240613",2207.99682617188,6855.7766917767,922.993639490218,"MV_in_Gabra1",4,"inhibitory",16,"female","F5",3,"0613_F5_S"
"2707604800424100200","20240415",3009.27954101562,1173.91897056275,8750.78381067165,"MV_in_Gabra1",4,"inhibitory",16,"male","M1",1,"0415_M1_C"
"2796212800779100214","20240613",1356.82165527344,5905.43489599507,6795.82843920251,"MV_in_Esrrb",4,"inhibitory",14,"female","F3",4,"0613_F3_T"
"2795584800185100100","20240610",4066.1982421875,1415.37159134686,5222.02268006219,"oligodendrocyte_precursor_cell",NA,NA,NA,"female","F3",1,"0610_F3_C"
"2707604800403100039","20240415",4448.7900390625,1291.81100035802,8293.19709960325,"MV_ex_Syt2",4,"excitatory",14,"male","M1",1,"0415_M1_C"
"2787889600347100097","20240503",3793.20971679688,8647.61969485437,8422.71156819226,"oligodendrocyte_2",NA,NA,NA,"male","M4",1,"0503_M4_C"
"2707604700082100082","20240415",2216.21337890625,4747.35439242249,6111.44082060386,"M_ex_Vsx2",3,"excitatory",20,"male","M2",2,"0415_M2_L"
"2787889600060100090","20240503",2690.09204101562,8988.27555555408,6161.22680484148,"oligodendrocyte_progenitor_2",NA,NA,NA,"male","M5",1,"0503_M5_C"
"2707604800014100237","20240415",2928.41284179688,4103.45643553708,3157.70532227494,"astrocyte_1",NA,NA,NA,"male","M1",3,"0415_M1_S"
"2795584800242100071","20240610",1296.03637695312,7439.97605994629,5573.10909559933,"DH_in_Npy",1,"inhibitory",4,"female","F3",2,"0610_F3_L"
"2656143800191100190","20240328",3090.34741210938,5532.95599619311,4545.48186404706,"MV_ex_Syt2",4,"excitatory",14,"male","M3",4,"0328_M3_T"
"2795903600322100049","20240613",2149.73120117188,2867.56879564475,7156.43763417148,"DH_in_Pdyn",1,"inhibitory",2,"male","M4",2,"0613_M4_L"
"2795584800123100094","20240610",3083.63061523438,4199.49392553937,4680.01347817027,"DM_ex_Zfhx3",2,"excitatory",11,"female","F3",4,"0610_F3_T"
"2796212800013100060","20240613",2867.38110351562,6420.65779227205,109.15995682613,"oligodendrocyte_2",NA,NA,NA,"female","F5",3,"0613_F5_S"
"2787445900822100184","20240503",1936.78210449219,2307.23017539165,6310.66526146597,"astrocyte_1",NA,NA,NA,"female","F3",3,"0503_F3_S"
"2795103300233100135","20240610",2297.10034179688,6698.74990570697,1683.21653882234,"DH_in_Cdh3",1,"inhibitory",4,"male","M4",2,"0610_M4_L"
"2795903600412100055","20240613",1307.03942871094,6128.78627415217,8147.26281147148,"DH_ex_Reln/Nmur2",1,"excitatory",3,"male","M5",1,"0613_M5_C"
"2656144300172100154","20240328",3669.5615234375,11141.9644177972,12314.0742959694,"alpha_motoneuron",NA,NA,22,"female","F2",4,"0328_F2_T"
"2795103300400100111","20240610",3279.0390625,4534.80668581088,3052.17979771341,"DH_ex_Grpr",1,"excitatory",2,"male","M5",4,"0610_M5_T"
"2707604000140100055","20240415",2475.6943359375,5899.08388509878,9962.13480851324,"DH_ex_Nmu/Tac2",1,"excitatory",8,"male","M3",4,"0415_M3_T"
"2945606900000014953","20240328",1972.62390136719,3691.76955393015,7032.43659048821,"oligodendrocyte_2",NA,NA,NA,"female","F1",4,"0328_F1_T"
"2787445900365100108","20240503",2847.18090820312,9057.4881065106,2613.05047484933,"oligodendrocyte_1",NA,NA,NA,"female","F4",1,"0503_F4_C"
"2787445900620100139","20240503",4155.27197265625,7883.51671243692,4534.7285314395,"MV_in_Gm26673",4,"inhibitory",19,"female","F3",1,"0503_F3_C"
"2795584800374100017","20240610",3684.08544921875,3971.15030929047,6601.15283490694,"astrocyte_2",NA,NA,NA,"female","F4",4,"0610_F4_T"
"2796212800488100116","20240613",912.351257324219,4927.10156561993,4189.17102861672,"MV_in_Sema5b",4,"inhibitory",15,"female","F3",2,"0613_F3_L"
"2787889600397100210","20240503",2473.65356445312,2548.57992148123,9100.22422297648,"astrocyte_1",NA,NA,NA,"male","M5",3,"0503_M5_S"
"2707604700131100178","20240415",5791.62451171875,4912.19557354412,6777.95504359016,"oligodendrocyte_progenitor_2",NA,NA,NA,"male","M2",2,"0415_M2_L"
"2787889600231100119","20240503",2142.37548828125,6628.77410759742,7504.77609440623,"MV_ex_Syt2",4,"excitatory",14,"male","M5",4,"0503_M5_T"
"2726543700227100235","20240422",3246.052734375,1398.04978351181,5709.29862197815,"microglia",NA,NA,NA,"male","M3",1,"0422_M3_C"
"2787445900362100027","20240503",1168.74011230469,8353.30933041789,2430.42362780642,"astrocyte_1",NA,NA,NA,"female","F4",1,"0503_F4_C"
"2796212800700100071","20240613",2160.04443359375,10505.7043491062,5838.94877170649,"DH_in_Pdyn",1,"inhibitory",2,"female","F5",1,"0613_F5_C"
"2796212800489100062","20240613",3048.78271484375,5155.603460324,4152.21300972416,"DH_in_Cdh3",1,"inhibitory",10,"female","F3",2,"0613_F3_L"
"2787445900395100139","20240503",4163.18505859375,7229.58333369589,2852.52242243814,"oligodendrocyte_progenitor_2",NA,NA,NA,"female","F4",1,"0503_F4_C"
"2707604800033100022","20240415",1666.63647460938,3620.58522053307,3258.58438896481,"DH_ex_Grp",1,"excitatory",6,"male","M1",3,"0415_M1_S"
"2656143800079100222","20240328",1266.65734863281,2253.91993111736,3427.18590102816,"endothelial",NA,NA,NA,"male","M3",1,"0328_M3_C"
"2946331700000006342","20240415",3713.27001953125,8795.5769147494,1549.50238615467,"DH_ex_Sox5",1,"excitatory",5,"female","F2",1,"0415_F2_C"
"2707604800162100155","20240415",1687.40539550781,4408.43747083179,5115.64593572496,"Schwann_cell",NA,NA,NA,"male","M1",2,"0415_M1_L"
"2707604700037100056","20240415",2901.54345703125,5620.18791181908,5501.2760772662,"alpha_motoneuron",NA,NA,22,"male","M2",2,"0415_M2_L"
"2707604800383100111","20240415",1989.40673828125,1487.09410425829,8101.37353348639,"astrocyte_1",NA,NA,NA,"male","M1",1,"0415_M1_C"
"2726562800242100144","20240422",2116.87353515625,8112.90127581067,5316.765111327,"DM_ex_Zfhx3",2,"excitatory",11,"male","M2",2,"0422_M2_L"
"2795584800660100201","20240610",3528.1005859375,3510.63097336571,9069.28165109286,"DH_in_Cdh3",1,"inhibitory",10,"female","F5",1,"0610_F5_C"
"2707604700271200103","20240415",1996.13562011719,3827.48943509557,8382.93705685629,"DH_in_Npy2r",1,"inhibitory",9,"male","M2",4,"0415_M2_T"
"2707604800361100189","20240415",2745.10400390625,1309.13730941186,7980.77464075899,"oligodendrocyte_progenitor_2",NA,NA,NA,"male","M1",1,"0415_M1_C"
"2656144900350100059","20240328",1826.25451660156,9364.69755165691,3595.75308810567,"DH_in_Npy2r",1,"inhibitory",9,"male","M1",4,"0328_M1_T"
"2795903600614100079","20240613",2397.90991210938,4503.54784973143,10264.7471837931,"oligodendrocyte_1",NA,NA,NA,"male","M4",1,"0613_M4_C"
"2796212800529100186","20240613",3041.81860351562,7535.97680306062,4572.65933309414,"DH_ex_Prkcg/Nts",1,"excitatory",8,"female","F4",4,"0613_F4_T"
"2795103300154100205","20240610",3282.9453125,4308.4975577603,1240.52270977217,"DH_ex_Gpr83",1,"excitatory",2,"male","M4",4,"0610_M4_T"
"2656144900565100150","20240328",3918.21118164062,11248.404157406,6051.29102921506,"MV_in_Gm26673",4,"inhibitory",19,"male","M1",2,"0328_M1_L"
"2787445900195100095","20240503",2481.92626953125,2869.42444855382,1557.81170427674,"DH_ex_Reln/Npff",1,"excitatory",1,"female","F5",2,"0503_F5_L"
"2707604700130100023","20240415",2514.25659179688,4800.19455101406,6566.75298821833,"astrocyte_1",NA,NA,NA,"male","M2",2,"0415_M2_L"
"2787889600279100105","20240503",3396.23168945312,9813.30353664979,7809.43132894044,"oligodendrocyte_1",NA,NA,NA,"male","M4",1,"0503_M4_C"
"2707737900007100042","20240415",2360.73608398438,10434.7961968439,7797.65844533546,"DH_ex_Prkcg/Cck",1,"excitatory",8,"female","F1",3,"0415_F1_S"
"2787445900682100044","20240503",3185.78100585938,4492.18976375571,4980.61725679577,"DH_in_Pdyn",1,"inhibitory",2,"female","F3",2,"0503_F3_L"
"2787889600277100258","20240503",290.949523925781,9456.87711850065,7957.08417013907,"DH_in_Pdyn",1,"inhibitory",2,"male","M4",1,"0503_M4_C"
"2707604700086100038","20240415",4075.88720703125,5753.2415220218,6009.51989909296,"astrocyte_1",NA,NA,NA,"male","M2",2,"0415_M2_L"
"2787445900253100301","20240503",1505.34655761719,8829.5944418998,1817.58008820738,"DH_ex_Maf/Cck",1,"excitatory",10,"female","F4",1,"0503_F4_C"
"2946331700000002645","20240415",5596.9609375,7917.14126313105,1060.92126955965,"DH_in_Pdyn/Gal",1,"inhibitory",5,"female","F2",1,"0415_F2_C"
"2707604700225100237","20240415",1119.25036621094,4345.8156950522,7924.90021096962,"ependymal",NA,NA,NA,"male","M2",4,"0415_M2_T"
"2787889600445200056","20240503",3442.01513671875,5893.99378420727,9208.57666650828,"oligodendrocyte_1",NA,NA,NA,"male","M4",2,"0503_M4_L"
"2656143800153100207","20240328",1752.24304199219,1813.56368013765,4228.59671249014,"DH_ex_Gpr83",1,"excitatory",2,"male","M3",1,"0328_M3_C"
"2795903600346200057","20240613",3589.93090820312,2289.99187643197,7500.65118426707,"oligodendrocyte_precursor_cell",NA,NA,NA,"male","M4",2,"0613_M4_L"
"2796212800248100090","20240613",3294.365234375,9365.03064312041,2061.17476573423,"DM_ex_Zfhx3",2,"excitatory",11,"female","F5",4,"0613_F5_T"
"2656144900477100087","20240328",4170.7978515625,8562.58019866346,5109.51625887814,"oligodendrocyte_1",NA,NA,NA,"male","M2",2,"0328_M2_L"
"2796212801012100252","20240613",1831.5537109375,8281.42068256252,8803.60307171522,"DH_ex_Nmu/Tac2",1,"excitatory",8,"female","F3",1,"0613_F3_C"
"2656144900478100116","20240328",2150.01123046875,8744.67079334919,5127.34557518047,"astrocyte_1",NA,NA,NA,"male","M2",2,"0328_M2_L"
"2707604000122100150","20240415",3193.740234375,5085.40832856751,9794.47324677917,"astrocyte_2",NA,NA,NA,"male","M3",4,"0415_M3_T"
"2787445900618100026","20240503",3626.19897460938,7311.42483489937,4436.47572366206,"oligodendrocyte_2",NA,NA,NA,"female","F3",1,"0503_F3_C"
"2787445900364100165","20240503",1650.30004882812,8746.51958860201,2676.63850043193,"oligodendrocyte_1",NA,NA,NA,"female","F4",1,"0503_F4_C"
"2787445900193100123","20240503",1602.09191894531,2389.70436220517,1470.55626312847,"DH_in_Pdyn",1,"inhibitory",2,"female","F5",2,"0503_F5_L"
"2707604700069100204","20240415",1171.70874023438,7865.38147476426,5947.24686455692,"MV_ex_Syt2",4,"excitatory",14,"male","M3",3,"0415_M3_S"
"2707737900144100150","20240415",3054.14013671875,8568.7115214014,10903.8751407579,"gamma_motoneuron",NA,NA,22,"female","F1",4,"0415_F1_T"
"2787445900462100026","20240503",5058.49267578125,5126.48648999375,3284.20639713385,"MV_ex_Syt2",4,"excitatory",14,"female","F4",4,"0503_F4_T"
"2707604000084100100","20240415",2600.84985351562,7034.97782341894,8845.95426290772,"oligodendrocyte_progenitor_2",NA,NA,NA,"male","M3",2,"0415_M3_L"
"2946331700000000828","20240415",2275.15966796875,8297.16599840322,493.631962113315,"endothelial",NA,NA,NA,"female","F2",1,"0415_F2_C"
"2945606900000001412","20240328",1107.56750488281,619.999277065741,5025.81951618541,"DH_in_Pdyn",1,"inhibitory",2,"female","F1",1,"0328_F1_C"
"2656144900615100103","20240328",1918.07336425781,10808.955798776,6451.13548714458,"astrocyte_1",NA,NA,NA,"male","M1",2,"0328_M1_L"
"2796212800397100269","20240613",2460.236328125,6316.53120785765,3521.7025695669,"MV_in_Esrrb",4,"inhibitory",14,"female","F4",2,"0613_F4_L"
"2796212800790100225","20240613",907.236511230469,8929.17632031068,6832.81029914482,"astrocyte_1",NA,NA,NA,"female","F4",1,"0613_F4_C"
"2945606900000005288","20240328",1470.86779785156,1430.05757147388,5653.9642892878,"oligodendrocyte_progenitor_2",NA,NA,NA,"female","F1",1,"0328_F1_C"
"2795903600669200108","20240613",1927.4287109375,5355.94100041699,10927.1651133515,"astrocyte_1",NA,NA,NA,"male","M4",1,"0613_M4_C"
"2945606900000028691","20240328",2354.58471679688,5263.55160669849,9765.63970229269,"oligodendrocyte_progenitor_2",NA,NA,NA,"female","F1",3,"0328_F1_S"
"2707604800445100061","20240415",1145.54711914062,1355.23568275801,8853.14372552896,"DH_ex_Prkcg/Nts",1,"excitatory",8,"male","M1",1,"0415_M1_C"
"2707604700224100023","20240415",2295.24047851562,4221.36287106363,7688.52345611795,"oligodendrocyte_2",NA,NA,NA,"male","M2",4,"0415_M2_T"
"2656144900371100035","20240328",2674.15649414062,8004.17751172082,3857.20392385474,"oligodendrocyte_progenitor_2",NA,NA,NA,"male","M2",4,"0328_M2_T"
"2707604800284100053","20240415",2014.98474121094,3113.07670700236,6634.23583392007,"DM_ex_Zfhx3",2,"excitatory",11,"male","M1",4,"0415_M1_T"
"2707604800340100190","20240415",2479.99682617188,1251.50744548693,7694.65741718351,"astrocyte_1",NA,NA,NA,"male","M1",1,"0415_M1_C"
"2796212800327100095","20240613",4784.78515625,4762.46455365978,2819.84904280992,"oligodendrocyte_2",NA,NA,NA,"female","F4",3,"0613_F4_S"
"2795103300164100198","20240610",3414.51904296875,7061.78343385464,1236.44405195507,"oligodendrocyte_1",NA,NA,NA,"male","M4",2,"0610_M4_L"
"2796212800554100029","20240613",1560.22705078125,5573.67898453493,4661.84430845524,"DH_ex_Grpr",1,"excitatory",2,"female","F3",2,"0613_F3_L"
"2656144900536100014","20240328",1675.37414550781,10341.3325383144,5534.55858706687,"DH_ex_Reln",1,"excitatory",6,"male","M1",2,"0328_M1_L"
"2707604700093100214","20240415",2113.59130859375,7910.66628170948,6164.59060605394,"oligodendrocyte_precursor_cell",NA,NA,NA,"male","M3",3,"0415_M3_S"
"2795103300233100358","20240610",4152.7001953125,6704.25273995823,1852.67175866832,"meninges_2",NA,NA,NA,"male","M4",2,"0610_M4_L"
"2795584800709100041","20240610",2471.22436523438,7038.68397793145,9101.70336522954,"MV_in_Sema5b",4,"inhibitory",15,"female","F5",2,"0610_F5_L"
"2787445900753200023","20240503",2514.05493164062,3862.18113736028,5530.06439708636,"oligodendrocyte_1",NA,NA,NA,"female","F3",2,"0503_F3_L"
"2787889600348100092","20240503",3307.17456054688,9175.3633599421,8378.40942730376,"oligodendrocyte_precursor_cell",NA,NA,NA,"male","M4",1,"0503_M4_C"
"2787445900625100100","20240503",2827.55517578125,9282.36704728031,4537.91295898156,"oligodendrocyte_2",NA,NA,NA,"female","F3",1,"0503_F3_C"
"2656143800265100021","20240328",2954.63061523438,5260.00484734692,5173.70940609736,"oligodendrocyte_progenitor_2",NA,NA,NA,"male","M3",4,"0328_M3_T"
"2656144900555100055","20240328",2542.80493164062,8541.63175402555,5836.20837293759,"microglia",NA,NA,NA,"male","M2",2,"0328_M2_L"
"2656144900164100119","20240328",1921.20776367188,8276.4987928631,1728.40009477682,"oligodendrocyte_progenitor_2",NA,NA,NA,"male","M1",1,"0328_M1_C"
"2656143800052100267","20240328",2585.22412109375,1558.73580272907,3101.22535479127,"DH_in_Pdyn",1,"inhibitory",2,"male","M3",1,"0328_M3_C"
"2656143800130100106","20240328",1704.98229980469,2594.29856915938,3874.12676832423,"gamma_motoneuron",NA,NA,22,"male","M3",1,"0328_M3_C"
"2707604000054100107","20240415",3843.64184570312,6978.02564669735,8330.09172547348,"oligodendrocyte_progenitor_2",NA,NA,NA,"male","M3",2,"0415_M3_L"
"2946331700000002034","20240415",4505.95361328125,9100.50519099197,614.888767885743,"astrocyte_1",NA,NA,NA,"female","F2",1,"0415_F2_C"
"2795584800086100062","20240610",3412.86938476562,3940.7223226694,4405.34829927736,"oligodendrocyte_2",NA,NA,NA,"female","F3",4,"0610_F3_T"
"2656144900488100149","20240328",2897.99975585938,11676.5621573422,5223.00081298612,"MV_in_Sema5b",4,"inhibitory",15,"male","M1",3,"0328_M1_S"
"2787445900805100100","20240503",3563.50122070312,7843.96200857568,5866.90883149831,"DH_in_Rorb",1,"inhibitory",7,"male","M5",1,"0503_M5_C"
"2796212800922100131","20240613",2221.16577148438,10117.5332042761,7845.0321013277,"meninges_1",NA,NA,NA,"female","F4",1,"0613_F4_C"
"2795903600481100163","20240613",3301.81127929688,3835.12961178957,8989.43488878761,"astrocyte_1",NA,NA,NA,"male","M4",4,"0613_M4_T"
"2656144900564100070","20240328",1969.0380859375,11053.193053619,5901.64352349182,"oligodendrocyte_2",NA,NA,NA,"male","M1",2,"0328_M1_L"
"2707737900060100148","20240415",2465.16870117188,10696.7574768529,9046.47942474717,"pericyte",NA,NA,NA,"female","F1",2,"0415_F1_L"
"2707604800424100111","20240415",2486.85693359375,1235.59969835711,8645.49901245383,"oligodendrocyte_1",NA,NA,NA,"male","M1",1,"0415_M1_C"
"2796212800791100075","20240613",3561.33984375,9169.02212614007,6692.985365614,"astrocyte_1",NA,NA,NA,"female","F4",1,"0613_F4_C"
"2787889600405100193","20240503",2459.49169921875,4890.44025603391,8967.23837582742,"DH_in_Cdh3",1,"inhibitory",10,"male","M4",2,"0503_M4_L"
"2787445900657100072","20240503",5843.3642578125,7807.54948930617,4740.72774274826,"oligodendrocyte_1",NA,NA,NA,"female","F3",1,"0503_F3_C"
"2787445900858100202","20240503",1959.97900390625,1910.25120452995,6605.95748358719,"oligodendrocyte_progenitor_2",NA,NA,NA,"female","F3",3,"0503_F3_S"
"2726544600055100158","20240422",4152.5341796875,853.247956209518,7078.89942795737,"oligodendrocyte_progenitor_2",NA,NA,NA,"female","F1",1,"0422_F1_C"
"2787889600312100137","20240503",1610.00048828125,9062.45184210432,8057.24553214785,"DH_in_Cdh3",1,"inhibitory",10,"male","M4",1,"0503_M4_C"
"2787445900173100031","20240503",5004.708984375,7082.58291156404,1061.99841414456,"oligodendrocyte_progenitor_2",NA,NA,NA,"female","F5",1,"0503_F5_C"
"2945606900000005317","20240328",1967.44555664062,1473.7320415797,5689.49185014254,"MV_in_Gabra1",4,"inhibitory",16,"female","F1",1,"0328_F1_C"
"2795903600670100221","20240613",1647.0166015625,5690.80138346087,10983.2052054702,"DH_in_Cdh3",1,"inhibitory",4,"male","M4",1,"0613_M4_C"
"2707737900100100157","20240415",3254.57641601562,10856.0528564612,9906.61945086601,"endothelial",NA,NA,NA,"female","F1",2,"0415_F1_L"
"2787445900098100082","20240503",728.150573730469,6884.16469947563,565.17310530346,"microglia",NA,NA,NA,"female","F5",1,"0503_F5_C"
"2707604800143200225","20240415",2666.52319335938,4984.75357145385,4869.51932488568,"oligodendrocyte_progenitor_2",NA,NA,NA,"male","M1",2,"0415_M1_L"
"2795584800090100014","20240610",5219.958984375,5158.9290074145,4322.90455365798,"oligodendrocyte_2",NA,NA,NA,"female","F3",4,"0610_F3_T"
"2707604000127100200","20240415",700.076843261719,6384.02783615938,9711.94121788878,"peripheral_glia",NA,NA,NA,"male","M3",2,"0415_M3_L"
"2707604000024100087","20240415",3756.31176757812,7162.28668205009,7788.54273578321,"oligodendrocyte_2",NA,NA,NA,"male","M3",2,"0415_M3_L"
"2787889600354100180","20240503",584.643188476562,10635.8269038249,8547.82675799343,"astrocyte_1",NA,NA,NA,"male","M4",1,"0503_M4_C"
"2726543700432100220","20240422",3007.91064453125,5013.39130067715,7458.19047284411,"oligodendrocyte_progenitor_2",NA,NA,NA,"male","M3",2,"0422_M3_L"
"2787889600618200020","20240503",2430.05908203125,4014.70787904941,10542.6221895784,"oligodendrocyte_progenitor_2",NA,NA,NA,"male","M4",3,"0503_M4_S"
"2795584800421100246","20240610",2793.58422851562,7144.90530208126,7080.90374449287,"oligodendrocyte_progenitor_2",NA,NA,NA,"female","F4",2,"0610_F4_L"
"2945606900000005352","20240328",2824.03247070312,1593.8198934659,5727.65392214697,"MV_in_Gabra1",4,"inhibitory",16,"female","F1",1,"0328_F1_C"
"2795584800160100245","20240610",2290.54418945312,4738.36877168543,5083.06271522332,"oligodendrocyte_2",NA,NA,NA,"female","F3",4,"0610_F3_T"
"2795903600238100008","20240613",2063.55834960938,1230.59171748374,6293.49951573825,"oligodendrocyte_2",NA,NA,NA,"male","M4",3,"0613_M4_S"
"2787889600093100030","20240503",1046.22619628906,8184.64139794232,6305.68849024485,"MV_in_Sema5b",4,"inhibitory",15,"male","M5",1,"0503_M5_C"
"2787889600422100186","20240503",5007.57470703125,9532.0533594524,9071.02382067921,"oligodendrocyte_progenitor_2",NA,NA,NA,"male","M4",1,"0503_M4_C"
"2796212800890100131","20240613",2227.50439453125,9920.62102295272,7638.95743914909,"DH_ex_Nmu/Tac2",1,"excitatory",8,"female","F4",1,"0613_F4_C"
"2707604800162100038","20240415",3260.7333984375,4360.70820526872,4952.25103482325,"oligodendrocyte_2",NA,NA,NA,"male","M1",2,"0415_M1_L"
"2707604800082100205","20240415",2098.39282226562,5519.85314932943,3988.20149962744,"DH_ex_Sox5",1,"excitatory",5,"male","M1",2,"0415_M1_L"
"2787445900899100025","20240503",2250.37231445312,3073.21910288458,6670.18527028056,"oligodendrocyte_2",NA,NA,NA,"female","F3",3,"0503_F3_S"
"2795903600490100171","20240613",2308.1494140625,6258.42093240781,9022.62365426049,"MV_in_Esrrb",4,"inhibitory",14,"male","M5",1,"0613_M5_C"
"2946331700000004280","20240415",2813.15893554688,7992.13506240398,1227.90807848494,"DH_ex_Prkcg/Cck",1,"excitatory",8,"female","F2",1,"0415_F2_C"
"2707737900049100194","20240415",2111.55322265625,11123.8194494051,8789.13690075953,"oligodendrocyte_2",NA,NA,NA,"female","F1",2,"0415_F1_L"
"2787889600311100120","20240503",2503.19262695312,8746.23103736504,8164.08545725339,"meninges_2",NA,NA,NA,"male","M4",1,"0503_M4_C"
"2796212800748100208","20240613",1883.63061523438,5928.80684531014,6589.41733589413,"DH_in_Npy",1,"inhibitory",4,"female","F3",4,"0613_F3_T"
"2707604800140100064","20240415",1245.09033203125,4055.2358069442,4702.63603475876,"oligodendrocyte_precursor_cell",NA,NA,NA,"male","M1",2,"0415_M1_L"
"2787445900095100086","20240503",2153.2939453125,5848.03872057516,617.091984884697,"DH_ex_Reln/Npff",1,"excitatory",1,"female","F5",1,"0503_F5_C"
"2787889600412100042","20240503",2575.50268554688,6860.0504997978,8863.10924287853,"DH_ex_Nmu/Tac2",1,"excitatory",8,"male","M4",4,"0503_M4_T"
"2707604700223100200","20240415",2593.78588867188,3957.42343674772,7942.77781553403,"MV_in_Gabra1",4,"inhibitory",16,"male","M2",4,"0415_M2_T"
"2795903600670100298","20240613",2982.54516601562,5743.18261819237,11049.9596369605,"DH_ex_Prkcg/Rxfp1",1,"excitatory",6,"male","M4",1,"0613_M4_C"
"2796212800747100123","20240613",2013.43200683594,5882.37125569116,6428.57087043987,"DH_in_Cdh3",1,"inhibitory",10,"female","F3",4,"0613_F3_T"
"2787445900288100010","20240503",2697.46826171875,8299.99687026953,1863.39737456985,"DH_ex_Sox5",1,"excitatory",5,"female","F4",1,"0503_F4_C"
"2796212800364100230","20240613",2573.36206054688,6144.08334656991,3162.72725600994,"oligodendrocyte_progenitor_2",NA,NA,NA,"female","F4",2,"0613_F4_L"
"2787889600581100149","20240503",1193.80187988281,3626.04667195957,10405.5196278639,"MV_ex_Shox2",4,"excitatory",18,"male","M4",3,"0503_M4_S"
"2656143800054100054","20240328",1220.70776367188,2147.81767857131,2933.22048599238,"MV_in_Esrrb",4,"inhibitory",14,"male","M3",1,"0328_M3_C"
"2787445900231100186","20240503",2859.52294921875,2742.60746707261,1787.8173622516,"MV_in_Sema5b",4,"inhibitory",15,"female","F5",2,"0503_F5_L"
"2945606900000014818","20240328",1965.49133300781,3198.4071681528,7154.92089788357,"alpha_motoneuron",NA,NA,22,"female","F1",4,"0328_F1_T"
"2795584800420100064","20240610",2254.44946289062,6776.46378348023,6885.78560335457,"MV_in_Gabra1",4,"inhibitory",16,"female","F4",2,"0610_F4_L"
"2787445900243100111","20240503",2317.03173828125,6013.4027270847,1677.45077752142,"oligodendrocyte_progenitor_2",NA,NA,NA,"female","F5",1,"0503_F5_C"
"2787889600230100112","20240503",2142.56396484375,6233.44225315622,7506.95417909985,"astrocyte_1",NA,NA,NA,"male","M5",4,"0503_M5_T"
"2796212801008100063","20240613",2657.94409179688,7224.5533393193,8686.82678673306,"oligodendrocyte_2",NA,NA,NA,"female","F3",1,"0613_F3_C"
"2707604700082100036","20240415",1972.17614746094,4648.08262889025,6025.57821718697,"MV_in_Gm26673",4,"inhibitory",19,"male","M2",2,"0415_M2_L"
"2787445900896100130","20240503",3494.26904296875,2344.97856953315,6750.41505910239,"MV_in_Gm26673",4,"inhibitory",19,"female","F3",3,"0503_F3_S"
"2656144900112200074","20240328",3830.576171875,8104.53155812957,1130.6764784441,"astrocyte_1",NA,NA,NA,"male","M1",1,"0328_M1_C"
"2787889600231100047","20240503",1950.31616210938,6518.0790962507,7444.79734160492,"oligodendrocyte_2",NA,NA,NA,"male","M5",4,"0503_M5_T"
"2656143800130100188","20240328",2048.87475585938,2435.40293297691,3987.66661763878,"MV_in_Esrrb",4,"inhibitory",14,"male","M3",1,"0328_M3_C"
"2787445900162100160","20240503",2284.19506835938,4142.07417008694,1224.32785825661,"MV_ex_Syt2",4,"excitatory",14,"female","F5",4,"0503_F5_T"
"2726544600055100142","20240422",1298.84594726562,837.916643502678,7060.04771174258,"oligodendrocyte_1",NA,NA,NA,"female","F1",1,"0422_F1_C"
"2946331700000006448","20240415",1938.78051757812,8977.04599164543,1434.17457234161,"DM_ex_Zfhx3",2,"excitatory",11,"female","F2",1,"0415_F2_C"
"2946331700000001984","20240415",3401.89282226562,8952.81574798893,735.057339046209,"oligodendrocyte_precursor_cell",NA,NA,NA,"female","F2",1,"0415_F2_C"
"2796212800881100048","20240613",3600.49487304688,7426.30916152149,7539.07253791834,"DM_ex_Zfhx3",2,"excitatory",11,"female","F3",1,"0613_F3_C"
"2656144900420100204","20240328",1992.41906738281,7165.25458749093,4664.44725885095,"DH_ex_Tac2",1,"excitatory",8,"male","M2",4,"0328_M2_T"
"2795584800413100180","20240610",2679.9453125,4785.3109834053,7028.4244464884,"astrocyte_1",NA,NA,NA,"female","F4",4,"0610_F4_T"
"2796212800823100125","20240613",2787.28881835938,9128.08719453402,6997.30758219183,"MV_ex_Syt2",4,"excitatory",14,"female","F4",1,"0613_F4_C"
"2707604700091100145","20240415",1550.99853515625,7194.96257161026,6129.10781569732,"DH_in_Cdh3",1,"inhibitory",10,"male","M3",3,"0415_M3_S"
"2796212800854100092","20240613",3001.9208984375,8832.95360949449,7258.10451176367,"oligodendrocyte_progenitor_2",NA,NA,NA,"female","F4",1,"0613_F4_C"
"2707737900106100009","20240415",1712.3974609375,9033.62369575346,10247.1138146707,"astrocyte_2",NA,NA,NA,"female","F1",4,"0415_F1_T"
"2656144300164100142","20240328",1217.74536132812,8864.4722609438,12318.1054314179,"MV_in_Gabra1",4,"inhibitory",16,"female","F2",2,"0328_F2_L"
"2787445900580100053","20240503",4662.7236328125,7225.45348222484,4251.1934149209,"oligodendrocyte_2",NA,NA,NA,"female","F3",1,"0503_F3_C"
"2707604800383100058","20240415",2948.38037109375,1396.63572453233,8030.34135699086,"astrocyte_1",NA,NA,NA,"male","M1",1,"0415_M1_C"
"2795903600243100142","20240613",1232.10791015625,2494.68983772564,6455.59307455772,"DH_ex_Nmu/Tac2",1,"excitatory",8,"male","M4",2,"0613_M4_L"
"2795584800237100075","20240610",3463.73559570312,5937.18368647672,5484.86549523904,"DH_ex_Sox5/Tac1",1,"excitatory",5,"female","F3",2,"0610_F3_L"
"2787445900098100134","20240503",2208.99731445312,6796.11087212164,612.657274439116,"astrocyte_1",NA,NA,NA,"female","F5",1,"0503_F5_C"
"2787445900098100061","20240503",3455.02172851562,6733.12494147825,552.562018297467,"DH_ex_Reln/Nmur2",1,"excitatory",3,"female","F5",1,"0503_F5_C"
"2796212800494100029","20240613",2601.2919921875,6556.9553588666,4111.66063888301,"oligodendrocyte_progenitor_2",NA,NA,NA,"female","F4",2,"0613_F4_L"
"2945606900000002821","20240328",2243.43725585938,584.378731109573,5222.88261885179,"DH_ex_Reln",1,"excitatory",6,"female","F1",1,"0328_F1_C"
"2796212800594100204","20240613",4979.1826171875,7783.73232972808,5156.0783671189,"MV_ex_Syt2",4,"excitatory",14,"female","F4",4,"0613_F4_T"
"2787889600451100097","20240503",2414.98657226562,7744.65141445235,9244.7149882823,"astrocyte_1",NA,NA,NA,"male","M4",4,"0503_M4_T"
"2787889600580100094","20240503",3714.43530273438,3494.487511557,10299.2925617025,"DH_in_Pdyn/Gal",1,"inhibitory",5,"male","M4",3,"0503_M4_S"
"2787889600057100130","20240503",2036.97436523438,8269.12040617201,6187.55938350887,"oligodendrocyte_1",NA,NA,NA,"male","M5",1,"0503_M5_C"
"2787445900807100023","20240503",710.992553710938,8616.13586123649,5818.17027145578,"DH_in_Klhl14",1,"inhibitory",10,"male","M5",1,"0503_M5_C"
"2787445900583100216","20240503",3610.24633789062,7867.88399003539,4345.34256899373,"MV_ex_Shox2",4,"excitatory",18,"female","F3",1,"0503_F3_C"
"2656144900448100013","20240328",814.26953125,7607.40709250477,4672.92087893812,"MV_ex_Shox2",4,"excitatory",18,"male","M2",4,"0328_M2_T"
"2795903600454100222","20240613",1223.69348144531,3420.16265870263,8783.24316507114,"DM_ex_Zfhx3",2,"excitatory",11,"male","M4",4,"0613_M4_T"
"2787445900582100058","20240503",1070.29528808594,7522.66547535115,4152.85240589496,"oligodendrocyte_1",NA,NA,NA,"female","F3",1,"0503_F3_C"
"2787445900363100091","20240503",2594.88623046875,8360.78271752154,2549.66156660582,"MV_in_Gabra1",4,"inhibitory",16,"female","F4",1,"0503_F4_C"
"2795103300445100148","20240610",2396.55737304688,7430.39221721393,3484.61691961145,"DH_ex_Cpne4",1,"excitatory",3,"male","M5",2,"0610_M5_L"
"2707604700315100109","20240415",2782.51416015625,2831.31321999527,9004.97589021933,"oligodendrocyte_precursor_cell",NA,NA,NA,"male","M2",1,"0415_M2_C"
"2787889600478100140","20240503",2043.13049316406,5155.76533200173,9533.33102087,"astrocyte_1",NA,NA,NA,"male","M4",2,"0503_M4_L"
"2707604800178200010","20240415",1600.13793945312,2830.26026523608,5435.73413091991,"meninges_1",NA,NA,NA,"male","M1",4,"0415_M1_T"
"2787445900395200038","20240503",840.571350097656,7143.29979454516,2774.11610381151,"oligodendrocyte_progenitor_2",NA,NA,NA,"female","F4",1,"0503_F4_C"
"2707604000083100157","20240415",3105.58813476562,6772.45398700165,9029.38195271624,"astrocyte_2",NA,NA,NA,"male","M3",2,"0415_M3_L"
"2796212800487100024","20240613",4053.01928710938,4757.15074153896,4104.15133560624,"oligodendrocyte_progenitor_2",NA,NA,NA,"female","F3",2,"0613_F3_L"
"2787889600128100040","20240503",3878.54809570312,7836.97344565042,6622.66706044044,"oligodendrocyte_progenitor_2",NA,NA,NA,"male","M5",1,"0503_M5_C"
"2795903600215100042","20240613",2909.52734375,1961.1300929095,6138.36024695414,"oligodendrocyte_2",NA,NA,NA,"male","M4",2,"0613_M4_L"
"2795584800485100063","20240610",1183.16271972656,5022.41899104041,7438.1182349016,"DH_ex_Sox5",1,"excitatory",5,"female","F4",4,"0610_F4_T"
"2787445900546100064","20240503",3740.27563476562,7872.48489210662,3934.87981468928,"astrocyte_2",NA,NA,NA,"female","F3",1,"0503_F3_C"
"2787445900387100008","20240503",3398.12280273438,4980.91953949223,2725.98915297439,"astrocyte_2",NA,NA,NA,"female","F4",4,"0503_F4_T"
"2707737900098100134","20240415",1737.18481445312,10408.187023385,9980.97268080374,"astrocyte_1",NA,NA,NA,"female","F1",2,"0415_F1_L"
"2707604000100100053","20240415",2929.2724609375,7288.17269046666,9089.12978671136,"oligodendrocyte_2",NA,NA,NA,"male","M3",2,"0415_M3_L"
"2787445900682100173","20240503",4211.72509765625,4563.90767944622,5131.96794111739,"DH_in_Npy",1,"inhibitory",4,"female","F3",2,"0503_F3_L"
"2795584800477100080","20240610",5324.33154296875,2556.34043757827,7431.47588636112,"DH_ex_Nmu/Tac2",1,"excitatory",8,"female","F4",1,"0610_F4_C"
"2946331700000003226","20240415",1599.52062988281,8768.16709853039,1020.18416529219,"astrocyte_1",NA,NA,NA,"female","F2",1,"0415_F2_C"
"2787445900088100119","20240503",2929.4013671875,3972.70069170417,610.018969696044,"MV_in_Esrrb",4,"inhibitory",14,"female","F5",4,"0503_F5_T"
"2656144900110200173","20240328",2601.01635742188,7725.23539233972,1273.22325928349,"DH_in_Pdyn",1,"inhibitory",2,"male","M1",1,"0328_M1_C"
"2946331700000003385","20240415",3875.18505859375,9110.37645175267,974.255834777316,"astrocyte_1",NA,NA,NA,"female","F2",1,"0415_F2_C"
"2795903600544100053","20240613",1822.84948730469,6870.00625163058,9394.18395416101,"meninges_1",NA,NA,NA,"male","M5",1,"0613_M5_C"
"2787445900358100121","20240503",2538.4140625,7190.36790941725,2625.60791616444,"astrocyte_1",NA,NA,NA,"female","F4",1,"0503_F4_C"
"2796212800494100111","20240613",2208.73974609375,6508.85808999091,4233.9282077594,"MV_in_Sema5b",4,"inhibitory",15,"female","F4",2,"0613_F4_L"
"2656144900478100176","20240328",549.875366210938,8720.8430980345,5214.75717393916,"alpha_motoneuron",NA,NA,22,"male","M2",2,"0328_M2_L"
"2787445900200100074","20240503",4629.21923828125,4227.14344546833,1354.16734547954,"endothelial",NA,NA,NA,"female","F5",4,"0503_F5_T"
"2946331700000002612","20240415",4141.169921875,7771.31422227299,1014.37260003574,"endothelial",NA,NA,NA,"female","F2",1,"0415_F2_C"
"2707604700292200071","20240415",3398.72827148438,3127.96134053511,8749.44593726058,"oligodendrocyte_precursor_cell",NA,NA,NA,"male","M2",1,"0415_M2_C"
"2795903600401100124","20240613",1923.74816894531,3208.82158605081,8091.74019933667,"DH_ex_Prkcg/Rxfp1",1,"excitatory",6,"male","M4",4,"0613_M4_T"
"2707604700091100209","20240415",1311.66052246094,7387.97881058918,6184.8607865338,"DH_ex_Prkcg/Nts",1,"excitatory",8,"male","M3",3,"0415_M3_S"
"2707604700364100134","20240415",2139.548828125,2978.29545704737,9465.34628250357,"astrocyte_1",NA,NA,NA,"male","M2",1,"0415_M2_C"
"2795903600301100349","20240613",2431.42456054688,4343.48979326402,7120.00292292173,"DH_ex_Grpr",1,"excitatory",2,"male","M5",4,"0613_M5_T"
"2796212800398100139","20240613",3180.87133789062,6575.73908537161,3387.2465777013,"astrocyte_1",NA,NA,NA,"female","F4",2,"0613_F4_L"
"2707604700091100090","20240415",2557.23315429688,7231.93756500431,6078.44544583128,"DH_ex_Maf/Slc17a8",1,"excitatory",10,"male","M3",3,"0415_M3_S"
"2795903600347100087","20240613",2766.71142578125,2674.00614311408,7458.59856037586,"oligodendrocyte_progenitor_2",NA,NA,NA,"male","M4",2,"0613_M4_L"
"2707737900144100209","20240415",1326.92663574219,8671.45390884877,10976.1836007414,"oligodendrocyte_progenitor_2",NA,NA,NA,"female","F1",4,"0415_F1_T"
"2707737900073100097","20240415",688.157653808594,10705.5526399481,9268.11081298091,"M_ex_Vsx2",3,"excitatory",20,"female","F1",2,"0415_F1_L"
"2796212800408100142","20240613",1270.91040039062,9449.79595320113,3412.83618023701,"oligodendrocyte_progenitor_2",NA,NA,NA,"female","F5",4,"0613_F5_T"
"2795903600480100142","20240613",1813.45043945312,3420.2234288285,8999.07429475828,"MV_ex_Shox2",4,"excitatory",18,"male","M4",4,"0613_M4_T"
"2787889600097100013","20240503",4059.10913085938,9233.96175165218,6302.67472185454,"oligodendrocyte_progenitor_2",NA,NA,NA,"male","M5",1,"0503_M5_C"
"2707604700094100136","20240415",2825.23876953125,8049.96864910063,6101.42673269974,"DH_in_Cdh3",1,"inhibitory",10,"male","M3",3,"0415_M3_S"
"2707604800014100172","20240415",3301.62084960938,4022.88372469926,3092.54388972605,"oligodendrocyte_progenitor_2",NA,NA,NA,"male","M1",3,"0415_M1_S"
"2796212800570100041","20240613",3329.96459960938,9910.74556638487,4688.92962316505,"DH_ex_Tac2",1,"excitatory",8,"female","F5",1,"0613_F5_C"
"2787889600092100146","20240503",599.008972167969,7922.38503546733,6444.71804987028,"oligodendrocyte_1",NA,NA,NA,"male","M5",1,"0503_M5_C"
"2787445900426100039","20240503",2351.48510742188,5417.1715074837,3009.84251892939,"endothelial",NA,NA,NA,"female","F4",4,"0503_F4_T"
"2946331700000004355","20240415",3064.89184570312,7925.61187889485,1217.75595137401,"astrocyte_1",NA,NA,NA,"female","F2",1,"0415_F2_C"
"2787445900360100047","20240503",2361.69091796875,7764.18266222184,2474.41164443953,"oligodendrocyte_precursor_cell",NA,NA,NA,"female","F4",1,"0503_F4_C"
"2795903600480100040","20240613",7014.91259765625,3407.08510186656,8853.74725910008,"astrocyte_1",NA,NA,NA,"male","M4",4,"0613_M4_T"
"2795903600437100021","20240613",2168.36865234375,6080.52085411045,8247.72597781633,"oligodendrocyte_progenitor_2",NA,NA,NA,"male","M5",1,"0613_M5_C"
"2796212800529100067","20240613",1484.15454101562,7572.47049020417,4488.27080050611,"astrocyte_1",NA,NA,NA,"female","F4",4,"0613_F4_T"
"2795903600269100183","20240613",2294.58374023438,2613.63047852658,6713.93190149323,"oligodendrocyte_progenitor_2",NA,NA,NA,"male","M4",2,"0613_M4_L"
"2656143800106100113","20240328",2847.83911132812,2847.88215581427,3640.22687824169,"astrocyte_2",NA,NA,NA,"male","M3",1,"0328_M3_C"
"2707604800014100023","20240415",1590.0283203125,4032.74660649593,2946.27216338459,"DH_ex_Grp",1,"excitatory",6,"male","M1",3,"0415_M1_S"
"2656144900641100221","20240328",1283.10363769531,10803.735576954,6808.25807401299,"astrocyte_1",NA,NA,NA,"male","M1",2,"0328_M1_L"
"2707604800014100018","20240415",2284.86450195312,3984.36742863827,2939.02309231926,"DH_in_Pdyn",1,"inhibitory",2,"male","M1",3,"0415_M1_S"
"2656143800129100051","20240328",571.348999023438,2177.9537723364,3779.87561184086,"MV_in_Gm26673",4,"inhibitory",19,"male","M3",1,"0328_M3_C"
"2796212800456100103","20240613",1951.2900390625,4893.47940481827,3873.26206185797,"DH_in_Cdh3",1,"inhibitory",10,"female","F3",2,"0613_F3_L"
"2656143800130100202","20240328",1965.40209960938,2413.08343866162,4000.26235599932,"astrocyte_1",NA,NA,NA,"male","M3",1,"0328_M3_C"
"2795903600669100283","20240613",2663.73999023438,5415.95487583219,11027.371070541,"MV_in_Chrna2",4,"inhibitory",19,"male","M4",1,"0613_M4_C"
"2726543700165100132","20240422",2839.09814453125,1745.3670941537,5110.73124227568,"MV_in_Gm26673",4,"inhibitory",19,"male","M3",1,"0422_M3_C"
"2787445900265100150","20240503",1750.46496582031,1723.4183741961,1965.47014217312,"DH_ex_Tac2",1,"excitatory",8,"female","F5",2,"0503_F5_L"
"2787889600312100045","20240503",1559.66137695312,9057.69614880113,8000.27800324539,"DH_ex_Prkcg/Nts",1,"excitatory",8,"male","M4",1,"0503_M4_C"
"2787889600023100053","20240503",867.272583007812,8778.53039191943,5759.18261349847,"DH_ex_Reln/Npff",1,"excitatory",1,"male","M5",1,"0503_M5_C"
"2946331700000000849","20240415",2240.21655273438,8747.45761019207,255.035995171522,"oligodendrocyte_2",NA,NA,NA,"female","F2",1,"0415_F2_C"
"2945606900000029189","20240328",3415.17114257812,4603.78865957737,10133.7794607252,"astrocyte_2",NA,NA,NA,"female","F1",2,"0328_F1_L"
"2946331700000016015","20240415",2934.2109375,11238.540820562,2979.30063731651,"astrocyte_2",NA,NA,NA,"female","F2",2,"0415_F2_L"
"2795103300198200066","20240610",5483.55810546875,6855.11371151573,1435.85058190208,"oligodendrocyte_1",NA,NA,NA,"male","M4",2,"0610_M4_L"
"2796212800812100173","20240613",1061.54028320312,6120.24149179645,7067.42003144696,"DH_ex_Reln/Nmur2",1,"excitatory",3,"female","F3",4,"0613_F3_T"
"2787889600231100029","20240503",941.942932128906,6555.96714394807,7430.67795846838,"MV_in_Sema5b",4,"inhibitory",15,"male","M5",4,"0503_M5_T"
"2707737900035100048","20240415",2953.73461914062,10895.4935728932,8472.31443656469,"oligodendrocyte_2",NA,NA,NA,"female","F1",2,"0415_F1_L"
"2787889600617100099","20240503",901.052001953125,3636.58903992141,10599.3327248429,"MV_in_Sema5b",4,"inhibitory",15,"male","M4",3,"0503_M4_S"
"2656144900530100190","20240328",2144.40576171875,8691.26300332046,5712.52076060572,"oligodendrocyte_1",NA,NA,NA,"male","M2",2,"0328_M2_L"
"2787445900283100135","20240503",3803.59423828125,6873.73877952516,2118.60007524205,"oligodendrocyte_2",NA,NA,NA,"female","F4",1,"0503_F4_C"
"2787445900462100164","20240503",3097.46533203125,5173.23995537998,3479.34573910222,"endothelial",NA,NA,NA,"female","F4",4,"0503_F4_T"
"2796212800456100245","20240613",2525.69409179688,5024.00308782794,3992.95228777663,"endothelial",NA,NA,NA,"female","F3",2,"0613_F3_L"
"2795903600438100190","20240613",1083.61889648438,6244.82715622295,8380.30180306868,"DH_ex_Prkcg/Nts",1,"excitatory",8,"male","M5",1,"0613_M5_C"
"2787889600510100101","20240503",1542.12341308594,4030.52054450777,9939.33207818971,"DH_ex_Reln/Nmur2",1,"excitatory",3,"male","M4",3,"0503_M4_S"
"2707604000126100113","20240415",1879.57202148438,6300.42246203103,9684.68326481794,"peripheral_glia",NA,NA,NA,"male","M3",2,"0415_M3_L"
"2795584800224100079","20240610",2006.79028320312,2500.29901536474,5482.2966686096,"DH_in_Npy2r",1,"inhibitory",9,"female","F3",1,"0610_F3_C"
"2796212800918100044","20240613",3176.240234375,8833.94551400281,7793.88661879377,"oligodendrocyte_progenitor_2",NA,NA,NA,"female","F4",1,"0613_F4_C"
"2796212800792100256","20240613",2790.29565429688,9464.94189915806,6787.94301199605,"DH_ex_Nmu/Tac2",1,"excitatory",8,"female","F4",1,"0613_F4_C"
"2796212800954100055","20240613",2486.74951171875,10020.7172643971,8070.07169119036,"DH_in_Cdh3",1,"inhibitory",10,"female","F4",1,"0613_F4_C"
"2656144900582100146","20240328",4066.94165039062,8764.11358078713,6246.35762074609,"astrocyte_1",NA,NA,NA,"male","M2",2,"0328_M2_L"
"2656144900530100029","20240328",3613.9111328125,8713.68136514084,5537.11176232557,"MV_in_Gabra1",4,"inhibitory",16,"male","M2",2,"0328_M2_L"
"2787445900013100011","20240503",1253.65185546875,3827.86279206618,101.047986464371,"DH_ex_Reln/Nmur2",1,"excitatory",3,"female","F5",4,"0503_F5_T"
"2795903600348100042","20240613",1042.56127929688,2901.35655000059,7420.35454338419,"DM_ex_Zfhx3",2,"excitatory",11,"male","M4",2,"0613_M4_L"
"2787445900693100143","20240503",4071.9052734375,7676.06110210181,5204.99422523222,"astrocyte_2",NA,NA,NA,"female","F3",1,"0503_F3_C"
"2656143800203100023","20240328",1461.53515625,1932.92047502245,4742.79280779231,"Schwann_cell",NA,NA,NA,"female","F1",1,"0328_F1_C"
"2726544600381100138","20240422",2977.513671875,4722.12411898666,10580.5555657973,"gamma_motoneuron",NA,NA,22,"female","F1",2,"0422_F1_L"
"2787889600362100097","20240503",4403.06005859375,3013.24918738342,8636.81234999132,"MV_in_Chrna2",4,"inhibitory",19,"male","M5",3,"0503_M5_S"
"2787445900656100136","20240503",1423.81213378906,7537.33454521769,4835.19321307944,"microglia",NA,NA,NA,"female","F3",1,"0503_F3_C"
"2795103300310200123","20240610",1465.80053710938,8620.62490689638,2417.89731061342,"oligodendrocyte_progenitor_2",NA,NA,NA,"male","M5",3,"0610_M5_S"
"2796212800980100093","20240613",2626.8115234375,8236.76052759402,8374.30199424742,"astrocyte_1",NA,NA,NA,"female","F3",1,"0613_F3_C"
"2656143800153100242","20240328",2126.33203125,1933.62444713102,4255.29587516375,"DH_ex_Maf/Cck",1,"excitatory",10,"male","M3",1,"0328_M3_C"
"2656144900113100167","20240328",2140.65161132812,8358.02787469712,1240.01438279051,"astrocyte_1",NA,NA,NA,"male","M1",1,"0328_M1_C"
"2946331700000021405","20240415",4122.32568359375,10847.5182776945,4114.61664058598,"DH_ex_Tac2",1,"excitatory",8,"female","F2",2,"0415_F2_L"
"2707604000057100207","20240415",2657.32641601562,7880.45160614862,8364.11269188613,"microglia",NA,NA,NA,"male","M3",2,"0415_M3_L"
"2946331700000020205","20240415",1940.94262695312,11090.2733658598,3839.51696804473,"M_ex_Vsx2",3,"excitatory",20,"female","F2",2,"0415_F2_L"
"2656144300149100040","20240328",2035.63232421875,10950.569892712,11894.5187870985,"visceral_motoneuron",NA,NA,20,"female","F2",4,"0328_F2_T"
"2787445900251100127","20240503",1703.94116210938,8187.93424036482,1793.91363923074,"astrocyte_1",NA,NA,NA,"female","F4",1,"0503_F4_C"
"2707604800425100207","20240415",1769.09814453125,1481.78584693553,8758.07627580175,"DH_ex_Prkcg/Nts",1,"excitatory",8,"male","M1",1,"0415_M1_C"
"2656143800215100127","20240328",1231.39526367188,5373.75670391414,4696.91050114826,"MV_in_Gabra1",4,"inhibitory",16,"male","M3",4,"0328_M3_T"
"2787445900700100024","20240503",1240.580078125,9561.02642003645,5095.28733751143,"meninges_1",NA,NA,NA,"female","F3",1,"0503_F3_C"
"2787445900396100018","20240503",2391.91015625,7456.97762309527,2704.41295276379,"endothelial",NA,NA,NA,"female","F4",1,"0503_F4_C"
"2787889600448100020","20240503",3648.41625976562,6835.87193332333,9125.8105386472,"oligodendrocyte_2",NA,NA,NA,"male","M4",4,"0503_M4_T"
"2795103300346200057","20240610",2031.30541992188,9024.2848556976,2512.89649335103,"MV_in_Chrna2",4,"inhibitory",19,"male","M5",3,"0610_M5_S"
"2787889600316100202","20240503",3338.65185546875,10181.9882610615,8190.70701745138,"MV_in_Gm26673",4,"inhibitory",19,"male","M4",1,"0503_M4_C"
"2707604800163100144","20240415",4049.4365234375,4539.10581247078,5035.08434034372,"pericyte",NA,NA,NA,"male","M1",2,"0415_M1_L"
"2787889600388100182","20240503",3350.236328125,10184.1743315882,8791.77260717723,"microglia",NA,NA,NA,"male","M4",1,"0503_M4_C"
"2656144900641100239","20240328",2355.08227539062,10760.755154953,6823.74900866964,"DH_ex_Nmu/Tac2",1,"excitatory",8,"male","M1",2,"0328_M1_L"
"2795584800160100123","20240610",1091.15026855469,4631.50102505353,4988.41873759081,"DH_ex_Sox5/Tac1",1,"excitatory",5,"female","F3",4,"0610_F3_T"
"2656144900165100125","20240328",2946.06127929688,8504.59964773928,1699.26771659605,"oligodendrocyte_progenitor_1",NA,NA,NA,"male","M1",1,"0328_M1_C"
"2795103300084100222","20240610",2534.27612304688,4190.44849555069,727.332309482212,"oligodendrocyte_1",NA,NA,NA,"male","M4",4,"0610_M4_T"
"2787445900471100051","20240503",2067.16064453125,7595.92769810732,3281.91606443969,"oligodendrocyte_2",NA,NA,NA,"female","F4",1,"0503_F4_C"
"2787445900123100022","20240503",3294.7900390625,3544.64130964119,967.635643897258,"astrocyte_2",NA,NA,NA,"female","F5",4,"0503_F5_T"
"2787445900621100330","20240503",1107.40112304688,8215.29827784409,4658.86562671087,"astrocyte_1",NA,NA,NA,"female","F3",1,"0503_F3_C"
"2656143800104200042","20240328",1575.29638671875,2194.38770608985,3510.02332180378,"ependymal",NA,NA,NA,"male","M3",1,"0328_M3_C"
"2787445900725100082","20240503",2776.69140625,6253.2087379843,5338.86124727405,"DH_in_Pdyn/Gal",1,"inhibitory",5,"female","F3",4,"0503_F3_T"
"2795103300098100091","20240610",2900.30029296875,8154.49174085847,527.647931637359,"DH_in_Klhl14",1,"inhibitory",10,"male","M4",3,"0610_M4_S"
"2787445900659100180","20240503",3946.81640625,8632.54320018052,4851.70231197502,"MV_in_Gm26673",4,"inhibitory",19,"female","F3",1,"0503_F3_C"
"2707604800033100008","20240415",851.751098632812,3597.15310595511,3217.22634904087,"DH_ex_Reln/Npff",1,"excitatory",1,"male","M1",3,"0415_M1_S"
"2795103300412100009","20240610",2982.1767578125,7808.14921628468,2985.08592995192,"astrocyte_1",NA,NA,NA,"male","M5",2,"0610_M5_L"
"2795584800382100052","20240610",2102.11108398438,6162.78995677648,6600.47792484988,"astrocyte_1",NA,NA,NA,"female","F4",2,"0610_F4_L"
"2707604000124100179","20240415",2284.70581054688,5616.67215376785,9792.25193305359,"M_in_Tfap2b",3,"inhibitory",12,"male","M3",4,"0415_M3_T"
"2787889600313100066","20240503",756.296569824219,9336.51499478822,8033.58612351332,"MV_in_Gabra1",4,"inhibitory",16,"male","M4",1,"0503_M4_C"
"2946331700000017280","20240415",2365.09350585938,10469.2150415102,3281.48663537696,"DH_ex_Maf/Cck",1,"excitatory",10,"female","F2",2,"0415_F2_L"
"2946331700000000774","20240415",2792.66625976562,8497.63560055959,378.533266211627,"MV_in_Gm26673",4,"inhibitory",19,"female","F2",1,"0415_F2_C"
"2946331700000018762","20240415",1701.50805664062,10981.4967139886,3516.62832529665,"DH_in_Npy",1,"inhibitory",4,"female","F2",2,"0415_F2_L"
"2707604800143100159","20240415",1703.92578125,4976.93122567935,4770.28594211163,"DH_ex_Prkcg/Nts",1,"excitatory",8,"male","M1",2,"0415_M1_L"
"2707604800402200006","20240415",4769.5966796875,891.913784175471,8264.57357241481,"oligodendrocyte_1",NA,NA,NA,"male","M1",1,"0415_M1_C"
"2787889600132100226","20240503",3482.30249023438,9042.09343239781,6845.05234294914,"oligodendrocyte_progenitor_2",NA,NA,NA,"male","M5",1,"0503_M5_C"
"2787445900322100108","20240503",2907.4267578125,7257.07052165887,2271.65413107254,"oligodendrocyte_progenitor_2",NA,NA,NA,"female","F4",1,"0503_F4_C"
"2796212800239100022","20240613",3897.90185546875,6980.22110581025,1856.62295060873,"oligodendrocyte_progenitor_2",NA,NA,NA,"female","F5",2,"0613_F5_L"
"2656144900211100084","20240328",2447.57299804688,6885.22261550352,2267.41104618122,"MV_in_Gabra1",4,"inhibitory",16,"male","M2",1,"0328_M2_C"
"2796212800263100228","20240613",4500.43603515625,4785.46095070522,2356.09545256,"MV_in_Esrrb",4,"inhibitory",14,"female","F4",3,"0613_F4_S"
"2796212800365100233","20240613",2774.95288085938,6330.60524843354,3214.00747184479,"DH_in_Pdyn",1,"inhibitory",2,"female","F4",2,"0613_F4_L"
"2946331700000003295","20240415",1961.037109375,8639.47784197662,941.48080433096,"astrocyte_1",NA,NA,NA,"female","F2",1,"0415_F2_C"
"2796212800881100113","20240613",3484.80859375,7344.67053006776,7643.18891178258,"endothelial",NA,NA,NA,"female","F3",1,"0613_F3_C"
"2787889600412100217","20240503",887.871765136719,6886.96889405325,9035.34623360966,"DH_ex_Maf/Cck",1,"excitatory",10,"male","M4",4,"0503_M4_T"
"2796212800304100174","20240613",1621.482421875,7261.09008341096,2650.44081721141,"alpha_motoneuron",NA,NA,22,"female","F5",2,"0613_F5_L"
"2787889600021100026","20240503",3437.2666015625,8151.88343545911,5982.27999011846,"oligodendrocyte_2",NA,NA,NA,"male","M5",1,"0503_M5_C"
"2796212800271100055","20240613",2208.92163085938,6986.83778928686,2165.35889837146,"oligodendrocyte_progenitor_2",NA,NA,NA,"female","F5",2,"0613_F5_L"
"2787445900327100093","20240503",5351.873046875,8780.68830605841,2298.42961364731,"oligodendrocyte_progenitor_2",NA,NA,NA,"female","F4",1,"0503_F4_C"
"2707604000056100183","20240415",2226.77954101562,7658.42513062665,8365.0302290269,"oligodendrocyte_1",NA,NA,NA,"male","M3",2,"0415_M3_L"
"2707604800301100018","20240415",1023.25164794922,2116.46029995458,7064.84994602227,"peripheral_glia",NA,NA,NA,"male","M1",1,"0415_M1_C"
"2656143800242100029","20240328",1359.37878417969,5750.20512058149,4891.49054885627,"oligodendrocyte_1",NA,NA,NA,"male","M3",4,"0328_M3_T"
"2787445900502100121","20240503",3272.42456054688,5841.98956881557,3645.69571026275,"astrocyte_2",NA,NA,NA,"female","F4",4,"0503_F4_T"
"2796212800530200045","20240613",2069.59912109375,7646.33282420225,4584.16703137325,"DH_ex_Prkcg/Rxfp1",1,"excitatory",6,"female","F4",4,"0613_F4_T"
"2795903600322100199","20240613",1972.29846191406,2985.79304596545,7284.76511614647,"astrocyte_1",NA,NA,NA,"male","M4",2,"0613_M4_L"
"2787889600318100053","20240503",3661.72998046875,10884.9000613149,8084.9739461329,"oligodendrocyte_2",NA,NA,NA,"male","M4",1,"0503_M4_C"
"2787445900654100063","20240503",4440.2734375,7208.39344571717,4762.7345583694,"astrocyte_2",NA,NA,NA,"female","F3",1,"0503_F3_C"
"2787889600546100029","20240503",4557.26318359375,4102.15705325629,9958.93120544445,"DH_ex_Sox5",1,"excitatory",5,"male","M4",3,"0503_M4_S"
"2656144900323100139","20240328",1793.77270507812,9047.4316730406,3437.05604541366,"DH_in_Cdh3",1,"inhibitory",10,"male","M1",4,"0328_M1_T"
"2656144900642100134","20240328",2496.05346679688,10886.2880436789,6828.98469338837,"astrocyte_2",NA,NA,NA,"male","M1",2,"0328_M1_L"
"2656144900112100286","20240328",1796.49816894531,8282.29695691899,1306.17467272517,"endothelial",NA,NA,NA,"male","M1",1,"0328_M1_C"
"2946331700000000215","20240415",3309.05029296875,8308.73122985169,154.1884937305,"oligodendrocyte_precursor_cell",NA,NA,NA,"female","F2",1,"0415_F2_C"
"2787889600163100050","20240503",3516.21484375,7526.06622839579,6941.80663088695,"astrocyte_1",NA,NA,NA,"male","M5",1,"0503_M5_C"
"2787889600242100074","20240503",993.053344726562,9703.05797289312,7641.53996613191,"meninges_2",NA,NA,NA,"male","M4",1,"0503_M4_C"
"2795903600428100028","20240613",2481.73706054688,3343.34660583349,8276.54919802047,"DH_in_Kcnip2",1,"inhibitory",9,"male","M4",4,"0613_M4_T"
"2787889600132200038","20240503",1687.91137695312,9201.32021411997,6639.80675494534,"astrocyte_1",NA,NA,NA,"male","M5",1,"0503_M5_C"
"2787445900396100130","20240503",5475.755859375,7347.58859019179,2865.35244185824,"alpha_motoneuron",NA,NA,22,"female","F4",1,"0503_F4_C"
"2707737900021100079","20240415",2436.189453125,10618.754964629,8097.34226254141,"oligodendrocyte_progenitor_2",NA,NA,NA,"female","F1",3,"0415_F1_S"
"2795903600115100201","20240613",2562.78637695312,3087.82521604569,5060.70212865048,"oligodendrocyte_1",NA,NA,NA,"male","M5",2,"0613_M5_L"
"2656144900189100078","20240328",3478.24438476562,7960.91334884932,2017.98527777748,"astrocyte_2",NA,NA,NA,"male","M1",1,"0328_M1_C"
"2795584800398200029","20240610",2486.90209960938,543.063006457884,6938.90592188273,"meninges_2",NA,NA,NA,"female","F4",1,"0610_F4_C"
"2707604700180200015","20240415",4943.8701171875,5316.09643628288,7273.32258172112,"Schwann_cell",NA,NA,NA,"male","M2",2,"0415_M2_L"
"2707737900133100218","20240415",1807.91381835938,9298.20874592489,10848.1722417783,"MV_in_Gm26673",4,"inhibitory",19,"female","F1",4,"0415_F1_T"
"2656144900536100144","20240328",2669.05786132812,10496.5017469038,5756.13567649224,"MV_in_Sema5b",4,"inhibitory",15,"male","M1",2,"0328_M1_L"
"2787445900751100126","20240503",2885.068359375,3193.88225469505,5777.17892244666,"MV_in_Esrrb",4,"inhibitory",14,"female","F3",2,"0503_F3_L"
"2787445900685100042","20240503",4262.7607421875,5526.11042536923,5131.40369477418,"microglia",NA,NA,NA,"female","F3",4,"0503_F3_T"
"2795103300097100252","20240610",2514.40380859375,7937.92410102655,680.934910326207,"DH_in_Npy",1,"inhibitory",4,"male","M4",3,"0610_M4_S"
"2656144900503100045","20240328",3499.46215820312,8477.14477650389,5290.15503565533,"astrocyte_2",NA,NA,NA,"male","M2",2,"0328_M2_L"
"2796212800748100065","20240613",2227.310546875,5930.22214314155,6368.92840640346,"DH_in_Klhl14",1,"inhibitory",10,"female","F3",4,"0613_F3_T"
"2787889600058100143","20240503",1379.37060546875,8459.05441646883,6179.5475068847,"oligodendrocyte_progenitor_2",NA,NA,NA,"male","M5",1,"0503_M5_C"
"2707604800036100073","20240415",4527.5703125,4215.36392904213,3459.83125388483,"alpha_motoneuron",NA,NA,22,"male","M1",3,"0415_M1_S"
"2787445900463100044","20240503",3364.21142578125,5354.18742409756,3315.87620323547,"astrocyte_1",NA,NA,NA,"female","F4",4,"0503_F4_T"
"2707604700070100112","20240415",3175.61279296875,8108.38061618523,5943.43627207924,"DH_ex_Reln/Nmur2",1,"excitatory",3,"male","M3",3,"0415_M3_S"
"2946331700000017343","20240415",2118.19580078125,10698.7775039161,3109.49319256633,"M_ex_Vsx2",3,"excitatory",20,"female","F2",2,"0415_F2_L"
"2787445900252100131","20240503",1436.6640625,8462.107856752,1708.76971180705,"DH_ex_Nmu/Tac2",1,"excitatory",8,"female","F4",1,"0503_F4_C"
"2707604700201100012","20240415",2447.38720703125,4499.70704221126,7398.21367096691,"astrocyte_1",NA,NA,NA,"male","M2",4,"0415_M2_T"
"2787445900860100091","20240503",809.300354003906,2691.38517850894,6454.72496477385,"MV_ex_Syt2",4,"excitatory",14,"female","F3",3,"0503_F3_S"
"2656143800030100127","20240328",2539.67309570312,2535.40985237836,2890.44030374166,"oligodendrocyte_2",NA,NA,NA,"male","M3",1,"0328_M3_C"
"2945606900000001488","20240328",4421.169921875,553.153282627376,5104.47622164199,"astrocyte_2",NA,NA,NA,"female","F1",1,"0328_F1_C"
"2795903600349100115","20240613",1712.21826171875,3090.71909379592,7579.70163835099,"DH_ex_Sox5/Tac1",1,"excitatory",5,"male","M4",2,"0613_M4_L"
"2787889600129100198","20240503",3307.08081054688,8258.68234787439,6794.68522490561,"oligodendrocyte_2",NA,NA,NA,"male","M5",1,"0503_M5_C"
"2656144300102100126","20240328",2613.0234375,10689.5594135134,11508.7698955259,"DH_in_Pdyn",1,"inhibitory",2,"female","F2",4,"0328_F2_T"
"2656143800394100104","20240328",2515.29370117188,6470.6254562377,6740.5294693234,"endothelial",NA,NA,NA,"male","M3",2,"0328_M3_L"
"2795584800382100072","20240610",2042.33215332031,6167.90766909509,6621.00125681097,"oligodendrocyte_progenitor_2",NA,NA,NA,"female","F4",2,"0610_F4_L"
"2796212800822100022","20240613",3207.71435546875,9006.90686926432,6908.36164472433,"MV_ex_Syt2",4,"excitatory",14,"female","F4",1,"0613_F4_C"
"2707604000054100020","20240415",3902.07104492188,7065.8976389055,8220.97099947196,"oligodendrocyte_progenitor_2",NA,NA,NA,"male","M3",2,"0415_M3_L"
"2795584800484100091","20240610",2340.30249023438,4525.17869739089,7525.223994179,"meninges_3",NA,NA,NA,"female","F4",4,"0610_F4_T"
"2726544600003100080","20240422",2373.30737304688,997.925475610842,6516.37023399491,"beta_motoneuron",NA,NA,22,"female","F1",1,"0422_F1_C"
"2707737900060100260","20240415",1869.2939453125,10552.3215868122,9143.58896389813,"astrocyte_1",NA,NA,NA,"female","F1",2,"0415_F1_L"
"2795584800457100131","20240610",2784.19506835938,7111.52288733423,7241.56029693809,"astrocyte_1",NA,NA,NA,"female","F4",2,"0610_F4_L"
"2656144900352100214","20240328",2168.42309570312,9756.31901115904,3767.20949819381,"astrocyte_1",NA,NA,NA,"male","M1",4,"0328_M1_T"
"2787889600450100248","20240503",816.49267578125,7315.53741255286,9324.70216796536,"oligodendrocyte_2",NA,NA,NA,"male","M4",4,"0503_M4_T"
"2707604800103100118","20240415",2482.91455078125,5477.83305420796,4168.19144258555,"DH_in_Pdyn",1,"inhibitory",2,"male","M1",2,"0415_M1_L"
"2707604800381100171","20240415",5292.6435546875,890.724577382818,8212.64691830066,"oligodendrocyte_progenitor_2",NA,NA,NA,"male","M1",1,"0415_M1_C"
"2707737900087100090","20240415",1389.19482421875,10913.1288824023,9523.79701255786,"MV_in_Gabra1",4,"inhibitory",16,"female","F1",2,"0415_F1_L"
"2707604000054100161","20240415",2455.12329101562,7208.43510153113,8406.02753616658,"astrocyte_1",NA,NA,NA,"male","M3",2,"0415_M3_L"
"2796212800585100200","20240613",5079.6103515625,5199.37456904911,5123.72574890335,"MV_in_Gabra1",4,"inhibitory",16,"female","F3",2,"0613_F3_L"
"2656144900166100212","20240328",3158.14892578125,8836.40735493264,1825.32288007659,"oligodendrocyte_progenitor_2",NA,NA,NA,"male","M1",1,"0328_M1_C"
"2726543700206100075","20240422",5666.63671875,4334.54533180149,5297.32706326991,"oligodendrocyte_1",NA,NA,NA,"male","M3",4,"0422_M3_T"
"2707604000070100097","20240415",2571.96411132812,7238.38621933339,8564.27778837098,"endothelial",NA,NA,NA,"male","M3",2,"0415_M3_L"
"2796212800889100232","20240613",3741.29296875,9650.6124960538,7686.46669104835,"astrocyte_1",NA,NA,NA,"female","F4",1,"0613_F4_C"
"2656144900537100063","20240328",2042.61401367188,10713.0417957587,5591.39138600828,"astrocyte_1",NA,NA,NA,"male","M1",2,"0328_M1_L"
"2795584800349100151","20240610",616.652648925781,7090.91455268115,6491.73369851586,"oligodendrocyte_progenitor_2",NA,NA,NA,"female","F4",2,"0610_F4_L"
"2787889600326100080","20240503",2489.04052734375,2904.78545726775,8321.98605607593,"DH_in_Pdyn",1,"inhibitory",2,"male","M5",3,"0503_M5_S"
"2726544600378200090","20240422",5101.486328125,4100.59797723553,10494.0179552671,"astrocyte_1",NA,NA,NA,"female","F1",2,"0422_F1_L"
"2707604800385100086","20240415",1312.44360351562,2002.63834153878,8057.13277031225,"DH_in_Cdh3",1,"inhibitory",10,"male","M1",1,"0415_M1_C"
"2787445900718100161","20240503",2130.29370117188,4178.54980397935,5435.80650174824,"M_ex_Vsx2",3,"excitatory",20,"female","F3",2,"0503_F3_L"
"2945606900000010005","20240328",926.599426269531,1177.70903278592,6559.81299789689,"DH_ex_Sox5",1,"excitatory",5,"female","F1",1,"0328_F1_C"
"2787889600387100137","20240503",1833.83142089844,9959.90559855802,8743.36801905039,"oligodendrocyte_2",NA,NA,NA,"male","M4",1,"0503_M4_C"
"2795584800385100149","20240610",2675.1455078125,7219.39524203999,6675.87383366202,"oligodendrocyte_progenitor_2",NA,NA,NA,"female","F4",2,"0610_F4_L"
"2795584800471100091","20240610",1647.25073242188,976.006612050493,7432.17350240554,"astrocyte_2",NA,NA,NA,"female","F4",1,"0610_F4_C"
"2796212801012100167","20240613",3757.72436523438,8312.81291870587,8729.00364278679,"DH_ex_Gpr83",1,"excitatory",2,"female","F3",1,"0613_F3_C"
"2795903600321100047","20240613",2853.97973632812,2476.76286840792,7153.14682200729,"DM_ex_Zfhx3",2,"excitatory",11,"male","M4",2,"0613_M4_L"
"2707737900006100046","20240415",1795.95739746094,10168.2564776983,8035.85968703358,"endothelial",NA,NA,NA,"female","F1",3,"0415_F1_S"
"2945606900000005369","20240328",909.85693359375,1611.90969137324,5759.76269723137,"MV_ex_Syt2",4,"excitatory",14,"female","F1",1,"0328_F1_C"
"2656144900342100071","20240328",2490.96557617188,7134.87197683554,3756.62265609571,"astrocyte_2",NA,NA,NA,"male","M2",4,"0328_M2_T"
"2707604000042100263","20240415",1489.52209472656,7827.84552419963,8171.63022126548,"DH_in_Cdh3",1,"inhibitory",10,"male","M3",2,"0415_M3_L"
"2787889600164100033","20240503",575.678771972656,7843.13096628245,6922.06755660166,"gamma_motoneuron",NA,NA,22,"male","M5",1,"0503_M5_C"
"2707604000123200020","20240415",1818.09057617188,5356.32480711641,9632.33711555297,"endothelial",NA,NA,NA,"male","M3",4,"0415_M3_T"
"2656143800052100231","20240328",1410.01745605469,1597.24439328824,3076.9118855453,"DH_ex_Reln",1,"excitatory",6,"male","M3",1,"0328_M3_C"
"2946331700000005165","20240415",3555.4580078125,9253.0220142359,1156.02754101873,"astrocyte_1",NA,NA,NA,"female","F2",1,"0415_F2_C"
"2787889600451200007","20240503",3794.93725585938,7535.86010803049,9108.66775440266,"DM_ex_Zfhx3",2,"excitatory",11,"male","M4",4,"0503_M4_T"
"2726562700255100233","20240422",3852.16430664062,9653.31369199911,11360.2190188104,"oligodendrocyte_1",NA,NA,NA,"female","F2",2,"0422_F2_L"
"2787889600374100043","20240503",2067.23364257812,6252.37460496032,8740.89331935177,"Schwann_cell",NA,NA,NA,"male","M4",2,"0503_M4_L"
"2796212800881100107","20240613",573.436584472656,7606.83206106536,7627.10655523272,"MV_in_Sema5b",4,"inhibitory",15,"female","F3",1,"0613_F3_C"
"2787445900322100137","20240503",2971.05859375,7252.00349500682,2299.65766500327,"oligodendrocyte_2",NA,NA,NA,"female","F4",1,"0503_F4_C"
"2787445900895100076","20240503",2630.11791992188,2038.16915133549,6724.20104392737,"MV_in_Gabra1",4,"inhibitory",16,"female","F3",3,"0503_F3_S"
"2707604700247100101","20240415",2471.3603515625,3825.57724384525,8100.05926787341,"oligodendrocyte_2",NA,NA,NA,"male","M2",4,"0415_M2_T"
"2707604000095100011","20240415",2580.11010742188,5863.56432582004,9086.17597250173,"meninges_2",NA,NA,NA,"male","M3",4,"0415_M3_T"
"2795903600614100029","20240613",984.004211425781,4522.29641372579,10214.2279750305,"beta_motoneuron",NA,NA,22,"male","M4",1,"0613_M4_C"
"2787445900822100139","20240503",3236.55004882812,2408.55500674591,6253.06404665545,"M_in_Tfap2b",3,"inhibitory",12,"female","F3",3,"0503_F3_S"
"2796212800585100122","20240613",2376.89013671875,5101.5638010418,5026.23091291054,"oligodendrocyte_1",NA,NA,NA,"female","F3",2,"0613_F3_L"
"2707737900060100021","20240415",1416.33642578125,10605.3610274722,8895.29445583629,"microglia",NA,NA,NA,"female","F1",2,"0415_F1_L"
"2656144900085100254","20240328",2816.18579101562,8020.62423964436,997.020369263744,"MV_in_Gm26673",4,"inhibitory",19,"male","M1",1,"0328_M1_C"
"2707604800322200138","20240415",2368.32397460938,2134.58415720979,7363.09570786962,"Schwann_cell",NA,NA,NA,"male","M1",1,"0415_M1_C"
"2787889600383100063","20240503",4194.91162109375,8708.13230187562,8620.07032315244,"oligodendrocyte_progenitor_2",NA,NA,NA,"male","M4",1,"0503_M4_C"
"2656144900506100049","20240328",2872.06274414062,9210.15706227755,5309.40690763717,"endothelial",NA,NA,NA,"male","M2",2,"0328_M2_L"
"2726544600383100057","20240422",2363.51684570312,5452.94444887695,10411.1379788751,"DM_ex_Zfhx3",2,"excitatory",11,"female","F1",3,"0422_F1_S"
"2795903600437100147","20240613",2466.26440429688,5874.76584112915,8405.49862884425,"astrocyte_1",NA,NA,NA,"male","M5",1,"0613_M5_C"
"2795903600032100212","20240613",2302.58081054688,1704.87368953837,4248.61319294581,"MV_in_Sema5b",4,"inhibitory",15,"male","M5",3,"0613_M5_S"
"2795584800130100208","20240610",835.667175292969,6427.68810108124,4846.99839262929,"alpha_motoneuron",NA,NA,22,"female","F3",2,"0610_F3_L"
"2787445900206100114","20240503",1460.30773925781,6070.57287613512,1417.20054896193,"oligodendrocyte_1",NA,NA,NA,"female","F5",1,"0503_F5_C"
"2787445900432100074","20240503",4162.1005859375,7060.96938592137,3094.97678046284,"oligodendrocyte_progenitor_2",NA,NA,NA,"female","F4",1,"0503_F4_C"
"2796212801076200052","20240613",4417.9169921875,8191.96535454132,9409.2715301503,"meninges_2",NA,NA,NA,"female","F3",1,"0613_F3_C"
"2787445900291100070","20240503",1330.93041992188,9164.65488893562,1946.34037878417,"oligodendrocyte_2",NA,NA,NA,"female","F4",1,"0503_F4_C"
"2946331700000018872","20240415",4133.345703125,11344.1404409538,3437.69433708341,"MV_in_Gabra1",4,"inhibitory",16,"female","F2",2,"0415_F2_L"
"2946331700000003288","20240415",2616.197265625,8559.37697391782,823.598582394072,"oligodendrocyte_progenitor_2",NA,NA,NA,"female","F2",1,"0415_F2_C"
"2726562700199100138","20240422",2919.15185546875,11519.5173748748,10450.4105698522,"oligodendrocyte_1",NA,NA,NA,"female","F2",4,"0422_F2_T"
"2796212800354100094","20240613",2732.36108398438,3191.19206392416,3218.55232880334,"oligodendrocyte_progenitor_2",NA,NA,NA,"female","F3",3,"0613_F3_S"
"2787889600441100050","20240503",3649.17309570312,4877.01622278732,9149.57336268482,"DH_ex_Sox5/Tac1",1,"excitatory",5,"male","M4",2,"0503_M4_L"
"2795584800713100203","20240610",3326.79614257812,8373.6344423418,9357.49828005626,"DH_ex_Maf/Cck",1,"excitatory",10,"female","F5",3,"0610_F5_S"
"2796212800791100031","20240613",1582.97534179688,9090.59841347858,6640.72107908071,"DM_ex_Zfhx3",2,"excitatory",11,"female","F4",1,"0613_F4_C"
"2707604800242100131","20240415",1777.65893554688,3265.04757419601,6122.32283865381,"DM_ex_Zfhx3",2,"excitatory",11,"male","M1",4,"0415_M1_T"
"2796212800111100041","20240613",4371.404296875,6953.75171406753,833.462968907668,"DH_ex_Prkcg/Cck",1,"excitatory",8,"female","F5",3,"0613_F5_S"
"2946331700000012957","20240415",2546.4521484375,10917.7422946098,2442.4277136756,"oligodendrocyte_1",NA,NA,NA,"female","F2",2,"0415_F2_L"
"2795903600158100109","20240613",5065.24853515625,684.199402208131,5673.87730961115,"DH_ex_Maf/Cck",1,"excitatory",10,"male","M4",3,"0613_M4_S"
"2707604800242100101","20240415",3941.185546875,3096.11368180905,6092.94114928646,"M_in_Tfap2b",3,"inhibitory",12,"male","M1",4,"0415_M1_T"
"2787889600453100017","20240503",4214.236328125,8234.67339541484,9139.95191345997,"oligodendrocyte_progenitor_2",NA,NA,NA,"male","M4",4,"0503_M4_T"
"2787889600232100067","20240503",2254.15502929688,6757.03185235255,7540.17287866774,"oligodendrocyte_progenitor_2",NA,NA,NA,"male","M5",4,"0503_M5_T"
"2787445900290100087","20240503",1832.06176757812,8810.03445057292,1930.70725119227,"DM_ex_Zfhx3",2,"excitatory",11,"female","F4",1,"0503_F4_C"
"2707737900008100126","20240415",1617.68090820312,10667.5737786681,7925.80008396716,"endothelial",NA,NA,NA,"female","F1",3,"0415_F1_S"
"2796212801009100041","20240613",2381.9326171875,7571.18622370251,8644.49135632865,"oligodendrocyte_progenitor_2",NA,NA,NA,"female","F3",1,"0613_F3_C"
"2945606900000006224","20240328",3295.37329101562,708.249854923895,6009.59985366411,"meninges_1",NA,NA,NA,"female","F1",1,"0328_F1_C"
"2707604800061100128","20240415",2010.2568359375,5488.0277020873,3708.73631882342,"oligodendrocyte_2",NA,NA,NA,"male","M1",2,"0415_M1_L"
"2707604700059100115","20240415",2411.68994140625,4902.06101954298,5845.69156632014,"astrocyte_2",NA,NA,NA,"male","M2",2,"0415_M2_L"
"2707604700177100073","20240415",2600.5498046875,4357.54463614512,7350.00045378413,"oligodendrocyte_2",NA,NA,NA,"male","M2",4,"0415_M2_T"
"2787445900168100033","20240503",4810.150390625,5798.37520925899,1046.16858568613,"astrocyte_1",NA,NA,NA,"female","F5",1,"0503_F5_C"
"2707604800361100143","20240415",3605.41796875,1110.65903621487,7919.98510882026,"oligodendrocyte_progenitor_2",NA,NA,NA,"male","M1",1,"0415_M1_C"
"2795903600463100030","20240613",2427.81225585938,5879.53814742959,8548.36236249222,"astrocyte_1",NA,NA,NA,"male","M5",1,"0613_M5_C"
"2656144900315100035","20240328",3735.95947265625,6834.18794084301,3301.12857212345,"DM_ex_Zfhx3",2,"excitatory",11,"male","M2",1,"0328_M2_C"
"2787445900264100145","20240503",1766.078125,1469.56859001098,2096.15877785429,"astrocyte_2",NA,NA,NA,"female","F5",3,"0503_F5_S"
"2707604800385100106","20240415",1726.99230957031,2110.60113632085,8082.87655630708,"DH_ex_Reln/Npff",1,"excitatory",1,"male","M1",1,"0415_M1_C"
"2787889600450100291","20240503",1093.01440429688,7256.55665057222,9383.33306728804,"astrocyte_1",NA,NA,NA,"male","M4",4,"0503_M4_T"
"2656144900565100145","20240328",3358.99633789062,11198.708534803,6044.85505560831,"pericyte",NA,NA,NA,"male","M1",2,"0328_M1_L"
"2795103300331100157","20240610",5701.2822265625,4791.79999539425,2583.34906756284,"oligodendrocyte_progenitor_2",NA,NA,NA,"male","M5",4,"0610_M5_T"
"2795903600057100056","20240613",1299.23974609375,1544.25497965163,4362.20389796569,"MV_in_Esrrb",4,"inhibitory",14,"male","M5",3,"0613_M5_S"
"2656144900542200081","20240328",2270.13598632812,12223.2113908523,5630.25721752162,"astrocyte_2",NA,NA,NA,"male","M1",3,"0328_M1_S"
"2796212800716100242","20240613",2210.85205078125,6011.833664665,6283.25402561878,"DH_in_Cdh3",1,"inhibitory",10,"female","F3",4,"0613_F3_T"
"2787445900363100104","20240503",1736.65795898438,8373.24739372975,2570.10927413002,"oligodendrocyte_progenitor_2",NA,NA,NA,"female","F4",1,"0503_F4_C"
"2946331700000001759","20240415",4377.7822265625,8661.00674490735,613.324185363192,"astrocyte_1",NA,NA,NA,"female","F2",1,"0415_F2_C"
"2656144900503100032","20240328",3176.3525390625,8463.02899508647,5262.66892636717,"astrocyte_1",NA,NA,NA,"male","M2",2,"0328_M2_L"
"2796212800918100098","20240613",6216.88671875,8972.8615809232,7891.48293609705,"oligodendrocyte_2",NA,NA,NA,"female","F4",1,"0613_F4_C"
"2787445900265100058","20240503",3265.64868164062,1811.76560757752,1892.94165140603,"astrocyte_1",NA,NA,NA,"female","F5",2,"0503_F5_L"
"2707604000155100195","20240415",2999.20874023438,5836.24825897545,10447.2268640866,"DH_ex_Prkcg/Nts",1,"excitatory",8,"male","M3",4,"0415_M3_T"
"2796212800979200022","20240613",2875.82934570312,7976.38187318854,8318.17028163644,"DH_ex_Cpne4",1,"excitatory",3,"female","F3",1,"0613_F3_C"
"2787889600318100007","20240503",3686.9755859375,10664.5726379205,7980.71268137725,"microglia",NA,NA,NA,"male","M4",1,"0503_M4_C"
"2656144900141100098","20240328",2608.91650390625,9042.76760075901,1432.81804767123,"oligodendrocyte_1",NA,NA,NA,"male","M1",1,"0328_M1_C"
"2795903600328100169","20240613",3499.9384765625,4629.65261314888,7329.34032977402,"DH_ex_Grpr",1,"excitatory",2,"male","M5",4,"0613_M5_T"
"2707604800281100070","20240415",2983.68481445312,2256.80311517802,6749.50527738547,"meninges_1",NA,NA,NA,"male","M1",4,"0415_M1_T"
"2707604800384100209","20240415",4033.24487304688,1685.58992613491,8159.78225314675,"DH_ex_Prkcg/Cck",1,"excitatory",8,"male","M1",1,"0415_M1_C"
"2787445900267100092","20240503",2582.14282226562,2225.90375108627,1965.03421052295,"astrocyte_1",NA,NA,NA,"female","F5",2,"0503_F5_L"
"2787889600413100020","20240503",2857.36206054688,6955.09019666689,8845.77598527294,"DH_in_Npy2r",1,"inhibitory",9,"male","M4",4,"0503_M4_T"
"2656143800052100293","20240328",2716.27587890625,1598.81917868946,3121.45784240117,"DH_ex_Gpr83",1,"excitatory",2,"male","M3",1,"0328_M3_C"
"2796212800585100299","20240613",1108.77685546875,5126.08685925975,5216.62710474402,"alpha_motoneuron",NA,NA,22,"female","F3",2,"0613_F3_L"
"2795903600321100277","20240613",2556.46533203125,2640.86660343419,7374.65767007353,"DH_ex_Prkcg/Rxfp1",1,"excitatory",6,"male","M4",2,"0613_M4_L"
"2656144900591100033","20240328",2735.60180664062,11299.4326211489,6111.51339672648,"oligodendrocyte_2",NA,NA,NA,"male","M1",2,"0328_M1_L"
"2787445900206100124","20240503",2468.0439453125,5887.92716224724,1424.02321759317,"MV_in_Sema5b",4,"inhibitory",15,"female","F5",1,"0503_F5_C"
"2787445900500100021","20240503",2592.46069335938,5389.95340332761,3586.90486601001,"oligodendrocyte_progenitor_2",NA,NA,NA,"female","F4",4,"0503_F4_T"
"2795103300232100195","20240610",1941.056640625,6471.66848053521,1733.34141951764,"DH_in_Npy",1,"inhibitory",4,"male","M4",2,"0610_M4_L"
"2787889600058200134","20240503",2687.65283203125,8520.04217912769,6254.91134557675,"astrocyte_1",NA,NA,NA,"male","M5",1,"0503_M5_C"
"2787445900163100023","20240503",3806.81274414062,4400.0999871745,1036.34900778363,"visceral_motoneuron",NA,NA,20,"female","F5",4,"0503_F5_T"
"2946331700000011500","20240415",590.085083007812,11433.8542263262,2041.88341878168,"meninges_3",NA,NA,NA,"female","F2",2,"0415_F2_L"
"2707604700082100027","20240415",3486.75903320312,4652.94052084953,6012.6646516904,"endothelial",NA,NA,NA,"male","M2",2,"0415_M2_L"
"2796212800431100106","20240613",1088.15783691406,6846.14841398504,3610.7394794611,"astrocyte_1",NA,NA,NA,"female","F4",2,"0613_F4_L"
"2707604000054100108","20240415",2609.7333984375,7186.05238733208,8327.93332858042,"oligodendrocyte_progenitor_2",NA,NA,NA,"male","M3",2,"0415_M3_L"
"2796212800569100099","20240613",2887.439453125,9787.32627981342,4722.77011110412,"DH_ex_Maf/Cck",1,"excitatory",10,"female","F5",1,"0613_F5_C"
"2787445900367100123","20240503",3139.107421875,9734.16491658229,2499.68891402593,"DH_ex_Nmu/Tac2",1,"excitatory",8,"female","F4",1,"0503_F4_C"
"2796212800110100199","20240613",3000.8916015625,6732.66890361998,915.283569478663,"DH_in_Cdh3",1,"inhibitory",10,"female","F5",3,"0613_F5_S"
"2795903600642100171","20240613",3833.85522460938,5117.82709338705,10740.3285431079,"oligodendrocyte_progenitor_2",NA,NA,NA,"male","M4",1,"0613_M4_C"
"2796212800431100115","20240613",700.272216796875,6890.41839858424,3617.64710992959,"DH_ex_Prkcg/Cck",1,"excitatory",8,"female","F4",2,"0613_F4_L"
"2796212800409100038","20240613",832.161987304688,9663.1697094515,3316.52273099916,"DH_in_Cdh3",1,"inhibitory",10,"female","F5",4,"0613_F5_T"
"2656143800366100092","20240328",3855.7802734375,5504.34712909418,6440.26501011441,"astrocyte_2",NA,NA,NA,"male","M3",2,"0328_M3_L"
"2707604800361100161","20240415",3167.47436523438,1154.11288465466,7946.28211772605,"astrocyte_1",NA,NA,NA,"male","M1",1,"0415_M1_C"
"2787889600355100039","20240503",2955.130859375,10931.4954542692,8387.55033114061,"oligodendrocyte_2",NA,NA,NA,"male","M4",1,"0503_M4_C"
"2787445900501100104","20240503",3198.87377929688,5667.76550075586,3776.35776474574,"astrocyte_2",NA,NA,NA,"female","F4",4,"0503_F4_T"
"2787889600486100159","20240503",6076.36083984375,7482.34659083025,9631.69488140849,"astrocyte_2",NA,NA,NA,"male","M4",4,"0503_M4_T"
"2795103300179100196","20240610",3098.275390625,1395.23073857154,1513.83411405899,"DH_ex_Maf/Cck",1,"excitatory",10,"male","M4",1,"0610_M4_C"
"2796212800489100033","20240613",1943.34118652344,5179.53355526272,4109.64481538662,"DH_in_Klhl14",1,"inhibitory",10,"female","F3",2,"0613_F3_L"
"2787445900298100111","20240503",2446.45483398438,670.658921275899,2313.70075364943,"oligodendrocyte_1",NA,NA,NA,"female","F5",3,"0503_F5_S"
"2656143800129100070","20240328",2713.03466796875,2320.00086542541,3798.77319553739,"MV_in_Gabra1",4,"inhibitory",16,"male","M3",1,"0328_M3_C"
"2787445900090100042","20240503",1172.96850585938,4604.71605523158,472.993859663082,"DH_ex_Prkcg/Nts",1,"excitatory",8,"female","F5",4,"0503_F5_T"
"2795903600329100108","20240613",1252.025390625,4788.27396800253,7381.54603398874,"DH_ex_Nmu/Tac2",1,"excitatory",8,"male","M5",4,"0613_M5_T"
"2787445900360100031","20240503",2121.22265625,7569.818564057,2450.92739749406,"M_in_Tfap2b",3,"inhibitory",12,"female","F4",1,"0503_F4_C"
"2707604700063100171","20240415",2583.23120117188,6055.44048273776,5912.21963164292,"DH_ex_Reln",1,"excitatory",6,"male","M2",2,"0415_M2_L"
"2707604700084100070","20240415",879.081359863281,5251.0004455263,6034.97126877843,"ependymal",NA,NA,NA,"male","M2",2,"0415_M2_L"
"2707604700093100073","20240415",2058.02124023438,7789.28457082764,6036.67151511309,"DH_in_Cdh3",1,"inhibitory",10,"male","M3",3,"0415_M3_S"
"2796212800355100022","20240613",625.130676269531,3518.17842169246,3041.55888500647,"DH_ex_Reln/Npff",1,"excitatory",1,"female","F3",3,"0613_F3_S"
"2787889600315100232","20240503",1318.10986328125,9903.00511996588,8258.62494712073,"oligodendrocyte_progenitor_2",NA,NA,NA,"male","M4",1,"0503_M4_C"
"2707604000110100274","20240415",1853.8076171875,6044.13670050188,9578.12705512489,"oligodendrocyte_2",NA,NA,NA,"male","M3",4,"0415_M3_T"
"2796212800421100022","20240613",1183.3623046875,3979.51315535652,3568.12987698452,"DH_ex_Prkcg/Rxfp1",1,"excitatory",6,"female","F3",3,"0613_F3_S"
"2707604000073100035","20240415",3576.15576171875,8076.71168955037,8585.55678543293,"astrocyte_2",NA,NA,NA,"male","M3",2,"0415_M3_L"
"2787445900360100076","20240503",2002.1708984375,7740.85919211293,2517.57226086746,"oligodendrocyte_precursor_cell",NA,NA,NA,"female","F4",1,"0503_F4_C"
"2726544200048100036","20240422",1896.98193359375,6319.5674669635,1126.71429746354,"oligodendrocyte_precursor_cell",NA,NA,NA,"male","M1",1,"0422_M1_C"
"2787889600229100114","20240503",2171.158203125,6091.61775116634,7503.56309897522,"DH_in_Klhl14",1,"inhibitory",10,"male","M5",4,"0503_M5_T"
"2656144300163100024","20240328",1979.3857421875,8383.47335999543,12138.3572631381,"DH_ex_Sox5",1,"excitatory",5,"female","F2",2,"0328_F2_L"
"2787445900097100031","20240503",1545.958984375,6529.25732048589,512.877739297081,"DH_ex_Reln/Nmur2",1,"excitatory",3,"female","F5",1,"0503_F5_C"
"2787889600421100062","20240503",3367.34643554688,9228.8473276624,8861.02130588252,"endothelial",NA,NA,NA,"male","M4",1,"0503_M4_C"
"2796212800554100093","20240613",1385.81469726562,5531.45766015816,4720.12438197737,"DH_ex_Prkcg/Nts",1,"excitatory",8,"female","F3",2,"0613_F3_L"
"2796212800882100128","20240613",3412.63134765625,7697.82627630606,7557.66855672724,"DH_ex_Maf/Cck",1,"excitatory",10,"female","F3",1,"0613_F3_C"
"2795584800382100074","20240610",2478.85668945312,6400.71443459886,6622.78367681855,"oligodendrocyte_1",NA,NA,NA,"female","F4",2,"0610_F4_L"
"2795584800418100055","20240610",3304.01684570312,6387.73050840065,6888.03400444599,"oligodendrocyte_progenitor_2",NA,NA,NA,"female","F4",2,"0610_F4_L"
"2707604700318100042","20240415",2392.57373046875,3545.72037260343,8891.32935181941,"oligodendrocyte_progenitor_2",NA,NA,NA,"male","M2",1,"0415_M2_C"
"2796212800362100090","20240613",4466.060546875,5507.47121908981,3138.21426508948,"microglia",NA,NA,NA,"female","F4",2,"0613_F4_L"
"2787889600408100159","20240503",1998.82250976562,5831.40384874551,9005.97644088061,"M_in_Tfap2b",3,"inhibitory",12,"male","M4",2,"0503_M4_L"
"2656144900505100045","20240328",3485.69775390625,9113.92118117602,5277.51837302804,"MV_in_Esrrb",4,"inhibitory",14,"male","M2",2,"0328_M2_L"
"2726562800280100097","20240422",3794.70166015625,8150.18712622864,5804.36284293667,"DH_ex_Gpr83",1,"excitatory",2,"male","M2",2,"0422_M2_L"
"2787445900546100136","20240503",2118.19604492188,7941.51258548058,4021.66017733188,"oligodendrocyte_2",NA,NA,NA,"female","F3",1,"0503_F3_C"
"2656144900369100140","20240328",2926.08984375,7259.38507646498,3972.63584362601,"DH_ex_Maf/Cck",1,"excitatory",10,"male","M2",4,"0328_M2_T"
"2656144900529100229","20240328",3399.32153320312,8411.53329599311,5750.79476459946,"endothelial",NA,NA,NA,"male","M2",2,"0328_M2_L"
"2795584800375100070","20240610",1789.66259765625,4377.21940520752,6659.99167329592,"astrocyte_1",NA,NA,NA,"female","F4",4,"0610_F4_T"
"2787445900321100057","20240503",4234.15966796875,7034.76973626553,2238.12074133119,"oligodendrocyte_progenitor_2",NA,NA,NA,"female","F4",1,"0503_F4_C"
"2656143800052100183","20240328",1106.54248046875,1525.96963379293,3042.47620826081,"astrocyte_1",NA,NA,NA,"male","M3",1,"0328_M3_C"
"2707604800221100090","20240415",3476.05688476562,3191.43915727467,5973.98177070264,"endothelial",NA,NA,NA,"male","M1",4,"0415_M1_T"
"2787889600354100062","20240503",4491.90576171875,10761.8962140949,8358.95897105031,"oligodendrocyte_2",NA,NA,NA,"male","M4",1,"0503_M4_C"
"2707737900095100022","20240415",1592.400390625,9441.11068426196,9864.92908215791,"meninges_2",NA,NA,NA,"female","F1",2,"0415_F1_L"
"2656144900314200074","20240328",3298.875,6457.11512013468,3345.08773635945,"oligodendrocyte_precursor_cell",NA,NA,NA,"male","M2",1,"0328_M2_C"
"2787445900225100191","20240503",3302.08471679688,968.943324208129,1772.74872265017,"astrocyte_1",NA,NA,NA,"female","F5",3,"0503_F5_S"
"2795903600401200061","20240613",1541.79895019531,3145.15344396274,8065.09757712057,"microglia",NA,NA,NA,"male","M4",4,"0613_M4_T"
"2796212800716100105","20240613",3173.98706054688,6063.08977198694,6157.83818338264,"DH_ex_Nmu/Tac2",1,"excitatory",8,"female","F3",4,"0613_F3_T"
"2796212800333100154","20240613",1094.46875,6320.31118264794,2862.94048544997,"DH_ex_Rreb1",1,"excitatory",10,"female","F4",2,"0613_F4_L"
"2656143800392100262","20240328",2381.13232421875,5952.84091100935,6813.02888524591,"MV_in_Gabra1",4,"inhibitory",16,"male","M3",2,"0328_M3_L"
"2795584800385100112","20240610",972.096496582031,7127.75761913037,6630.99070511472,"MV_in_Gm26673",4,"inhibitory",19,"female","F4",2,"0610_F4_L"
"2656144300187100123","20240328",2380.16577148438,8909.24945256659,12590.8100812714,"oligodendrocyte_1",NA,NA,NA,"female","F2",2,"0328_F2_L"
"2796212800854200124","20240613",5452.3994140625,8782.75824464113,7398.89030233922,"astrocyte_2",NA,NA,NA,"female","F4",1,"0613_F4_C"
"2946331700000008820","20240415",2465.50073242188,10320.5457568693,1807.89909127593,"oligodendrocyte_progenitor_2",NA,NA,NA,"female","F2",4,"0415_F2_T"
"2656144300103100104","20240328",1886.17272949219,10937.6327116334,11477.2177452333,"oligodendrocyte_precursor_cell",NA,NA,NA,"female","F2",4,"0328_F2_T"
"2796212800889100061","20240613",1648.25866699219,9710.45740138926,7510.56617116393,"DH_in_Cdh3",1,"inhibitory",10,"female","F4",1,"0613_F4_C"
"2787889600230100128","20240503",2132.689453125,6380.86874555505,7517.13650694324,"MV_in_Gabra1",4,"inhibitory",16,"male","M5",4,"0503_M5_T"
"2656144900265100053","20240328",2510.17163085938,7196.46335916023,2799.76460093335,"astrocyte_1",NA,NA,NA,"male","M2",1,"0328_M2_C"
"2656144900008100162","20240328",1328.38366699219,8098.52636348461,169.511943929334,"meninges_1",NA,NA,NA,"male","M1",1,"0328_M1_C"
"2946331700000001474","20240415",3391.74682617188,8139.99043813252,575.585235372011,"astrocyte_1",NA,NA,NA,"female","F2",1,"0415_F2_C"
"2795584800415100082","20240610",3153.47631835938,5400.068110472,6926.04128556789,"oligodendrocyte_progenitor_2",NA,NA,NA,"female","F4",4,"0610_F4_T"
"2656143800080100143","20240328",1976.70520019531,2435.19994715419,3343.69422190345,"astrocyte_1",NA,NA,NA,"male","M3",1,"0328_M3_C"
"2795584800483100061","20240610",1783.86889648438,4372.19606333523,7432.3515919034,"DH_in_Rorb",1,"inhibitory",7,"female","F4",4,"0610_F4_T"
"2656143800468100115","20240328",3376.80395507812,6004.39725338574,7487.90125216535,"DH_ex_Grp",1,"excitatory",6,"male","M3",2,"0328_M3_L"
"2787445900292100108","20240503",1855.92993164062,9364.84769949422,2006.69419748994,"peripheral_glia",NA,NA,NA,"female","F4",1,"0503_F4_C"
"2946331700000008103","20240415",2702.81958007812,8582.49117388303,1671.79641082493,"oligodendrocyte_2",NA,NA,NA,"female","F2",1,"0415_F2_C"
"2707604700044100101","20240415",3679.23022460938,7636.03896832842,5590.58364988666,"endothelial",NA,NA,NA,"male","M3",3,"0415_M3_S"
"2787445900619100038","20240503",1938.13708496094,7673.79451744922,4416.87740624337,"endothelial",NA,NA,NA,"female","F3",1,"0503_F3_C"
"2707604000042100187","20240415",3492.36767578125,7814.94541820488,8095.48949394427,"oligodendrocyte_progenitor_2",NA,NA,NA,"male","M3",2,"0415_M3_L"
"2656143800265100078","20240328",2829.78100585938,5436.86370054295,5248.82585541625,"astrocyte_2",NA,NA,NA,"male","M3",4,"0328_M3_T"
"2795903600455100075","20240613",2838.63061523438,3711.30274792894,8649.47128434035,"DH_ex_Cpne4",1,"excitatory",3,"male","M4",4,"0613_M4_T"
"2726543700227100037","20240422",4825.390625,1168.53152857369,5536.80906022392,"astrocyte_1",NA,NA,NA,"male","M3",1,"0422_M3_C"
"2796212800333100190","20240613",1159.14733886719,6276.34100198373,2898.00941484747,"DH_in_Cdh3",1,"inhibitory",10,"female","F4",2,"0613_F4_L"
"2656144900480100101","20240328",2514.75146484375,9330.31216800683,5143.57876520693,"oligodendrocyte_2",NA,NA,NA,"male","M2",2,"0328_M2_L"
"2707604000100100091","20240415",3117.47436523438,7333.40966447067,9137.33980962244,"astrocyte_2",NA,NA,NA,"male","M3",2,"0415_M3_L"
"2656144900217100053","20240328",2009.27038574219,8412.56016771495,2179.6875024896,"DH_ex_Nmu/Tac2",1,"excitatory",8,"male","M1",1,"0328_M1_C"
"2707604700091100045","20240415",2224.427734375,7412.94641159193,6021.06188676157,"endothelial",NA,NA,NA,"male","M3",3,"0415_M3_S"
"2656144900236100115","20240328",1310.18029785156,6511.48059008311,2544.11005882229,"astrocyte_1",NA,NA,NA,"male","M2",1,"0328_M2_C"
"2795584800352100059","20240610",3815.96801757812,8118.96328058961,6435.73226130827,"astrocyte_1",NA,NA,NA,"female","F4",3,"0610_F4_S"
"2795584800591100128","20240610",3377.724609375,4224.70168881389,8504.71792687637,"oligodendrocyte_2",NA,NA,NA,"female","F5",1,"0610_F5_C"
"2787445900352100173","20240503",1620.12756347656,5550.20851202065,2687.47299681042,"DH_ex_Prkcg/Cck",1,"excitatory",8,"female","F4",4,"0503_F4_T"
"2795103300232100179","20240610",2922.51831054688,6551.02563078416,1720.37776188861,"DH_ex_Prkcg/Rxfp1",1,"excitatory",6,"male","M4",2,"0610_M4_L"
"2946331700000014942","20240415",1426.06970214844,12325.5744909117,2590.17993810095,"oligodendrocyte_progenitor_2",NA,NA,NA,"female","F2",3,"0415_F2_S"
"2795903600588100114","20240613",2682.3076171875,4503.59054128939,10189.0063125049,"MV_in_Sema5b",4,"inhibitory",15,"male","M4",1,"0613_M4_C"
"2795903600670100068","20240613",2752.75268554688,5676.09065671879,10823.6627643132,"DH_ex_Sox5",1,"excitatory",5,"male","M4",1,"0613_M4_C"
"2795584800101100220","20240610",3024.75122070312,8157.58762690087,4523.89320921426,"MV_in_Gabra1",4,"inhibitory",16,"female","F3",3,"0610_F3_S"
"2795103300120100086","20240610",3354.38623046875,4633.64768154867,830.829318185628,"astrocyte_1",NA,NA,NA,"male","M4",4,"0610_M4_T"
"2787445900089100079","20240503",1339.72680664062,4260.79800965526,541.123887073016,"DH_ex_Maf/Cpne4",1,"excitatory",10,"female","F5",4,"0503_F5_T"
"2787445900438100092","20240503",2542.54321289062,8867.44104855205,3091.38783541392,"astrocyte_2",NA,NA,NA,"female","F4",1,"0503_F4_C"
"2656144900557200081","20240328",2785.34912109375,9105.43183738901,5895.81540857781,"astrocyte_1",NA,NA,NA,"male","M2",2,"0328_M2_L"
"2795584800389100065","20240610",3201.96508789062,8354.43955386226,6596.7138143785,"astrocyte_1",NA,NA,NA,"female","F4",3,"0610_F4_S"
"2787889600413100068","20240503",2187.12036132812,6969.36673241004,8901.2260885156,"DH_in_Rorb",1,"inhibitory",7,"male","M4",4,"0503_M4_T"
"2795584800374100049","20240610",5045.0693359375,3997.2936364465,6722.92301173465,"astrocyte_2",NA,NA,NA,"female","F4",4,"0610_F4_T"
"2787445900581100113","20240503",3563.8671875,7265.38379506138,4185.86552909373,"endothelial",NA,NA,NA,"female","F3",1,"0503_F3_C"
"2707604700250100104","20240415",3195.84228515625,4830.92257598604,8049.8464053332,"DH_ex_Maf/Slc17a8",1,"excitatory",10,"male","M2",4,"0415_M2_T"
"2787445900861100026","20240503",964.049621582031,2760.86668141535,6378.83769796936,"DM_ex_Zfhx3",2,"excitatory",11,"female","F3",3,"0503_F3_S"
"2795903600114100254","20240613",2579.8798828125,2859.25853538548,5113.40136312577,"astrocyte_1",NA,NA,NA,"male","M5",2,"0613_M5_L"
"2656144900479100024","20240328",4170.2890625,8989.45460894739,5009.77704958183,"oligodendrocyte_2",NA,NA,NA,"male","M2",2,"0328_M2_L"
"2945606900000008782","20240328",1078.43872070312,2333.31573134928,6216.69881089861,"meninges_1",NA,NA,NA,"female","F1",1,"0328_F1_C"
"2787445900098100015","20240503",2154.212890625,6782.83340272098,496.904855662986,"meninges_1",NA,NA,NA,"female","F5",1,"0503_F5_C"
"2795584800354100082","20240610",3720.9716796875,8588.76107055543,6403.04885643109,"oligodendrocyte_progenitor_2",NA,NA,NA,"female","F4",3,"0610_F4_S"
"2945606900000001077","20240328",1712.56213378906,1454.28415537365,4693.47221987581,"astrocyte_2",NA,NA,NA,"female","F1",1,"0328_F1_C"
"2787445900247100107","20240503",1075.62756347656,7133.5887631526,1832.47957472948,"oligodendrocyte_precursor_cell",NA,NA,NA,"female","F4",1,"0503_F4_C"
"2707604800403100125","20240415",3794.70190429688,1354.92312418538,8385.05009799276,"oligodendrocyte_progenitor_2",NA,NA,NA,"male","M1",1,"0415_M1_C"
"2795584800173100249","20240610",1553.77404785156,8181.27370441647,5069.11174991631,"DH_ex_Sox5/Tac1",1,"excitatory",5,"female","F3",3,"0610_F3_S"
"2787445900198100031","20240503",1711.384765625,3774.68395019264,1419.83498734891,"oligodendrocyte_progenitor_2",NA,NA,NA,"female","F5",4,"0503_F5_T"
"2787445900325100069","20240503",3878.33862304688,8172.6641961378,2195.49899828457,"MV_in_Gabra1",4,"inhibitory",16,"female","F4",1,"0503_F4_C"
"2656144300147100265","20240328",3737.390625,10518.5658352428,12116.2001130507,"endothelial",NA,NA,NA,"female","F2",4,"0328_F2_T"
"2945606900000010097","20240328",3454.25952148438,1606.67481553517,6367.28112727127,"oligodendrocyte_2",NA,NA,NA,"female","F1",1,"0328_F1_C"
"2795584800224100042","20240610",1736.52685546875,2428.72551415102,5447.87269729856,"DH_in_Kcnip2",1,"inhibitory",9,"female","F3",1,"0610_F3_C"
"2787445900289100231","20240503",6751.369140625,8387.00699727412,2093.85297973573,"astrocyte_1",NA,NA,NA,"female","F4",1,"0503_F4_C"
"2796212800296200119","20240613",3183.76416015625,5044.48942426872,2648.55674688471,"oligodendrocyte_progenitor_2",NA,NA,NA,"female","F4",3,"0613_F4_S"
"2796212800488100197","20240613",2427.6083984375,5013.75819201395,4257.58103870053,"MV_in_Esrrb",4,"inhibitory",14,"female","F3",2,"0613_F3_L"
"2796212800747100256","20240613",3321.7919921875,5829.30968016852,6539.54374199483,"oligodendrocyte_1",NA,NA,NA,"female","F3",4,"0613_F3_T"
"2796212800375100085","20240613",2917.86206054688,9151.14817700163,3048.64846032835,"DM_ex_Zfhx3",2,"excitatory",11,"female","F5",4,"0613_F5_T"
"2707604000099100079","20240415",3554.25659179688,7024.37795167603,9204.34219471335,"astrocyte_2",NA,NA,NA,"male","M3",2,"0415_M3_L"
"2787889600407100145","20240503",4191.52197265625,5303.65693321498,9023.48563189604,"astrocyte_1",NA,NA,NA,"male","M4",2,"0503_M4_L"
"2707604000086100300","20240415",2850.25366210938,7629.34680702223,9021.64340077869,"DH_in_Npy2r",1,"inhibitory",9,"male","M3",2,"0415_M3_L"
"2656143800392100081","20240328",2288.66430664062,5914.80996439472,6639.60939603802,"MV_in_Gabra1",4,"inhibitory",16,"male","M3",2,"0328_M3_L"
"2707604700362100033","20240415",3474.47045898438,2603.88399794475,9384.94317366462,"astrocyte_1",NA,NA,NA,"male","M2",1,"0415_M2_C"
"2707604800299200029","20240415",1893.966796875,1606.87440690515,7028.80346302083,"meninges_1",NA,NA,NA,"male","M1",1,"0415_M1_C"
"2656144900634100045","20240328",1393.77502441406,8869.96723134963,6662.49445145402,"DH_ex_Gpr83",1,"excitatory",2,"male","M2",2,"0328_M2_L"
"2707604800040200008","20240415",2298.94482421875,5425.93156823469,3295.64826740883,"Schwann_cell",NA,NA,NA,"male","M1",2,"0415_M1_L"
"2726544600004100150","20240422",3791.025390625,1171.36441121537,6644.08040114632,"alpha_motoneuron",NA,NA,22,"female","F1",1,"0422_F1_C"
"2796212800790100118","20240613",1779.60974121094,8985.38955812156,6732.81309402181,"oligodendrocyte_1",NA,NA,NA,"female","F4",1,"0613_F4_C"
"2787889600413100187","20240503",3020.56811523438,7135.97881565616,9041.37885937322,"DH_ex_Maf/Slc17a8",1,"excitatory",10,"male","M4",4,"0503_M4_T"
"2707604700340100057","20240415",2746.86303710938,2968.28820358628,9143.52945131029,"astrocyte_2",NA,NA,NA,"male","M2",1,"0415_M2_C"
"2795584800189100073","20240610",2448.45239257812,2765.26153056498,5217.12157574625,"DH_in_Npy",1,"inhibitory",4,"female","F3",1,"0610_F3_C"
"2707604000011100037","20240415",2973.99975585938,7600.7412368762,7534.63508588962,"oligodendrocyte_2",NA,NA,NA,"male","M3",2,"0415_M3_L"
"2707604800200100035","20240415",2447.32470703125,3159.67971402162,5674.35500816861,"oligodendrocyte_progenitor_2",NA,NA,NA,"male","M1",4,"0415_M1_T"
"2707604000041100180","20240415",1349.22424316406,7514.42447551381,8140.56328752369,"endothelial",NA,NA,NA,"male","M3",2,"0415_M3_L"
"2787889600483100030","20240503",3381.26318359375,6498.30399327842,9416.38292167232,"oligodendrocyte_2",NA,NA,NA,"male","M4",2,"0503_M4_L"
"2796212800537100149","20240613",3194.79931640625,9777.53906341083,4555.34696659574,"oligodendrocyte_progenitor_1",NA,NA,NA,"female","F5",1,"0613_F5_C"
"2795103300177200029","20240610",1869.72351074219,968.287161333821,1471.78655440157,"DH_ex_Prkcg/Rxfp1",1,"excitatory",6,"male","M4",1,"0610_M4_C"
"2787889600514100069","20240503",1160.26770019531,5015.32906457991,9745.1982844114,"alpha_motoneuron",NA,NA,22,"male","M4",2,"0503_M4_L"
"2787445900365100102","20240503",4095.22338867188,9133.82662834972,2602.9331875272,"oligodendrocyte_progenitor_2",NA,NA,NA,"female","F4",1,"0503_F4_C"
"2787445900806100043","20240503",5045.6923828125,8326.77655870363,5906.83572434391,"oligodendrocyte_2",NA,NA,NA,"male","M5",1,"0503_M5_C"
"2656144900503100082","20240328",1595.14782714844,8327.80511344918,5330.6731628181,"astrocyte_2",NA,NA,NA,"male","M2",2,"0328_M2_L"
"2726562700234100209","20240422",2730.76733398438,9561.5296152972,11077.2625245824,"astrocyte_1",NA,NA,NA,"female","F2",2,"0422_F2_L"
"2787889600023100290","20240503",465.272521972656,8732.16016600234,5960.08766256261,"DM_ex_Zfhx3",2,"excitatory",11,"male","M5",1,"0503_M5_C"
"2946331700000009174","20240415",1960.31176757812,10941.5810420655,1788.10589979973,"peripheral_glia",NA,NA,NA,"female","F2",4,"0415_F2_T"
"2787445900694100090","20240503",630.094848632812,7809.94784497633,5038.87623543764,"oligodendrocyte_1",NA,NA,NA,"female","F3",1,"0503_F3_C"
"2796212800951100086","20240613",1985.880859375,9024.82972259074,8079.22634059825,"oligodendrocyte_progenitor_2",NA,NA,NA,"female","F4",1,"0613_F4_C"
"2787889600396100089","20240503",2979.9375,2212.39202064079,8897.94369452639,"astrocyte_1",NA,NA,NA,"male","M5",3,"0503_M5_S"
"2656143800393100018","20240328",2010.6572265625,6074.3280287357,6565.39969095599,"oligodendrocyte_progenitor_2",NA,NA,NA,"male","M3",2,"0328_M3_L"
"2796212800554100212","20240613",3519.76831054688,5483.31255022902,4847.69407484005,"DH_in_Npy2r",1,"inhibitory",9,"female","F3",2,"0613_F3_L"
"2787889600056100038","20240503",1414.6591796875,7996.0719826296,6050.75770791,"astrocyte_1",NA,NA,NA,"male","M5",1,"0503_M5_C"
"2796212801012100120","20240613",3420.44873046875,8356.02348975465,8688.00001733942,"oligodendrocyte_precursor_cell",NA,NA,NA,"female","F3",1,"0613_F3_C"
"2656144900137100075","20240328",2079.09252929688,8008.81085630445,1346.02214238915,"pericyte",NA,NA,NA,"male","M1",1,"0328_M1_C"
"2707604000124100144","20240415",2789.17944335938,5689.60965405899,9753.32203370718,"endothelial",NA,NA,NA,"male","M3",4,"0415_M3_T"
"2656143800054100176","20240328",914.550476074219,2099.42396636894,3078.07798357523,"oligodendrocyte_progenitor_2",NA,NA,NA,"male","M3",1,"0328_M3_C"
"2707604800102100123","20240415",2868.2587890625,5213.0844186903,4162.57242534636,"MV_ex_Syt2",4,"excitatory",14,"male","M1",2,"0415_M1_L"
"2787889600056100105","20240503",1453.99304199219,7937.33175341575,6116.52990427721,"astrocyte_1",NA,NA,NA,"male","M5",1,"0503_M5_C"
"2707604800163100143","20240415",1624.9736328125,4731.99181911687,5031.9204811384,"Schwann_cell",NA,NA,NA,"male","M1",2,"0415_M1_L"
"2795584800381100030","20240610",588.408203125,6046.73661903472,6560.73753299145,"alpha_motoneuron",NA,NA,22,"female","F4",2,"0610_F4_L"
"2707604700270100082","20240415",2129.66455078125,3729.99093529218,8347.14096855995,"DH_in_Npy",1,"inhibitory",4,"male","M2",4,"0415_M2_T"
"2795584800136100147","20240610",5596.291015625,8070.81746880047,4786.88412165194,"DH_in_Npy",1,"inhibitory",4,"female","F3",3,"0610_F3_S"
"2656144900265100057","20240328",2683.34619140625,7288.48714844517,2807.99666860723,"astrocyte_1",NA,NA,NA,"male","M2",1,"0328_M2_C"
"2795584800418100073","20240610",3394.6240234375,6225.85052012547,6906.6925648334,"astrocyte_1",NA,NA,NA,"female","F4",2,"0610_F4_L"
"2656144900264100095","20240328",2507.94995117188,6929.29931895543,2813.30021460773,"astrocyte_1",NA,NA,NA,"male","M2",1,"0328_M2_C"
"2707604700412100030","20240415",1699.38977050781,3169.49003622951,9925.09146880006,"DH_ex_Prkcg/Cck",1,"excitatory",8,"male","M2",1,"0415_M2_C"
"2707604800082100233","20240415",1775.97680664062,5454.03948921361,4009.35641468829,"DH_in_Npy",1,"inhibitory",4,"male","M1",2,"0415_M1_L"
"2787445900789100079","20240503",4787.8359375,3425.52492790605,5870.27207800995,"MV_in_Gm26673",4,"inhibitory",19,"female","F3",2,"0503_F3_L"
"2726562800040100033","20240422",1638.28845214844,4975.04342020509,2354.91395876982,"alpha_motoneuron",NA,NA,22,"male","M2",1,"0422_M2_C"
"2787445900353100084","20240503",1750.00561523438,5682.39393096277,2640.29910275171,"DH_in_Rorb",1,"inhibitory",7,"female","F4",4,"0503_F4_T"
"2795903600212200113","20240613",3550.33813476562,1184.18621179617,6177.78360898406,"oligodendrocyte_progenitor_2",NA,NA,NA,"male","M4",3,"0613_M4_S"
"2796212800456100226","20240613",2928.49560546875,5009.03734317236,3974.94790343929,"oligodendrocyte_progenitor_2",NA,NA,NA,"female","F3",2,"0613_F3_L"
"2945606900000003429","20240328",3424.58203125,1339.67925230684,5463.56315057227,"astrocyte_1",NA,NA,NA,"female","F1",1,"0328_F1_C"
"2945606900000029407","20240328",2997.66259765625,5229.15748233051,10106.1906938933,"MV_in_Sema5b",4,"inhibitory",15,"female","F1",3,"0328_F1_S"
"2795903600352100050","20240613",2513.38842773438,4124.61453188868,7424.32109827994,"endothelial",NA,NA,NA,"male","M5",4,"0613_M5_T"
"2795103300381100107","20240610",3182.572265625,8871.88508357457,2772.71934213271,"oligodendrocyte_progenitor_2",NA,NA,NA,"male","M5",3,"0610_M5_S"
"2707737900088200103","20240415",3344.29052734375,11284.1225375108,9626.78159008711,"oligodendrocyte_progenitor_2",NA,NA,NA,"female","F1",2,"0415_F1_L"
"2787445900163200101","20240503",6121.20263671875,4414.19671516801,1164.90534807619,"oligodendrocyte_2",NA,NA,NA,"female","F5",4,"0503_F5_T"
"2707604700318100078","20240415",1560.88537597656,3760.79369094809,8940.72642969299,"oligodendrocyte_1",NA,NA,NA,"male","M2",1,"0415_M2_C"
"2787445900389100219","20240503",3535.3671875,5379.57243330369,2960.99352609078,"DM_ex_Zfhx3",2,"excitatory",11,"female","F4",4,"0503_F4_T"
"2656144900112100046","20240328",2594.66064453125,8175.54326811133,1059.71503295735,"astrocyte_1",NA,NA,NA,"male","M1",1,"0328_M1_C"
"2726543700099100088","20240422",1807.08288574219,1192.80933573328,4460.13475723716,"oligodendrocyte_1",NA,NA,NA,"male","M3",1,"0422_M3_C"
"2796212800625100274","20240613",518.722106933594,7424.45186551288,5454.38793368812,"alpha_motoneuron",NA,NA,22,"female","F4",4,"0613_F4_T"
"2795584800237100067","20240610",1698.20666503906,5900.62644489366,5477.75513224272,"oligodendrocyte_progenitor_2",NA,NA,NA,"female","F3",2,"0610_F3_L"
"2707604700250100036","20240415",2570.80419921875,4881.40374923825,7978.0472166363,"DH_in_Rorb",1,"inhibitory",7,"male","M2",4,"0415_M2_T"
"2795584800436100096","20240610",2929.33813476562,1127.82928859951,7225.59510721524,"DH_ex_Sox5/Tac1",1,"excitatory",5,"female","F4",1,"0610_F4_C"
"2787445900804100115","20240503",2444.4541015625,7656.15013189637,5945.45313070822,"DH_ex_Prkcg/Cck",1,"excitatory",8,"male","M5",1,"0503_M5_C"
"2796212800888100161","20240613",3220.0048828125,9497.76989847235,7596.29231212242,"oligodendrocyte_1",NA,NA,NA,"female","F4",1,"0613_F4_C"
"2707737900063100016","20240415",1883.39685058594,11357.6827929734,8900.08176893555,"oligodendrocyte_precursor_cell",NA,NA,NA,"female","F1",2,"0415_F1_L"
"2656144900421100091","20240328",2473.82006835938,7216.08855144351,4462.522941271,"DM_ex_Zfhx3",2,"excitatory",11,"male","M2",4,"0328_M2_T"
"2787889600316100081","20240503",2171.61328125,10051.4238839014,8039.55041150612,"oligodendrocyte_progenitor_2",NA,NA,NA,"male","M4",1,"0503_M4_C"
"2787445900399100016","20240503",2168.3037109375,8244.06869384728,2705.06395047196,"astrocyte_1",NA,NA,NA,"female","F4",1,"0503_F4_C"
"2656143800266100094","20240328",2922.34423828125,5473.82768621709,5283.86446249427,"astrocyte_2",NA,NA,NA,"male","M3",4,"0328_M3_T"
"2945606900000028748","20240328",4754.27978515625,5324.7684972728,9800.35706455566,"DH_ex_Prkcg/Cck",1,"excitatory",8,"female","F1",3,"0328_F1_S"
"2787889600478100002","20240503",2194.16333007812,4986.64420241304,9382.01538420821,"endothelial",NA,NA,NA,"male","M4",2,"0503_M4_L"
"2787445900545100198","20240503",2276.60180664062,7647.54006582813,3981.09001949031,"DH_ex_Nmu/Tac2",1,"excitatory",8,"female","F3",1,"0503_F3_C"
"2787445900325100218","20240503",5042.6552734375,8092.61083995772,2347.06933996206,"MV_ex_Syt2",4,"excitatory",14,"female","F4",1,"0503_F4_C"
"2787889600443100270","20240503",2130.63061523438,5269.16116581589,9376.14033516606,"oligodendrocyte_progenitor_2",NA,NA,NA,"male","M4",2,"0503_M4_L"
"2796212800296100107","20240613",2629.06103515625,4999.4406936327,2481.74092174903,"DM_ex_Zfhx3",2,"excitatory",11,"female","F4",3,"0613_F4_S"
"2787445900585100131","20240503",3791.6572265625,8374.81386788248,4246.5177821609,"astrocyte_1",NA,NA,NA,"female","F3",1,"0503_F3_C"
"2656143800053100151","20240328",2242.48095703125,2044.69172878755,3051.23676370207,"MV_in_Gm26673",4,"inhibitory",19,"male","M3",1,"0328_M3_C"
"2787889600361100054","20240503",1739.74475097656,2536.84844550934,8579.6543477278,"DH_in_Klhl14",1,"inhibitory",10,"male","M5",3,"0503_M5_S"
"2787445900058100024","20240503",921.708679199219,6063.07609043957,428.779661198176,"endothelial",NA,NA,NA,"female","F5",1,"0503_F5_C"
"2787889600405100336","20240503",2197.73461914062,4714.88088575366,9068.13873085724,"DH_in_Pdyn",1,"inhibitory",2,"male","M4",2,"0503_M4_L"
"2787889600617100084","20240503",1866.33312988281,3709.52808974613,10578.2298940074,"MV_in_Gm26673",4,"inhibitory",19,"male","M4",3,"0503_M4_S"
"2796212800142100201","20240613",2425.51904296875,6491.20500704926,1175.77087910171,"DH_in_Cdh3",1,"inhibitory",10,"female","F5",3,"0613_F5_S"
"2787445900425100012","20240503",2712.44287109375,5267.55967934488,2988.37505998407,"astrocyte_1",NA,NA,NA,"female","F4",4,"0503_F4_T"
"2787445900252100279","20240503",2244.12622070312,8403.05843132024,1823.51204505231,"DH_ex_Cpne4",1,"excitatory",3,"female","F4",1,"0503_F4_C"
"2795903600321100032","20240613",2253.29833984375,2492.32415909812,7139.41084018169,"astrocyte_1",NA,NA,NA,"male","M4",2,"0613_M4_L"
"2795584800639100173","20240610",4103.12060546875,7587.20541331009,8713.94178140344,"gamma_motoneuron",NA,NA,22,"female","F5",2,"0610_F5_L"
"2946331700000004953","20240415",2281.50415039062,8943.20926808577,1105.80392886902,"oligodendrocyte_1",NA,NA,NA,"female","F2",1,"0415_F2_C"
"2656144300062100048","20240328",1761.42797851562,12394.8281477502,10832.5440594741,"MV_in_Gabra1",4,"inhibitory",16,"female","F2",1,"0328_F2_C"
"2795584800100100106","20240610",2260.59326171875,7961.39177051833,4468.29302408177,"oligodendrocyte_progenitor_2",NA,NA,NA,"female","F3",3,"0610_F3_S"
"2707737900088100010","20240415",4430.19677734375,11040.5596402004,9459.96364412725,"oligodendrocyte_1",NA,NA,NA,"female","F1",2,"0415_F1_L"
"2707604800364100083","20240415",781.323608398438,2102.88705105754,7787.90776615613,"DM_ex_Zfhx3",2,"excitatory",11,"male","M1",1,"0415_M1_C"
"2787445900228100117","20240503",1991.40051269531,1898.54498136326,1816.79425133026,"astrocyte_1",NA,NA,NA,"female","F5",2,"0503_F5_L"
"2726544600029100053","20240422",2948.50244140625,880.550794091643,6718.58710846212,"MV_in_Sema5b",4,"inhibitory",15,"female","F1",1,"0422_F1_C"
"2946331700000009227","20240415",1424.33251953125,10987.2141509317,1825.20307814458,"Schwann_cell",NA,NA,NA,"female","F2",4,"0415_F2_T"
"2787445900822100190","20240503",1358.86206054688,2268.85663860725,6315.30839267001,"oligodendrocyte_1",NA,NA,NA,"female","F3",3,"0503_F3_S"
"2945606900000005336","20240328",2786.4814453125,1370.59590397468,5711.03437216918,"MV_in_Gabra1",4,"inhibitory",16,"female","F1",1,"0328_F1_C"
"2787889600280100317","20240503",3671.572265625,10307.5091329836,7971.55941858186,"DM_ex_Zfhx3",2,"excitatory",11,"male","M4",1,"0503_M4_C"
"2787445900622100198","20240503",1866.42456054688,8638.05110556423,4600.95244529261,"oligodendrocyte_1",NA,NA,NA,"female","F3",1,"0503_F3_C"
"2796212800888100259","20240613",2455.97338867188,9520.45399975218,7691.88206002099,"MV_in_Gm26673",4,"inhibitory",19,"female","F4",1,"0613_F4_C"
"2787445900324100073","20240503",1712.19958496094,7902.59949563944,2207.37161127565,"DM_ex_Zfhx3",2,"excitatory",11,"female","F4",1,"0503_F4_C"
"2787445900724100069","20240503",1621.3173828125,5914.04368532659,5303.20329485628,"DH_ex_Tac2",1,"excitatory",8,"female","F3",4,"0503_F3_T"
"2787889600230100137","20240503",1273.62670898438,6370.11746276997,7521.78747384157,"oligodendrocyte_progenitor_2",NA,NA,NA,"male","M5",4,"0503_M5_T"
"2796212800420100197","20240613",3328.33447265625,3957.82481244765,3679.32014126948,"oligodendrocyte_2",NA,NA,NA,"female","F3",3,"0613_F3_S"
"2707604700092200167","20240415",5021.81689453125,7665.45344252881,6170.76434144645,"DH_ex_Maf/Cck",1,"excitatory",10,"male","M3",3,"0415_M3_S"
"2787889600243100120","20240503",3038.53344726562,9769.74405726558,7654.29659233982,"oligodendrocyte_2",NA,NA,NA,"male","M4",1,"0503_M4_C"
"2656144900137100057","20240328",403.016326904297,7777.8569019838,1327.54699882612,"DH_ex_Tac2",1,"excitatory",8,"male","M1",1,"0328_M1_C"
"2946331700000007564","20240415",939.862426757812,11066.5728533239,1617.38347275433,"M_ex_Neurod2",3,"excitatory",13,"female","F2",4,"0415_F2_T"
"2787445900584100022","20240503",3507.291015625,8087.12510166108,4128.02097549623,"astrocyte_2",NA,NA,NA,"female","F3",1,"0503_F3_C"
"2707604800082100263","20240415",3159.82983398438,5416.73256783083,4032.39804610051,"DM_ex_Zfhx3",2,"excitatory",11,"male","M1",2,"0415_M1_L"
"2946331700000000794","20240415",2610.73413085938,8556.50817581671,425.071974087215,"astrocyte_1",NA,NA,NA,"female","F2",1,"0415_F2_C"
"2795903600640100055","20240613",4818.3740234375,4617.60575249782,10552.7873302276,"MV_in_Gm26673",4,"inhibitory",19,"male","M4",1,"0613_M4_C"
"2796212800890100148","20240613",3789.5361328125,9991.22006553784,7657.08165613125,"DH_ex_Grpr",1,"excitatory",2,"female","F4",1,"0613_F4_C"
"2707604700318100123","20240415",2606.04223632812,3720.90996468341,9011.3798570832,"oligodendrocyte_1",NA,NA,NA,"male","M2",1,"0415_M2_C"
"2795584800173100312","20240610",3381.90600585938,8299.85906454845,5137.91665283102,"astrocyte_2",NA,NA,NA,"female","F3",3,"0610_F3_S"
"2707604800055100047","20240415",1867.44812011719,3890.18881613633,3523.79451666446,"alpha_motoneuron",NA,NA,22,"male","M1",3,"0415_M1_S"
"2656144900396100193","20240328",1335.35290527344,7624.02053453425,4292.46497983509,"MV_in_Sema5b",4,"inhibitory",15,"male","M2",4,"0328_M2_T"
"2787889600353100141","20240503",3607.89819335938,10474.1936124556,8475.29021281723,"oligodendrocyte_progenitor_2",NA,NA,NA,"male","M4",1,"0503_M4_C"
"2726544200048100247","20240422",1807.31408691406,6387.46779944358,1290.14753713552,"MV_in_Gabra1",4,"inhibitory",16,"male","M1",1,"0422_M1_C"
"2787445900285100291","20240503",2963.140625,7353.06078193523,2129.27508443146,"DM_ex_Zfhx3",2,"excitatory",11,"female","F4",1,"0503_F4_C"
"2796212800552100046","20240613",2221.228515625,4949.26021266263,4680.25022626214,"oligodendrocyte_1",NA,NA,NA,"female","F3",2,"0613_F3_L"
"2946331700000020461","20240415",4950.0400390625,11585.1723359758,3768.47109596051,"astrocyte_2",NA,NA,NA,"female","F2",2,"0415_F2_L"
"2795903600300100098","20240613",1984.34997558594,4110.34291831419,6913.53009755406,"DH_ex_Prkcg/Rxfp1",1,"excitatory",6,"male","M5",4,"0613_M5_T"
"2726543700142100174","20240422",3368.3515625,4336.77359530824,4916.13539780385,"MV_in_Chrna2",4,"inhibitory",19,"male","M3",4,"0422_M3_T"
"2787889600195100223","20240503",1397.80688476562,6569.4272275602,7365.90938223453,"endothelial",NA,NA,NA,"male","M5",4,"0503_M5_T"
"2787889600315100224","20240503",3011.23510742188,9789.19529793761,8250.60398302705,"astrocyte_1",NA,NA,NA,"male","M4",1,"0503_M4_C"
"2796212800111100031","20240613",1914.60168457031,6928.36592218559,815.756597692263,"oligodendrocyte_progenitor_2",NA,NA,NA,"female","F5",3,"0613_F5_S"
"2787889600450100276","20240503",2059.56225585938,7293.17200216814,9355.71461168413,"endothelial",NA,NA,NA,"male","M4",4,"0503_M4_T"
"2795103300185100075","20240610",2092.24072265625,3007.99990037055,1371.64745220251,"meninges_2",NA,NA,NA,"male","M4",1,"0610_M4_C"
"2796212800486100237","20240613",4604.79248046875,4497.52505215816,4349.2379544836,"astrocyte_1",NA,NA,NA,"female","F3",2,"0613_F3_L"
"2946331700000015807","20240415",1800.17370605469,10898.3206271793,2804.91805918372,"MV_ex_Syt2",4,"excitatory",14,"female","F2",2,"0415_F2_L"
"2795584800660100129","20240610",3451.12475585938,3367.42578085477,8965.77448025527,"M_in_Tfap2b",3,"inhibitory",12,"female","F5",1,"0610_F5_C"
"2707604000097200040","20240415",3634.77026367188,6406.90395809413,9114.28297511963,"meninges_2",NA,NA,NA,"male","M3",2,"0415_M3_L"
"2787445900859100030","20240503",1270.45654296875,2273.11256538599,6366.87954184959,"oligodendrocyte_progenitor_2",NA,NA,NA,"female","F3",3,"0503_F3_S"
"2656144900352100066","20240328",1365.70043945312,9722.97313899308,3583.81384177745,"pericyte",NA,NA,NA,"male","M1",4,"0328_M1_T"
"2726543700068100121","20240422",2271.2548828125,1463.55797819034,4275.20075327647,"MV_in_Sema5b",4,"inhibitory",15,"male","M3",1,"0422_M3_C"
"2656144900264100101","20240328",4044.02294921875,7087.2854511179,2828.487641791,"oligodendrocyte_progenitor_2",NA,NA,NA,"male","M2",1,"0328_M2_C"
"2796212800791100130","20240613",2603.20971679688,9237.94885812327,6760.16662054136,"MV_in_Gabra1",4,"inhibitory",16,"female","F4",1,"0613_F4_C"
"2787445900224100104","20240503",3704.4140625,723.27180970776,1718.372773768,"oligodendrocyte_progenitor_2",NA,NA,NA,"female","F5",3,"0503_F5_S"
"2707604000024100189","20240415",3772.44360351562,7127.70948927171,7918.1123061955,"oligodendrocyte_progenitor_2",NA,NA,NA,"male","M3",2,"0415_M3_L"
"2787445900597100100","20240503",4399.759765625,1387.69506968174,4546.54846532873,"oligodendrocyte_progenitor_2",NA,NA,NA,"female","F4",3,"0503_F4_S"
"2726544200050100115","20240422",4490.54150390625,6724.73162734717,1324.70514493903,"oligodendrocyte_1",NA,NA,NA,"male","M1",1,"0422_M1_C"
"2787445900125100022","20240503",1126.25463867188,4109.18744916591,898.048966827017,"endothelial",NA,NA,NA,"female","F5",4,"0503_F5_T"
"2656144900112100048","20240328",2664.3466796875,8256.00472588649,1061.83789777919,"astrocyte_1",NA,NA,NA,"male","M1",1,"0328_M1_C"
"2707737900087100110","20240415",4671.14111328125,10972.0788024772,9543.88469651318,"oligodendrocyte_progenitor_2",NA,NA,NA,"female","F1",2,"0415_F1_L"
"2795584800462100146","20240610",1269.99291992188,8450.19812009524,7379.22381767789,"DH_ex_Reln/Nmur2",1,"excitatory",3,"female","F4",3,"0610_F4_S"
"2787445900695100118","20240503",3246.61279296875,8091.78018994513,5196.36862642255,"oligodendrocyte_2",NA,NA,NA,"female","F3",1,"0503_F3_C"
"2795584800602100025","20240610",3253.810546875,7493.87093138497,8254.65155050378,"oligodendrocyte_progenitor_2",NA,NA,NA,"female","F5",2,"0610_F5_L"
"2946331700000004233","20240415",1296.29565429688,7914.74959573068,1166.99320274248,"DH_ex_Sox5",1,"excitatory",5,"female","F2",1,"0415_F2_C"
"2656143800468100146","20240328",2639.35546875,6051.85151347244,7516.43495886451,"astrocyte_1",NA,NA,NA,"male","M3",2,"0328_M3_L"
"2796212800431100020","20240613",2036.609375,6804.38290853426,3537.90946423193,"DH_ex_Maf/Cck",1,"excitatory",10,"female","F4",2,"0613_F4_L"
"2726544600432100029","20240422",2176.8291015625,4420.37694121848,10938.4315971759,"oligodendrocyte_precursor_cell",NA,NA,NA,"female","F1",2,"0422_F1_L"
"2707737900063100100","20240415",2402.07055664062,11366.1004248379,9020.36079933541,"DH_in_Rorb",1,"inhibitory",7,"female","F1",2,"0415_F1_L"
"2795903600613100074","20240613",623.438903808594,4424.54581484353,10285.4579431116,"alpha_motoneuron",NA,NA,22,"male","M4",1,"0613_M4_C"
"2656143800392200061","20240328",2501.92333984375,5961.51973747206,6658.41896210582,"pericyte",NA,NA,NA,"male","M3",2,"0328_M3_L"
"2707604700248200139","20240415",2319.72607421875,4050.64221363321,8127.5196033665,"oligodendrocyte_progenitor_2",NA,NA,NA,"male","M2",4,"0415_M2_T"
"2795584800175100098","20240610",1650.69323730469,8752.58153228898,4985.92853467879,"oligodendrocyte_progenitor_2",NA,NA,NA,"female","F3",3,"0610_F3_S"
"2796212800625100310","20240613",806.067504882812,7364.09718717448,5483.33692835312,"alpha_motoneuron",NA,NA,22,"female","F4",4,"0613_F4_T"
"2795903600401100082","20240613",669.355041503906,3265.30818039666,8061.56480693902,"DH_ex_Reln/Nmur2",1,"excitatory",3,"male","M4",4,"0613_M4_T"
"2707604700226100049","20240415",2823.55322265625,4839.04337655737,7731.31446052354,"oligodendrocyte_progenitor_2",NA,NA,NA,"male","M2",4,"0415_M2_T"
"2796212800457100145","20240613",2397.61645507812,5237.21152666025,4076.45870152372,"DH_ex_Cpne4",1,"excitatory",3,"female","F3",2,"0613_F3_L"
"2787445900597100077","20240503",2155.10766601562,1601.1090082947,4500.97137633892,"MV_in_Sema5b",4,"inhibitory",15,"female","F4",3,"0503_F4_S"
"2707604700085100132","20240415",2090.12084960938,5538.50846679122,6093.38269363577,"oligodendrocyte_progenitor_2",NA,NA,NA,"male","M2",2,"0415_M2_L"
"2787889600313100166","20240503",4534.98486328125,9263.15131893661,8176.74502928686,"endothelial",NA,NA,NA,"male","M4",1,"0503_M4_C"
"2656144900114100154","20240328",2897.501953125,8782.64870253716,1220.70706464595,"oligodendrocyte_2",NA,NA,NA,"male","M1",1,"0328_M1_C"
"2656144900191100250","20240328",1578.85327148438,8358.35367546625,2131.48839429647,"DH_in_Cdh3",1,"inhibitory",10,"male","M1",1,"0328_M1_C"
"2795103300330100202","20240610",4124.521484375,4638.64356907748,2631.78086262729,"M_ex_Vsx2/Shox2",3,"excitatory",20,"male","M5",4,"0610_M5_T"
"2707604800083100093","20240415",1524.44519042969,5537.11685936188,3982.76510764658,"DH_ex_Nmu/Tac2",1,"excitatory",8,"male","M1",2,"0415_M1_L"
"2656143800179100128","20240328",1717.26794433594,2111.11076714074,4482.45762718801,"DH_ex_Reln/Nmur2",1,"excitatory",3,"male","M3",1,"0328_M3_C"
"2656144900540200062","20240328",2403.13598632812,11582.0764474627,5657.55432771594,"oligodendrocyte_2",NA,NA,NA,"male","M1",3,"0328_M1_S"
"2795103300164100099","20240610",4391.59814453125,7043.42037514818,1098.68962403137,"oligodendrocyte_progenitor_2",NA,NA,NA,"male","M4",2,"0610_M4_L"
"2656143800239100078","20240328",2350.80639648438,5095.29388328595,4915.56870197778,"oligodendrocyte_1",NA,NA,NA,"male","M3",4,"0328_M3_T"
"2796212800430100188","20240613",4170.47607421875,6724.46921284124,3694.22644393076,"MV_in_Sema5b",4,"inhibitory",15,"female","F4",2,"0613_F4_L"
"2787889600351100044","20240503",601.017761230469,9824.32549267123,8276.45238131861,"oligodendrocyte_progenitor_2",NA,NA,NA,"male","M4",1,"0503_M4_C"
"2795584800447100149","20240610",3341.92260742188,4452.68983299824,7281.63517849088,"DH_in_Cdh3",1,"inhibitory",10,"female","F4",4,"0610_F4_T"
"2795903600670100112","20240613",1674.54248046875,5776.94074983452,10859.7226924372,"meninges_1",NA,NA,NA,"male","M4",1,"0613_M4_C"
"2787445900327100153","20240503",3114.80297851562,8838.93171157432,2390.51606674131,"astrocyte_1",NA,NA,NA,"female","F4",1,"0503_F4_C"
"2787445900617100114","20240503",3055.3701171875,7087.75092161272,4547.40534649917,"oligodendrocyte_2",NA,NA,NA,"female","F3",1,"0503_F3_C"
"2707604000085100206","20240415",2191.6708984375,7473.47561936363,9002.31810244292,"DH_ex_Maf/Cck",1,"excitatory",10,"male","M3",2,"0415_M3_L"
"2795903600346100094","20240613",2723.08544921875,2317.44973606408,7492.94652679472,"astrocyte_1",NA,NA,NA,"male","M4",2,"0613_M4_L"
"2787445900663100025","20240503",2476.87182617188,9613.61290808336,4678.27280114993,"meninges_2",NA,NA,NA,"female","F3",1,"0503_F3_C"
"2945606900000006539","20240328",2659.07397460938,1415.01504720423,5862.52889448358,"cholinergic_interneuron",NA,NA,21,"female","F1",1,"0328_F1_C"
"2707737900007100164","20240415",2002.05773925781,10338.7783790409,7938.18660296546,"oligodendrocyte_progenitor_2",NA,NA,NA,"female","F1",3,"0415_F1_S"
"2796212800890100052","20240613",2042.75964355469,9891.30402539484,7553.76364373579,"DH_ex_Grpr",1,"excitatory",2,"female","F4",1,"0613_F4_C"
"2787889600583100024","20240503",2707.19018554688,4155.80915751751,10242.7274259502,"M_ex_Vsx2/Shox2",3,"excitatory",20,"male","M4",3,"0503_M4_S"
"2795903600301100217","20240613",2478.11157226562,4213.66607239455,7025.30188260617,"DH_ex_Maf/Cck",1,"excitatory",10,"male","M5",4,"0613_M5_T"
"2656144300125100181","20240328",1656.21154785156,10789.2093016143,11700.9441172296,"DH_ex_Maf/Cck",1,"excitatory",10,"female","F2",4,"0328_F2_T"
"2656144900236100102","20240328",1548.02355957031,6387.43625129274,2524.93195434392,"astrocyte_1",NA,NA,NA,"male","M2",1,"0328_M2_C"
"2707604000041100054","20240415",3782.0185546875,7622.45552551604,7985.96417775592,"astrocyte_1",NA,NA,NA,"male","M3",2,"0415_M3_L"
"2787445900288100218","20240503",2316.81860351562,8158.7937571581,2095.13129372097,"oligodendrocyte_progenitor_2",NA,NA,NA,"female","F4",1,"0503_F4_C"
"2946331700000017314","20240415",800.36767578125,10405.550068256,3261.49587120907,"DH_ex_Reln/Nmur2",1,"excitatory",3,"female","F2",2,"0415_F2_L"
"2795103300331100259","20240610",768.252014160156,4905.75408682181,2640.05150393958,"M_ex_Neurod2",3,"excitatory",13,"male","M5",4,"0610_M5_T"
"2656144900561100195","20240328",1738.76721191406,10179.3147578383,6028.36645162788,"DH_ex_Gpr83",1,"excitatory",2,"male","M1",2,"0328_M1_L"
"2787889600058100118","20240503",2433.0302734375,8581.34257528442,6147.91620649188,"M_in_Tfap2b",3,"inhibitory",12,"male","M5",1,"0503_M5_C"
"2946331700000001720","20240415",4054.9287109375,8301.56486733307,772.640223213704,"oligodendrocyte_progenitor_2",NA,NA,NA,"female","F2",1,"0415_F2_C"
"2945606900000016575","20240328",3515.10888671875,2651.65704239081,7219.33034503402,"DH_in_Cdh3",1,"inhibitory",10,"female","F1",4,"0328_F1_T"
"2787889600163100062","20240503",2678.28002929688,7730.68928517587,6974.94499722432,"endothelial",NA,NA,NA,"male","M5",1,"0503_M5_C"
"2787445900285100237","20240503",951.902099609375,7437.43733584578,2063.78481164813,"MV_in_Gabra1",4,"inhibitory",16,"female","F4",1,"0503_F4_C"
"2707604000084100031","20240415",2142.2021484375,7026.95985712484,8781.25085450751,"MV_in_Gm26673",4,"inhibitory",19,"male","M3",2,"0415_M3_L"
"2796212800265100041","20240613",1264.00451660156,5247.60021141823,2142.64653410355,"DH_ex_Nmu/Tac2",1,"excitatory",8,"female","F4",3,"0613_F4_S"
"2795103300156100192","20240610",2384.56176757812,4743.27360670184,1207.69746047445,"DM_ex_Zfhx3",2,"excitatory",11,"male","M4",4,"0610_M4_T"
"2787445900172100012","20240503",3629.96997070312,6771.24124768982,1019.28194537351,"endothelial",NA,NA,NA,"female","F5",1,"0503_F5_C"
"2795584800156100008","20240610",4878.0654296875,3473.11645968346,4891.44146558578,"oligodendrocyte_2",NA,NA,NA,"female","F3",1,"0610_F3_C"
"2787889600128100065","20240503",3374.74072265625,7855.34258436668,6673.89966908068,"oligodendrocyte_progenitor_2",NA,NA,NA,"male","M5",1,"0503_M5_C"
"2796212800585100050","20240613",1448.31726074219,5138.12074468937,4949.79713479208,"oligodendrocyte_progenitor_2",NA,NA,NA,"female","F3",2,"0613_F3_L"
"2945606900000014781","20240328",3742.57934570312,3203.81336059386,7086.32905005859,"alpha_motoneuron",NA,NA,22,"female","F1",4,"0328_F1_T"
"2946331700000015027","20240415",3378.01684570312,12470.2718932839,2717.72194022723,"MV_in_Gm26673",4,"inhibitory",19,"female","F2",3,"0415_F2_S"
"2796212800238100210","20240613",1933.26745605469,6636.0262546679,2065.06273903244,"gamma_motoneuron",NA,NA,22,"female","F5",2,"0613_F5_L"
"2796212800429100245","20240613",5527.04443359375,6465.93881780095,3737.53433820675,"endothelial",NA,NA,NA,"female","F4",2,"0613_F4_L"
"2787889600162100053","20240503",2244.6748046875,7248.377354522,6910.18587195876,"astrocyte_2",NA,NA,NA,"male","M5",1,"0503_M5_C"
"2707604700094100046","20240415",2018.14245605469,8078.77454523134,6012.65026222344,"oligodendrocyte_progenitor_2",NA,NA,NA,"male","M3",3,"0415_M3_S"
"2787445900586100104","20240503",2108.76416015625,8845.23824784486,4243.78885969675,"MV_ex_Syt2",4,"excitatory",14,"female","F3",1,"0503_F3_C"
"2707737900099100232","20240415",1436.375,10487.4443442534,9954.17785980925,"astrocyte_1",NA,NA,NA,"female","F1",2,"0415_F1_L"
"2787889600316100176","20240503",4111.49072265625,10119.8864830085,8162.62128416495,"oligodendrocyte_precursor_cell",NA,NA,NA,"male","M4",1,"0503_M4_C"
"2787445900052100057","20240503",2826.12646484375,4199.51432657288,292.600316561875,"endothelial",NA,NA,NA,"female","F5",4,"0503_F5_T"
"2726562700214100153","20240422",1514.98999023438,9938.11532535084,10766.1321597379,"DH_ex_Rreb1",1,"excitatory",10,"female","F2",2,"0422_F2_L"
"2787445900427100070","20240503",5865.97216796875,5621.89440858539,3134.51752099305,"oligodendrocyte_2",NA,NA,NA,"female","F4",4,"0503_F4_T"
"2707737900114100047","20240415",2689.33056640625,11228.5946360997,10062.2184013779,"peripheral_glia",NA,NA,NA,"female","F1",2,"0415_F1_L"
"2656144900314100047","20240328",1575.67211914062,6395.36950002112,3293.92057096821,"DH_ex_Reln/Npff",1,"excitatory",1,"male","M2",1,"0328_M2_C"
"2787445900659100165","20240503",1869.73706054688,8485.58772797522,4835.92588756021,"endothelial",NA,NA,NA,"female","F3",1,"0503_F3_C"
"2795584800419100065","20240610",865.6865234375,6582.30126348726,6877.3598181205,"M_in_Tfap2b",3,"inhibitory",12,"female","F4",2,"0610_F4_L"
"2946331700000000470","20240415",2704.3017578125,9396.89170114434,237.606733028544,"astrocyte_2",NA,NA,NA,"female","F2",1,"0415_F2_C"
"2707604000126100141","20240415",1557.30163574219,6323.01715433929,9706.43162581964,"peripheral_glia",NA,NA,NA,"male","M3",2,"0415_M3_L"
"2787445900262100043","20240503",2922.39599609375,871.662908676852,1905.83643229079,"M_in_Tfap2b",3,"inhibitory",12,"female","F5",3,"0503_F5_S"
"2787445900250100025","20240503",992.596862792969,8011.70405092556,1596.12536004002,"meninges_1",NA,NA,NA,"female","F4",1,"0503_F4_C"
"2796212800362100170","20240613",779.078735351562,5639.34003305249,3227.65019886906,"alpha_motoneuron",NA,NA,22,"female","F4",2,"0613_F4_L"
"2787445900173100051","20240503",2589.71362304688,6958.74586391228,1106.21454578752,"astrocyte_1",NA,NA,NA,"female","F5",1,"0503_F5_C"
"2787889600056100011","20240503",2582.55615234375,7875.22997536277,6015.08248358252,"DH_ex_Maf/Cck",1,"excitatory",10,"male","M5",1,"0503_M5_C"
"2707604700343100054","20240415",873.809753417969,3880.56054330079,9108.32840017608,"MV_in_Sema5b",4,"inhibitory",15,"male","M2",1,"0415_M2_C"
"2707604800059100199","20240415",5522.18505859375,4797.76322271058,3764.78623172641,"alpha_motoneuron",NA,NA,22,"male","M1",2,"0415_M1_L"
"2795584800585100121","20240610",7861.76025390625,2644.43359094521,8401.88276430454,"MV_in_Sema5b",4,"inhibitory",15,"female","F5",1,"0610_F5_C"
"2726562700199100135","20240422",2973.96948242188,11573.1787856693,10448.0607170723,"oligodendrocyte_progenitor_2",NA,NA,NA,"female","F2",4,"0422_F2_T"
"2795584800377100102","20240610",2922.7509765625,4995.6358744688,6682.14102506809,"endothelial",NA,NA,NA,"female","F4",4,"0610_F4_T"
"2795903600411100106","20240613",1763.537109375,5999.62296554664,8113.54160101432,"DH_ex_Reln/Nmur2",1,"excitatory",3,"male","M5",1,"0613_M5_C"
"2795584800138100282","20240610",1257.51281738281,8426.65254298854,4848.06218508177,"DH_in_Npy",1,"inhibitory",4,"female","F3",3,"0610_F3_S"
"2726544600455100090","20240422",2839.958984375,3804.18983701628,11269.8420948181,"DH_in_Rorb",1,"inhibitory",7,"female","F1",2,"0422_F1_L"
"2787889600486100174","20240503",4007.68334960938,7345.8492690858,9650.42815456774,"oligodendrocyte_1",NA,NA,NA,"male","M4",4,"0503_M4_T"
"2787889600276200065","20240503",3561.380859375,8987.05988994893,7978.35575528356,"meninges_1",NA,NA,NA,"male","M4",1,"0503_M4_C"
"2795584800450100164","20240610",1295.84228515625,5198.35414575582,7286.16722578842,"oligodendrocyte_progenitor_1",NA,NA,NA,"female","F4",4,"0610_F4_T"
"2795584800122100072","20240610",2841.88720703125,4151.90257781019,4630.81875373999,"DH_ex_Prkcg/Nts",1,"excitatory",8,"female","F3",4,"0610_F3_T"
"2795903600670100217","20240613",1865.28552246094,5767.91627723572,10978.0714091599,"DH_ex_Reln/Nmur2",1,"excitatory",3,"male","M4",1,"0613_M4_C"
"2707737900096100070","20240415",1756.77600097656,9765.54208577801,10003.929117472,"meninges_2",NA,NA,NA,"female","F1",2,"0415_F1_L"
"2795903600670100081","20240613",1482.43395996094,5718.07039829323,10833.8452595896,"DH_ex_Grpr",1,"excitatory",2,"male","M4",1,"0613_M4_C"
"2787445900208100084","20240503",2289.02124023438,6588.56597768585,1554.25997290527,"oligodendrocyte_1",NA,NA,NA,"female","F5",1,"0503_F5_C"
"2795103300297100128","20240610",2846.71508789062,5023.26028151263,2361.61657908355,"oligodendrocyte_progenitor_2",NA,NA,NA,"male","M5",4,"0610_M5_T"
"2656144900235100278","20240328",2659.31372070312,6252.04778033713,2690.25360813111,"DH_ex_Grpr",1,"excitatory",2,"male","M2",1,"0328_M2_C"
"2787889600169100065","20240503",4247.341796875,9202.06486101472,7037.37336830838,"astrocyte_2",NA,NA,NA,"male","M5",1,"0503_M5_C"
"2795903600381100038","20240613",2950.65283203125,4888.40658156766,7714.29874013436,"oligodendrocyte_1",NA,NA,NA,"male","M5",4,"0613_M5_T"
"2787445900323200094","20240503",2938.39990234375,7562.24049904221,2290.71816640781,"astrocyte_1",NA,NA,NA,"female","F4",1,"0503_F4_C"
"2707604700366100244","20240415",2825.27465820312,3597.22770149699,9630.03798329399,"oligodendrocyte_2",NA,NA,NA,"male","M2",1,"0415_M2_C"
"2787889600362100228","20240503",1383.12170410156,2913.95059784281,8788.56036845269,"oligodendrocyte_1",NA,NA,NA,"male","M5",3,"0503_M5_S"
"2795103300164100027","20240610",2299.94580078125,6922.07065524964,1021.79241849232,"oligodendrocyte_progenitor_2",NA,NA,NA,"male","M4",2,"0610_M4_L"
"2795903600669100227","20240613",2978.61889648438,5507.79356519339,10961.0095060774,"astrocyte_1",NA,NA,NA,"male","M4",1,"0613_M4_C"
"2795903600614100134","20240613",589.684387207031,4452.30621822056,10330.7562838695,"alpha_motoneuron",NA,NA,22,"male","M4",1,"0613_M4_C"
"2707604800078100084","20240415",2892.17700195312,4433.47952397936,3980.41195651377,"oligodendrocyte_2",NA,NA,NA,"male","M1",2,"0415_M1_L"
"2945606900000001734","20240328",2169.07739257812,966.941922228056,5168.21383070556,"astrocyte_1",NA,NA,NA,"female","F1",1,"0328_F1_C"
"2726544600431100029","20240422",2697.69775390625,4408.65338089751,10906.3070670038,"astrocyte_1",NA,NA,NA,"female","F1",2,"0422_F1_L"
"2787445900584100048","20240503",3547.43969726562,8216.04456977535,4158.90252824816,"oligodendrocyte_2",NA,NA,NA,"female","F3",1,"0503_F3_C"
"2707604700249100223","20240415",3030.88159179688,4526.33521466151,8136.92835255829,"astrocyte_1",NA,NA,NA,"male","M2",4,"0415_M2_T"
"2656144900505100237","20240328",3481.73876953125,9024.07252063804,5506.45847179402,"oligodendrocyte_1",NA,NA,NA,"male","M2",2,"0328_M2_L"
"2787445900656100122","20240503",1224.705078125,7591.79292061692,4824.06994822981,"alpha_motoneuron",NA,NA,22,"female","F3",1,"0503_F3_C"
"2795584800311100088","20240610",4300.94677734375,6708.78901786165,6254.08944587613,"oligodendrocyte_2",NA,NA,NA,"female","F4",2,"0610_F4_L"
"2787889600092100123","20240503",4151.8681640625,8062.7314724701,6425.44861600958,"MV_ex_Syt2",4,"excitatory",14,"male","M5",1,"0503_M5_C"
"2795103300154100196","20240610",2940.78955078125,4196.46667735581,1221.85970380483,"MV_in_Gabra1",4,"inhibitory",16,"male","M4",4,"0610_M4_T"
"2795903600243100183","20240613",1146.94104003906,2521.7575923562,6490.122337807,"oligodendrocyte_progenitor_2",NA,NA,NA,"male","M4",2,"0613_M4_L"
"2707604700225200059","20240415",3423.462890625,4400.48914042195,7782.09783272538,"oligodendrocyte_progenitor_2",NA,NA,NA,"male","M2",4,"0415_M2_T"
"2707604700091100033","20240415",3452.97680664062,7177.59683017951,6010.15270860586,"M_in_Tfap2b",3,"inhibitory",12,"male","M3",3,"0415_M3_S"
"2795103300119100071","20240610",969.792114257812,4206.60850864329,787.326923470013,"MV_in_Gm26673",4,"inhibitory",19,"male","M4",4,"0610_M4_T"
"2787889600481100017","20240503",1986.06030273438,6016.17408742104,9389.0690780466,"oligodendrocyte_progenitor_2",NA,NA,NA,"male","M4",2,"0503_M4_L"
"2656144900591100123","20240328",1763.97717285156,11277.9472045409,6225.11065118697,"endothelial",NA,NA,NA,"male","M1",2,"0328_M1_L"
"2656144900541200056","20240328",2797.6357421875,11947.4174439869,5580.5752860808,"MV_in_Sema5b",4,"inhibitory",15,"male","M1",3,"0328_M1_S"
"2796212800242100196","20240613",1852.66760253906,7782.37151754089,2110.49876069708,"oligodendrocyte_progenitor_1",NA,NA,NA,"female","F5",2,"0613_F5_L"
"2796212800333100220","20240613",2283.7314453125,6290.66647387389,2917.69020142022,"astrocyte_1",NA,NA,NA,"female","F4",2,"0613_F4_L"
"2656143800053100201","20240328",3874.33154296875,1792.73531926473,3122.59719174722,"DM_ex_Zfhx3",2,"excitatory",11,"male","M3",1,"0328_M3_C"
"2795903600490100127","20240613",1921.9833984375,6188.587998662,8971.08407855146,"DH_in_Cdh3",1,"inhibitory",10,"male","M5",1,"0613_M5_C"
"2795584800086100203","20240610",3915.60693359375,4111.43634952919,4539.32311375753,"oligodendrocyte_1",NA,NA,NA,"female","F3",4,"0610_F3_T"
"2787445900546100147","20240503",1249.90258789062,7879.14302300813,4029.13311872953,"astrocyte_1",NA,NA,NA,"female","F3",1,"0503_F3_C"
"2707604800036100022","20240415",2692.353515625,4321.06809525611,3291.9640907445,"oligodendrocyte_2",NA,NA,NA,"male","M1",3,"0415_M1_S"
"2707604700341100181","20240415",1851.84265136719,3436.62778481629,9234.99789672479,"oligodendrocyte_progenitor_2",NA,NA,NA,"male","M2",1,"0415_M2_C"
"2787889600020100063","20240503",2069.52612304688,8027.765572845,6015.00469484346,"oligodendrocyte_progenitor_2",NA,NA,NA,"male","M5",1,"0503_M5_C"
"2656144900217100165","20240328",2333.82836914062,8467.57843779979,2256.09617185942,"DH_ex_Nmu/Tac2",1,"excitatory",8,"male","M1",1,"0328_M1_C"
"2656144900195200088","20240328",4246.38525390625,9479.47204133944,1987.70636937951,"meninges_2",NA,NA,NA,"male","M1",1,"0328_M1_C"
"2787445900462100171","20240503",2490.86791992188,5012.11632790061,3494.02242685412,"MV_in_Sema5b",4,"inhibitory",15,"female","F4",4,"0503_F4_T"
"2787445900097100091","20240503",1338.58142089844,6525.58374155697,563.417779634503,"DH_ex_Cpne4",1,"excitatory",3,"female","F5",1,"0503_F5_C"
"2945606900000000826","20240328",2823.70385742188,604.541405411575,4819.45199237371,"pericyte",NA,NA,NA,"female","F1",1,"0328_F1_C"
"2796212800716100115","20240613",1810.93005371094,5998.32733792346,6164.60590453283,"DH_in_Klhl14",1,"inhibitory",10,"female","F3",4,"0613_F3_T"
"2707737900134100133","20240415",3021.88940429688,9563.13153044133,10850.6493414654,"DH_in_Rorb",1,"inhibitory",7,"female","F1",4,"0415_F1_T"
"2707604800221100102","20240415",2667.70678710938,3225.29815598985,5989.08948633075,"pericyte",NA,NA,NA,"male","M1",4,"0415_M1_T"
"2787445900798100050","20240503",2218.73803710938,5996.84083428362,5842.06556038403,"oligodendrocyte_progenitor_2",NA,NA,NA,"female","F3",4,"0503_F3_T"
"2795903600300100156","20240613",2885.9736328125,4089.06683983738,6974.29795662337,"DH_ex_Nmu/Tac2",1,"excitatory",8,"male","M5",4,"0613_M5_T"
"2656144900532100154","20240328",3124.66455078125,9193.89622603031,5758.443201143,"astrocyte_1",NA,NA,NA,"male","M2",2,"0328_M2_L"
"2787445900248100047","20240503",1709.29992675781,7334.18427579291,1728.56593832857,"meninges_1",NA,NA,NA,"female","F4",1,"0503_F4_C"
"2795584800413100183","20240610",3743.68798828125,4816.3419760731,7036.2668234055,"M_in_Tfap2b",3,"inhibitory",12,"female","F4",4,"0610_F4_T"
"2946331700000001528","20240415",1604.43090820312,8214.09680648911,696.210834882688,"oligodendrocyte_2",NA,NA,NA,"female","F2",1,"0415_F2_C"
"2796212800461100025","20240613",2660.314453125,6352.58263104036,3816.23427084403,"microglia",NA,NA,NA,"female","F4",2,"0613_F4_L"
"2787889600127100088","20240503",2081.74853515625,7619.62874676217,6710.37931620973,"astrocyte_1",NA,NA,NA,"male","M5",1,"0503_M5_C"
"2946331700000018412","20240415",2335.61791992188,10444.7430561495,3612.84577334565,"oligodendrocyte_2",NA,NA,NA,"female","F2",2,"0415_F2_L"
"2787445900051100136","20240503",1912.96447753906,3981.05522051873,315.405051422946,"endothelial",NA,NA,NA,"female","F5",4,"0503_F5_T"
"2787445900127100087","20240503",2261.4189453125,4659.22923259606,848.23966779231,"oligodendrocyte_progenitor_2",NA,NA,NA,"female","F5",4,"0503_F5_T"
"2656143800416100047","20240328",1626.04919433594,5539.95540803747,6866.02959502186,"DH_in_Cdh3",1,"inhibitory",10,"male","M3",2,"0328_M3_L"
"2795584800129100078","20240610",3653.63940429688,6138.19575215451,4721.50172271224,"oligodendrocyte_1",NA,NA,NA,"female","F3",2,"0610_F3_L"
"2795584800458100128","20240610",1960.65515136719,7383.2422360396,7304.22916094086,"DH_ex_Maf/Cck",1,"excitatory",10,"female","F4",2,"0610_F4_L"
"2656144900221100097","20240328",1039.44177246094,9498.91155987335,2375.20079723603,"endothelial",NA,NA,NA,"male","M1",1,"0328_M1_C"
"2787445900302100036","20240503",2859.76611328125,1889.08548483366,2192.09612162292,"oligodendrocyte_progenitor_2",NA,NA,NA,"female","F5",2,"0503_F5_L"
"2795584800449100136","20240610",1306.65197753906,4938.85742811466,7249.50925643764,"microglia",NA,NA,NA,"female","F4",4,"0610_F4_T"
"2787445900396100210","20240503",2417.83251953125,7360.46151025349,2930.93212412635,"astrocyte_1",NA,NA,NA,"female","F4",1,"0503_F4_C"
"2796212800529100128","20240613",2126.318359375,7447.40440825932,4528.2911395001,"DH_ex_Cpne4",1,"excitatory",3,"female","F4",4,"0613_F4_T"
"2795903600032100231","20240613",3380.59008789062,1862.13272628357,4266.06255505295,"M_ex_Vsx2",3,"excitatory",20,"male","M5",3,"0613_M5_S"
"2787445900248200033","20240503",1514.84655761719,7372.76609083288,1742.17212873555,"DH_ex_Reln/Npff",1,"excitatory",1,"female","F4",1,"0503_F4_C"
"2707737900099100117","20240415",1983.36791992188,10588.242923425,9848.77503503289,"oligodendrocyte_precursor_cell",NA,NA,NA,"female","F1",2,"0415_F1_L"
"2795903600268100239","20240613",698.143371582031,2432.48235679918,6768.46150144326,"MV_in_Gm26673",4,"inhibitory",19,"male","M4",2,"0613_M4_L"
"2787445900396100208","20240503",830.418884277344,7320.18268154806,2927.48671754761,"alpha_motoneuron",NA,NA,22,"female","F4",1,"0503_F4_C"
"2787889600397100053","20240503",2525.63110351562,2626.64048717092,8885.29339171182,"endothelial",NA,NA,NA,"male","M5",3,"0503_M5_S"
"2787445900124100012","20240503",3138.39892578125,3820.51009243657,756.358131571556,"oligodendrocyte_progenitor_2",NA,NA,NA,"female","F5",4,"0503_F5_T"
"2787445900932100027","20240503",4122.4052734375,2181.04280075838,6958.64020411154,"gamma_motoneuron",NA,NA,22,"female","F3",3,"0503_F3_S"
"2795584800353100089","20240610",2084.58715820312,8308.92345144291,6404.58811903675,"MV_in_Gabra1",4,"inhibitory",16,"female","F4",3,"0610_F4_S"
"2656144900113100021","20240328",1753.26208496094,8439.10039960047,1045.59892206619,"astrocyte_1",NA,NA,NA,"male","M1",1,"0328_M1_C"
"2707604700082100018","20240415",2693.44555664062,4849.80380003645,5999.4139148203,"MV_in_Esrrb",4,"inhibitory",14,"male","M2",2,"0415_M2_L"
"2787445900625100013","20240503",3531.55834960938,9274.98910180153,4387.67312709664,"oligodendrocyte_progenitor_1",NA,NA,NA,"female","F3",1,"0503_F3_C"
"2656144900516100236","20240328",3163.46459960938,11972.718761242,5439.51831952701,"oligodendrocyte_progenitor_2",NA,NA,NA,"male","M1",3,"0328_M1_S"
"2787889600131100082","20240503",2504.34985351562,8798.78301448771,6653.43068924386,"MV_in_Esrrb",4,"inhibitory",14,"male","M5",1,"0503_M5_C"
"2787445900169100259","20240503",2734.87744140625,6088.33733340958,1279.05129589318,"astrocyte_1",NA,NA,NA,"female","F5",1,"0503_F5_C"
"2795584800492100073","20240610",4056.04833984375,6988.56693937554,7499.27325344874,"DH_ex_Cpne4",1,"excitatory",3,"female","F4",2,"0610_F4_L"
"2656143800027100253","20240328",1964.07263183594,1667.08606670538,2813.86749702581,"DH_ex_Prkcg/Nts",1,"excitatory",8,"male","M3",1,"0328_M3_C"
"2796212800537100108","20240613",1834.79138183594,9682.78507293575,4507.21690630878,"DH_in_Npy",1,"inhibitory",4,"female","F5",1,"0613_F5_C"
"2656144300062200075","20240328",3153.61962890625,12554.5022955674,10917.3922982455,"oligodendrocyte_progenitor_2",NA,NA,NA,"female","F2",1,"0328_F2_C"
"2656143800216100204","20240328",3215.4833984375,5623.50001268898,4777.97419500729,"MV_in_Gabra1",4,"inhibitory",16,"male","M3",4,"0328_M3_T"
"2795903600518100124","20240613",837.322082519531,6775.92102793881,9191.45861668566,"DH_ex_Sox5",1,"excitatory",5,"male","M5",1,"0613_M5_C"
"2656144900191100019","20240328",3641.97021484375,8528.65703804437,1873.94289696595,"astrocyte_1",NA,NA,NA,"male","M1",1,"0328_M1_C"
"2787445900753100144","20240503",4933.7744140625,3838.78962660913,5664.36130959695,"oligodendrocyte_progenitor_2",NA,NA,NA,"female","F3",2,"0503_F3_L"
"2795584800476100196","20240610",2973.26098632812,2359.24278565284,7504.68575082324,"DH_in_Npy2r",1,"inhibitory",9,"female","F4",1,"0610_F4_C"
"2787889600312100154","20240503",1172.77270507812,9088.49557175324,8068.80261237963,"endothelial",NA,NA,NA,"male","M4",1,"0503_M4_C"
"2946331700000001714","20240415",4139.06103515625,8412.19015714916,633.699680463935,"endothelial",NA,NA,NA,"female","F2",1,"0415_F2_C"
"2795903600032100130","20240613",3448.5419921875,1646.00170439154,4158.6762304517,"DH_in_Npy",1,"inhibitory",4,"male","M5",3,"0613_M5_S"
"2795903600616100081","20240613",2410.84692382812,5056.09510057807,10300.6104208798,"MV_in_Gabra1",4,"inhibitory",16,"male","M4",1,"0613_M4_C"
"2787445900322100195","20240503",1353.20678710938,7456.81814321887,2368.57594576289,"oligodendrocyte_progenitor_2",NA,NA,NA,"female","F4",1,"0503_F4_C"
"2707604700250100199","20240415",2364.69018554688,4828.05915853013,8138.27360420238,"DH_ex_Maf/Cck",1,"excitatory",10,"male","M2",4,"0415_M2_T"
"2796212800921100212","20240613",2562.130859375,9602.51310090907,7924.80441065691,"DM_ex_Zfhx3",2,"excitatory",11,"female","F4",1,"0613_F4_C"
"2796212800980100325","20240613",2388.51123046875,8366.47888620384,8565.72084163618,"DH_ex_Reln/Nmur2",1,"excitatory",3,"female","F3",1,"0613_F3_C"
"2796212800295100247","20240613",3174.23950195312,4606.46391498297,2611.29695049394,"endothelial",NA,NA,NA,"female","F4",3,"0613_F4_S"
"2787445900201100040","20240503",4495.19091796875,4569.73793122103,1349.44217503202,"oligodendrocyte_2",NA,NA,NA,"female","F5",4,"0503_F5_T"
"2946331700000003172","20240415",3329.54125976562,8575.03275621508,970.152541273739,"MV_in_Gabra1",4,"inhibitory",16,"female","F2",1,"0415_F2_C"
"2787889600129100208","20240503",2671.23364257812,8313.98124465323,6807.5548992343,"oligodendrocyte_precursor_cell",NA,NA,NA,"male","M5",1,"0503_M5_C"
"2795903600115100200","20240613",1840.23913574219,3148.60296540866,5058.59661318816,"astrocyte_1",NA,NA,NA,"male","M5",2,"0613_M5_L"
"2707737900059100053","20240415",1930.01049804688,10430.5963159544,8981.24759404198,"endothelial",NA,NA,NA,"female","F1",2,"0415_F1_L"
"2707604700070100021","20240415",2917.05688476562,7998.92162941981,5755.90881425666,"oligodendrocyte_progenitor_2",NA,NA,NA,"male","M3",3,"0415_M3_S"
"2787445900681100244","20240503",1668.53466796875,4204.87383562373,5173.50637951451,"MV_in_Sema5b",4,"inhibitory",15,"female","F3",2,"0503_F3_L"
"2707604000055100295","20240415",1848.81396484375,7299.28759050457,8457.26565010345,"oligodendrocyte_progenitor_2",NA,NA,NA,"male","M3",2,"0415_M3_L"
"2795103300196100077","20240610",2598.8994140625,6087.94804990536,1340.8103352717,"oligodendrocyte_1",NA,NA,NA,"male","M4",2,"0610_M4_L"
"2707604800101100085","20240415",1546.17578125,4911.584133444,4275.28264728608,"MV_ex_Syt2",4,"excitatory",14,"male","M1",2,"0415_M1_L"
"2656144900540100204","20240328",3265.83325195312,11618.7657546789,5769.88415521746,"oligodendrocyte_progenitor_2",NA,NA,NA,"male","M1",3,"0328_M1_S"
"2787445900732100051","20240503",3488.46166992188,8217.95894404454,5306.63130283258,"oligodendrocyte_2",NA,NA,NA,"female","F3",1,"0503_F3_C"
"2795584800442100068","20240610",2932.31201171875,2980.28383873252,7211.2833878255,"oligodendrocyte_2",NA,NA,NA,"female","F4",1,"0610_F4_C"
"2795903600570100094","20240613",2438.78393554688,6794.67874012416,9792.950681951,"meninges_2",NA,NA,NA,"male","M5",1,"0613_M5_C"
"2656144900140100117","20240328",1243.8359375,8660.51394852239,1467.13391885668,"oligodendrocyte_progenitor_2",NA,NA,NA,"male","M1",1,"0328_M1_C"
"2795103300165100050","20240610",4877.54443359375,7314.63223671907,1115.30210184667,"oligodendrocyte_2",NA,NA,NA,"male","M4",2,"0610_M4_L"
"2787445900225100102","20240503",2433.48681640625,976.25076603498,1663.18199033797,"DM_ex_Zfhx3",2,"excitatory",11,"female","F5",3,"0503_F5_S"
"2787889600450100096","20240503",5561.236328125,7481.24262225931,9194.46709783882,"MV_ex_Syt2",4,"excitatory",14,"male","M4",4,"0503_M4_T"
"2787889600353100174","20240503",4236.14306640625,10373.7756147408,8530.83827898127,"alpha_motoneuron",NA,NA,22,"male","M4",1,"0503_M4_C"
"2795903600347100196","20240613",3883.8837890625,2650.06423821961,7591.26182930147,"DM_ex_Zfhx3",2,"excitatory",11,"male","M4",2,"0613_M4_L"
"2795903600438100226","20240613",2679.8193359375,6342.75113510591,8407.60505994712,"oligodendrocyte_progenitor_1",NA,NA,NA,"male","M5",1,"0613_M5_C"
"2787445900425100232","20240503",1168.06567382812,5197.23213261541,3236.06011451624,"oligodendrocyte_progenitor_2",NA,NA,NA,"female","F4",4,"0503_F4_T"
"2795584800705100012","20240610",3727.44165039062,6071.81322849408,9105.2252290802,"oligodendrocyte_2",NA,NA,NA,"female","F5",2,"0610_F5_L"
"2795103300178100117","20240610",2932.17553710938,1105.95723433117,1466.05574152205,"DH_in_Npy",1,"inhibitory",4,"male","M4",1,"0610_M4_C"
"2796212800457100064","20240613",2416.67724609375,5128.7300774632,3989.97403874539,"astrocyte_1",NA,NA,NA,"female","F3",2,"0613_F3_L"
"2787889600410100270","20240503",4677.09326171875,6138.04234812653,9063.3621751302,"oligodendrocyte_progenitor_2",NA,NA,NA,"male","M4",2,"0503_M4_L"
"2795103300183100208","20240610",2518.60864257812,2454.6668286035,1570.59961284249,"DH_in_Cdh3",1,"inhibitory",10,"male","M4",1,"0610_M4_C"
"2795103300346100265","20240610",2631.93286132812,8905.92814924842,2649.45620197887,"astrocyte_1",NA,NA,NA,"male","M5",3,"0610_M5_S"
"2656144300193100082","20240328",1116.16381835938,10351.3144630341,12553.7244320711,"meninges_1",NA,NA,NA,"female","F2",4,"0328_F2_T"
"2787445900805100011","20240503",2938.13842773438,7950.54875222244,5795.30198336633,"DH_ex_Gpr83",1,"excitatory",2,"male","M5",1,"0503_M5_C"
"2795584800449100028","20240610",5077.2333984375,4888.87425690112,7137.24085752849,"astrocyte_1",NA,NA,NA,"female","F4",4,"0610_F4_T"
"2787445900580100037","20240503",2729.19409179688,7072.58124502993,4207.65413724253,"meninges_1",NA,NA,NA,"female","F3",1,"0503_F3_C"
"2795103300145100121","20240610",2628.802734375,1601.24302343238,1092.24845913664,"DM_ex_Zfhx3",2,"excitatory",11,"male","M4",1,"0610_M4_C"
"2787445900290100181","20240503",1696.80139160156,8835.35542152752,2072.09506078847,"oligodendrocyte_progenitor_2",NA,NA,NA,"female","F4",1,"0503_F4_C"
"2787445900285100287","20240503",1972.19201660156,7407.58996886259,2123.22810349258,"DM_ex_Zfhx3",2,"excitatory",11,"female","F4",1,"0503_F4_C"
"2787445900583100016","20240503",5260.4365234375,7816.30364144035,4108.64424861145,"DH_ex_Maf/Cck",1,"excitatory",10,"female","F3",1,"0503_F3_C"
"2656143800393100200","20240328",2330.4267578125,6004.13853386702,6795.47000088412,"MV_in_Gabra1",4,"inhibitory",16,"male","M3",2,"0328_M3_L"
"2787889600482100155","20240503",3294.05737304688,6359.78814655857,9602.03447140432,"oligodendrocyte_progenitor_2",NA,NA,NA,"male","M4",2,"0503_M4_L"
"2726543700226100102","20240422",1526.54650878906,1151.77188354961,5583.49481683626,"DH_ex_Maf/Slc17a8",1,"excitatory",10,"male","M3",1,"0422_M3_C"
"2796212801107200032","20240613",5700.2607421875,8129.74700138718,9513.63078470892,"peripheral_glia",NA,NA,NA,"female","F3",1,"0613_F3_C"
"2787445900787100116","20240503",2697.56494140625,2973.5087743717,6029.55447104508,"oligodendrocyte_2",NA,NA,NA,"female","F3",2,"0503_F3_L"
"2656144900193100079","20240328",2459.93383789062,8888.42651452597,2006.94570570716,"oligodendrocyte_precursor_cell",NA,NA,NA,"male","M1",1,"0328_M1_C"
"2787445900290100144","20240503",5649.482421875,8882.76712624915,2008.5123514455,"endothelial",NA,NA,NA,"female","F4",1,"0503_F4_C"
"2707604700271100168","20240415",1909.5732421875,3865.94870707369,8401.79674254073,"oligodendrocyte_progenitor_2",NA,NA,NA,"male","M2",4,"0415_M2_T"
"2656144900559100090","20240328",2251.74755859375,9452.53975889628,6011.17777957538,"astrocyte_1",NA,NA,NA,"male","M2",2,"0328_M2_L"
"2795584800225100281","20240610",2011.57043457031,2509.21913306252,5629.04343153085,"oligodendrocyte_2",NA,NA,NA,"female","F3",1,"0610_F3_C"
"2656144900167100066","20240328",3437.21337890625,8970.23541454565,1683.12613327324,"oligodendrocyte_progenitor_2",NA,NA,NA,"male","M1",1,"0328_M1_C"
"2787889600480100184","20240503",775.8154296875,5827.56773525837,9602.97466100045,"alpha_motoneuron",NA,NA,22,"male","M4",2,"0503_M4_L"
"2946331700000017494","20240415",4902.04345703125,11023.0166563665,3145.98089915485,"MV_in_Gm26673",4,"inhibitory",19,"female","F2",2,"0415_F2_L"
"2656144900217100036","20240328",1854.87646484375,8344.03609370621,2160.89703900981,"DH_ex_Prkcg/Nts",1,"excitatory",8,"male","M1",1,"0328_M1_C"
"2656144900183100031","20240328",3191.66723632812,6204.57416801315,1985.26191681382,"meninges_1",NA,NA,NA,"male","M2",1,"0328_M2_C"
"2787445900253100272","20240503",3636.82250976562,8906.64908380166,1797.36484534363,"DH_ex_Nmu/Tac2",1,"excitatory",8,"female","F4",1,"0503_F4_C"
"2707604000083100028","20240415",2469.32373046875,6784.49458517577,8787.89841109244,"oligodendrocyte_2",NA,NA,NA,"male","M3",2,"0415_M3_L"
"2796212800427100092","20240613",5676.0478515625,5750.23293712735,3730.63611867896,"astrocyte_2",NA,NA,NA,"female","F4",2,"0613_F4_L"
"2795584800476100231","20240610",4177.875,2259.98678434882,7543.45588534129,"DH_in_Rorb",1,"inhibitory",7,"female","F4",1,"0610_F4_C"
"2707604000153200053","20240415",1928.69653320312,5250.77172685758,10255.1339644437,"astrocyte_1",NA,NA,NA,"male","M3",4,"0415_M3_T"
"2787445900228100017","20240503",4813.7861328125,1847.79451309028,1665.04364079965,"astrocyte_2",NA,NA,NA,"female","F5",2,"0503_F5_L"
"2707737900047200090","20240415",2838.16577148438,10543.6069418032,8819.56288328557,"oligodendrocyte_1",NA,NA,NA,"female","F1",2,"0415_F1_L"
"2796212800592100013","20240613",3585.03637695312,7219.44763578102,4937.31258086907,"oligodendrocyte_progenitor_2",NA,NA,NA,"female","F4",4,"0613_F4_T"
"2656144900503100238","20240328",2632.97021484375,8423.75877916875,5481.61087664111,"endothelial",NA,NA,NA,"male","M2",2,"0328_M2_L"
"2787445900695100111","20240503",4995.88134765625,8352.50146324479,5180.76280497061,"astrocyte_2",NA,NA,NA,"female","F3",1,"0503_F3_C"
"2946331700000020414","20240415",3135.26708984375,11481.2051073584,3637.52485145483,"alpha_motoneuron",NA,NA,22,"female","F2",2,"0415_F2_L"
"2656144900558100030","20240328",2003.69067382812,9266.88693051675,5816.61008297381,"astrocyte_1",NA,NA,NA,"male","M2",2,"0328_M2_L"
"2795103300156100227","20240610",2978.76098632812,4789.259757789,1240.59443826019,"DH_ex_Maf/Cck",1,"excitatory",10,"male","M4",4,"0610_M4_T"
"2796212800364100281","20240613",2889.98876953125,6043.72397933155,3216.26421542291,"oligodendrocyte_1",NA,NA,NA,"female","F4",2,"0613_F4_L"
"2707604800363100213","20240415",1903.54833984375,1853.47316772217,7957.44138477882,"oligodendrocyte_1",NA,NA,NA,"male","M1",1,"0415_M1_C"
"2945606900000003434","20240328",3179.10522460938,1261.35422794426,5473.83977029749,"M_in_Tfap2b",3,"inhibitory",12,"female","F1",1,"0328_F1_C"
"2795584800160100211","20240610",2958.85131835938,4754.69907993998,5055.27600902275,"DH_ex_Gpr83",1,"excitatory",2,"female","F3",4,"0610_F3_T"
"2787445900364100174","20240503",4625.46826171875,8831.98787155061,2693.24256669919,"oligodendrocyte_progenitor_2",NA,NA,NA,"female","F4",1,"0503_F4_C"
"2787889600169100049","20240503",2605.388671875,9308.66638290393,6962.16365309933,"oligodendrocyte_2",NA,NA,NA,"male","M5",1,"0503_M5_C"
"2707604800143100076","20240415",2344.12280273438,5035.0727078265,4680.02711003972,"oligodendrocyte_progenitor_2",NA,NA,NA,"male","M1",2,"0415_M1_L"
"2707604700083100295","20240415",468.404510498047,5157.61094082831,6264.98787923378,"MV_in_Esrrb",4,"inhibitory",14,"male","M2",2,"0415_M2_L"
"2656143800152100050","20240328",2389.92846679688,1695.1820706884,4105.41504704091,"DH_in_Pdyn",1,"inhibitory",2,"male","M3",1,"0328_M3_C"
"2787445900762100101","20240503",2423.60375976562,6154.4950047608,5609.62965595367,"DM_ex_Zfhx3",2,"excitatory",11,"female","F3",4,"0503_F3_T"
"2787445900719100067","20240503",1532.03356933594,4423.91759859928,5334.03845133503,"endothelial",NA,NA,NA,"female","F3",2,"0503_F3_L"
"2707604000101100108","20240415",1328.5908203125,7641.72560388912,9108.548586451,"DH_ex_Reln/Nmur2",1,"excitatory",3,"male","M3",2,"0415_M3_L"
"2787445900653100023","20240503",4160.171875,6682.06120916235,4676.78739546613,"meninges_2",NA,NA,NA,"female","F3",1,"0503_F3_C"
"2796212800365100048","20240613",4595,6435.29502836056,2993.86549236765,"DH_ex_Tac2",1,"excitatory",8,"female","F4",2,"0613_F4_L"
"2656144300188100131","20240328",2040.796875,8991.56698738716,12534.9120305165,"MV_in_Esrrb",4,"inhibitory",14,"female","F2",2,"0328_F2_L"
"2787445900586100089","20240503",4479.0966796875,8745.20249417878,4226.42771257585,"MV_ex_Syt2",4,"excitatory",14,"female","F3",1,"0503_F3_C"
"2707604800445100222","20240415",2195.29956054688,1200.04397804965,8964.86740088731,"DH_ex_Nmu/Tac2",1,"excitatory",8,"male","M1",1,"0415_M1_C"
"2795584800655100123","20240610",3418.8408203125,2173.63496169333,9021.83132684992,"oligodendrocyte_progenitor_1",NA,NA,NA,"female","F5",1,"0610_F5_C"
"2656143800368100049","20240328",2460.69897460938,6166.25736691529,6335.0414712074,"endothelial",NA,NA,NA,"male","M3",2,"0328_M3_L"
"2787445900437100020","20240503",3834.4716796875,8400.42732123588,2999.30959832662,"oligodendrocyte_progenitor_2",NA,NA,NA,"female","F4",1,"0503_F4_C"
"2707604700295100104","20240415",3680.45361328125,3824.47039496541,8745.57108273159,"endothelial",NA,NA,NA,"male","M2",1,"0415_M2_C"
"2946331700000011070","20240415",4625.80029296875,10295.6373828399,1969.33605461428,"oligodendrocyte_precursor_cell",NA,NA,NA,"female","F2",4,"0415_F2_T"
"2946331700000015799","20240415",1756.0234375,10846.3226133998,2786.93064286668,"oligodendrocyte_2",NA,NA,NA,"female","F2",2,"0415_F2_L"
"2795584800476100135","20240610",2641.98803710938,2511.91457009141,7466.36244980266,"DH_ex_Nmu/Tac2",1,"excitatory",8,"female","F4",1,"0610_F4_C"
"2795903600670100044","20240613",1853.68176269531,5690.63323099789,10797.7366308335,"DH_ex_Sox5/Tac1",1,"excitatory",5,"male","M4",1,"0613_M4_C"
"2787889600388100023","20240503",1677.81286621094,10109.1907532457,8547.38692446885,"oligodendrocyte_progenitor_2",NA,NA,NA,"male","M4",1,"0503_M4_C"
"2787889600451100054","20240503",4518.21240234375,7763.1440699948,9181.14468577884,"endothelial",NA,NA,NA,"male","M4",4,"0503_M4_T"
"2795903600168100312","20240613",2019.30981445312,3570.25180075843,5714.0849177787,"endothelial",NA,NA,NA,"male","M5",2,"0613_M5_L"
"2707604700067100211","20240415",2495.66967773438,7213.85075197433,5941.79619987914,"astrocyte_1",NA,NA,NA,"male","M3",3,"0415_M3_S"
"2795903600266100045","20240613",3657.64916992188,1823.82816153283,6603.54822752651,"alpha_motoneuron",NA,NA,22,"male","M4",2,"0613_M4_L"
"2796212800790100101","20240613",6111.791015625,8777.42130934447,6720.68521475105,"endothelial",NA,NA,NA,"female","F4",1,"0613_F4_C"
"2787889600450100242","20240503",1911.5693359375,7401.85262546665,9311.24089937117,"oligodendrocyte_progenitor_2",NA,NA,NA,"male","M4",4,"0503_M4_T"
"2787445900716100043","20240503",2910.80004882812,3726.59553356306,5263.23870503872,"oligodendrocyte_progenitor_2",NA,NA,NA,"female","F3",2,"0503_F3_L"
"2707604700223100124","20240415",3612.54174804688,3858.05865736419,7845.66101378773,"MV_in_Gm26673",4,"inhibitory",19,"male","M2",4,"0415_M2_T"
"2795584800388100078","20240610",3484.349609375,8075.68493360968,6704.80990338682,"M_in_Tfap2b",3,"inhibitory",12,"female","F4",3,"0610_F4_S"
"2795584800352200043","20240610",2310.80395507812,8043.11898904992,6429.08144038444,"astrocyte_2",NA,NA,NA,"female","F4",3,"0610_F4_S"
"2787889600130100224","20240503",3060.25390625,8571.90683534672,6829.33320167899,"oligodendrocyte_1",NA,NA,NA,"male","M5",1,"0503_M5_C"
"2946331700000004780","20240415",2656.31982421875,8719.29309229658,1110.65374226036,"MV_in_Gm26673",4,"inhibitory",19,"female","F2",1,"0415_F2_C"
"2707604800055100036","20240415",2923.78051757812,3808.85478944564,3516.81979480479,"oligodendrocyte_1",NA,NA,NA,"male","M1",3,"0415_M1_S"
"2707604000055100067","20240415",1767.79162597656,7382.73884265721,8268.20581147913,"endothelial",NA,NA,NA,"male","M3",2,"0415_M3_L"
"2795103300157100127","20240610",2274.96166992188,5019.17168377509,1192.20650689938,"DH_ex_Gpr83",1,"excitatory",2,"male","M4",4,"0610_M4_T"
"2707737900119100055","20240415",2590.236328125,8888.51043704242,10493.6305027809,"oligodendrocyte_2",NA,NA,NA,"female","F1",4,"0415_F1_T"
"2707604800242100219","20240415",1342.86743164062,3211.00776851305,6190.64072668133,"oligodendrocyte_2",NA,NA,NA,"male","M1",4,"0415_M1_T"
"2787445900297100021","20240503",3076.41064453125,446.938172320915,2164.16846493064,"oligodendrocyte_progenitor_2",NA,NA,NA,"female","F5",3,"0503_F5_S"
"2787889600582100227","20240503",2775.61547851562,3894.42642541724,10446.4758533512,"endothelial",NA,NA,NA,"male","M4",3,"0503_M4_S"
"2795103300119100107","20240610",3609.91381835938,4133.78025281185,838.867708519974,"MV_in_Gabra1",4,"inhibitory",16,"male","M4",4,"0610_M4_T"
"2656144900641200190","20240328",2082.40234375,10597.5871561093,6823.25156016182,"DH_ex_Reln/Nmur2",1,"excitatory",3,"male","M1",2,"0328_M1_L"
"2796212800109100154","20240613",5049.63037109375,6435.47469809465,906.787999617285,"endothelial",NA,NA,NA,"female","F5",3,"0613_F5_S"
"2787889600444100034","20240503",2471.275390625,5621.40426408849,9127.49262925463,"MV_in_Sema5b",4,"inhibitory",15,"male","M4",2,"0503_M4_L"
"2787445900698100107","20240503",2650.91162109375,9163.14260099572,5092.20005216636,"oligodendrocyte_2",NA,NA,NA,"female","F3",1,"0503_F3_C"
"2946331700000001546","20240415",4989.98046875,8174.07500199581,745.52099406824,"oligodendrocyte_progenitor_2",NA,NA,NA,"female","F2",1,"0415_F2_C"
"2656144900325100251","20240328",2050.30444335938,9475.83919931841,3516.93130530562,"oligodendrocyte_progenitor_2",NA,NA,NA,"male","M1",4,"0328_M1_T"
"2787445900389100164","20240503",3702.59912109375,5354.46697569557,2875.14978821317,"M_in_Tfap2b",3,"inhibitory",12,"female","F4",4,"0503_F4_T"
"2796212800423100067","20240613",1529.33972167969,4802.7985484777,3717.60886717599,"DH_ex_Reln/Npff",1,"excitatory",1,"female","F3",2,"0613_F3_L"
"2656143800468100032","20240328",1831.27514648438,6199.21469625895,7410.29401239396,"DH_ex_Maf/Cck",1,"excitatory",10,"male","M3",2,"0328_M3_L"
"2946331700000001987","20240415",3053.03369140625,8845.82886563789,740.609599578194,"endothelial",NA,NA,NA,"female","F2",1,"0415_F2_C"
"2796212800849100145","20240613",4418.74267578125,7572.32537234202,7278.1818126376,"DH_ex_Sox5",1,"excitatory",5,"female","F3",1,"0613_F3_C"
"2796212800456100209","20240613",2803.11328125,4885.98297752533,3959.34017199837,"MV_in_Chrna2",4,"inhibitory",19,"female","F3",2,"0613_F3_L"
"2795903600590100141","20240613",2064.27197265625,5151.19141718844,10048.1417655594,"DH_ex_Cpne4",1,"excitatory",3,"male","M4",1,"0613_M4_C"
"2795903600301100098","20240613",1439.837890625,4266.75738099823,6928.31036743565,"DH_ex_Reln/Nmur2",1,"excitatory",3,"male","M5",4,"0613_M5_T"
"2787889600386200022","20240503",1132.93579101562,9760.20548513765,8567.60727113971,"pericyte",NA,NA,NA,"male","M4",1,"0503_M4_C"
"2707604700067100018","20240415",2035.97900390625,7400.12175172102,5740.65238191234,"MV_in_Esrrb",4,"inhibitory",14,"male","M3",3,"0415_M3_S"
"2795903600434100226","20240613",2515.58203125,5247.17772209382,8520.32041259389,"oligodendrocyte_2",NA,NA,NA,"male","M5",1,"0613_M5_C"
"2707737900048100136","20240415",3339.12817382812,10961.442609773,8781.65394179407,"pericyte",NA,NA,NA,"female","F1",2,"0415_F1_L"
"2787445900657100166","20240503",4420.39794921875,8067.25784987735,4873.06513765841,"astrocyte_1",NA,NA,NA,"female","F3",1,"0503_F3_C"
"2795584800494100090","20240610",1697.28576660156,7321.1066839663,7439.69477599396,"astrocyte_1",NA,NA,NA,"female","F4",2,"0610_F4_L"
"2707604800118100062","20240415",3097.33935546875,3758.99523640436,4512.59923468297,"Schwann_cell",NA,NA,NA,"male","M1",2,"0415_M1_L"
"2707604800103100030","20240415",1747.86096191406,5489.4158812227,4072.2399673257,"DH_ex_Prkcg/Cck",1,"excitatory",8,"male","M1",2,"0415_M1_L"
"2946331700000018286","20240415",3197.98364257812,10399.7692736413,3415.72814786679,"astrocyte_1",NA,NA,NA,"female","F2",2,"0415_F2_L"
"2787445900280100070","20240503",3303.42749023438,6025.94252508797,1991.4027591183,"oligodendrocyte_2",NA,NA,NA,"female","F5",1,"0503_F5_C"
"2787889600316100144","20240503",1570.10754394531,10173.0329956678,8124.2169109924,"endothelial",NA,NA,NA,"male","M4",1,"0503_M4_C"
"2946331700000003151","20240415",1718.1767578125,8662.12837898143,947.868333981198,"MV_in_Gabra1",4,"inhibitory",16,"female","F2",1,"0415_F2_C"
"2656144900211100030","20240328",1266.51013183594,6852.7911647605,2184.92258453264,"endothelial",NA,NA,NA,"male","M2",1,"0328_M2_C"
"2787445900726100200","20240503",3313.58862304688,6558.5135651473,5419.16353027274,"DH_ex_Tac2",1,"excitatory",8,"female","F3",4,"0503_F3_T"
"2726562800098100215","20240422",4787.76611328125,5041.66525179765,3376.07196205106,"MV_in_Sema5b",4,"inhibitory",15,"male","M2",1,"0422_M2_C"
"2656143800156100034","20240328",3021.50927734375,2803.77088919087,4058.6409971111,"oligodendrocyte_2",NA,NA,NA,"male","M3",1,"0328_M3_C"
"2787889600480100084","20240503",2795.46313476562,5593.24390519073,9467.8928798822,"oligodendrocyte_progenitor_2",NA,NA,NA,"male","M4",2,"0503_M4_L"
"2795584800101100247","20240610",3434.22192382812,8392.86430517206,4546.26369019167,"astrocyte_1",NA,NA,NA,"female","F3",3,"0610_F3_S"
"2795903600372100136","20240613",2911.73828125,2338.31196780557,7865.63832951436,"alpha_motoneuron",NA,NA,22,"male","M4",2,"0613_M4_L"
"2726543700173100052","20240422",4369.275390625,3984.66089087,4999.52624164068,"oligodendrocyte_progenitor_2",NA,NA,NA,"male","M3",4,"0422_M3_T"
"2796212800593100256","20240613",2986.48315429688,7557.13158533163,5140.28273056215,"MV_ex_Shox2",4,"excitatory",18,"female","F4",4,"0613_F4_T"
"2795584800172100184","20240610",2475.32153320312,8125.01082823228,5095.11078323162,"oligodendrocyte_progenitor_2",NA,NA,NA,"female","F3",3,"0610_F3_S"
"2795584800160100192","20240610",1669.34790039062,4753.01458254844,5042.31902372948,"DM_ex_Zfhx3",2,"excitatory",11,"female","F3",4,"0610_F3_T"
"2787445900285100078","20240503",1834.82580566406,7343.26662396616,1897.74898192065,"DH_ex_Gpr83",1,"excitatory",2,"female","F4",1,"0503_F4_C"
"2707604000126100086","20240415",1846.67321777344,6331.44977638779,9673.48111940457,"peripheral_glia",NA,NA,NA,"male","M3",2,"0415_M3_L"
"2787889600412100122","20240503",2326.318359375,6702.51926723518,8937.57233159215,"DH_in_Pdyn",1,"inhibitory",2,"male","M4",4,"0503_M4_T"
"2787889600413100206","20240503",2968.56787109375,7105.11231538455,9064.36343252148,"oligodendrocyte_2",NA,NA,NA,"male","M4",4,"0503_M4_T"
"2787445900425100025","20240503",3199.05737304688,5096.84232130868,3014.24049899203,"astrocyte_1",NA,NA,NA,"female","F4",4,"0503_F4_T"
"2656144900590100199","20240328",1997.42407226562,11068.6453809341,6302.91825134956,"oligodendrocyte_1",NA,NA,NA,"male","M1",2,"0328_M1_L"
"2795584800241100080","20240610",2798.14721679688,7084.65655592817,5518.51271844524,"oligodendrocyte_2",NA,NA,NA,"female","F3",2,"0610_F3_L"
"2796212801137100119","20240613",2425.5546875,7475.21494420059,9925.36128299306,"meninges_2",NA,NA,NA,"female","F3",1,"0613_F3_C"
"2945606900000005140","20240328",499.246002197266,1106.4572222314,5711.81308455847,"M_ex_Neurod2",3,"excitatory",13,"female","F1",1,"0328_F1_C"
"2795584800448100140","20240610",2712.08935546875,4507.2645937546,7262.88511636337,"oligodendrocyte_precursor_cell",NA,NA,NA,"female","F4",4,"0610_F4_T"
"2787889600349100026","20240503",3017.66967773438,9431.94031237066,8272.83738594511,"MV_in_Gabra1",4,"inhibitory",16,"male","M4",1,"0503_M4_C"
"2795584800386100024","20240610",1403.50146484375,7366.08611100406,6569.17026557986,"beta_motoneuron",NA,NA,22,"female","F4",2,"0610_F4_L"
"2795903600114100248","20240613",2192.52612304688,2962.87486720571,5106.13758658193,"astrocyte_1",NA,NA,NA,"male","M5",2,"0613_M5_L"
"2707604800283200132","20240415",3056.31909179688,2889.70558808814,6780.81234701024,"astrocyte_2",NA,NA,NA,"male","M1",4,"0415_M1_T"
"2707604700366100054","20240415",2154.60034179688,3647.3725866715,9380.25703117743,"endothelial",NA,NA,NA,"male","M2",1,"0415_M2_C"
"2787445900126100116","20240503",3695.42407226562,4386.31205901888,962.800282300916,"oligodendrocyte_progenitor_2",NA,NA,NA,"female","F5",4,"0503_F5_T"
"2787445900584100046","20240503",2221.806640625,8081.69724409177,4156.24779149167,"oligodendrocyte_progenitor_2",NA,NA,NA,"female","F3",1,"0503_F3_C"
"2726544600030100115","20240422",3860.71801757812,1151.6392702856,6820.44381292816,"MV_ex_Syt2",4,"excitatory",14,"female","F1",1,"0422_F1_C"
"2787445900696100046","20240503",3468.31958007812,8464.27099499828,5021.90921499158,"astrocyte_1",NA,NA,NA,"female","F3",1,"0503_F3_C"
"2656144900209100046","20240328",1462.21130371094,6267.3681528926,2204.9757741011,"DH_in_Npy2r",1,"inhibitory",9,"male","M2",1,"0328_M2_C"
"2945606900000006469","20240328",2317.15625,1141.12285525598,6051.01304989384,"MV_in_Gm26673",4,"inhibitory",19,"female","F1",1,"0328_F1_C"
"2656143800129100204","20240328",1910.84216308594,2269.7430564681,3954.49282759003,"MV_in_Gabra1",4,"inhibitory",16,"male","M3",1,"0328_M3_C"
"2796212800681100042","20240613",3995.23754882812,5280.4744570842,5860.26831675187,"Schwann_cell",NA,NA,NA,"female","F3",4,"0613_F3_T"
"2787445900805100063","20240503",1469.81909179688,7971.20231984463,5838.0778973624,"astrocyte_1",NA,NA,NA,"male","M5",1,"0503_M5_C"
"2795584800462100126","20240610",2729.69409179688,8474.86589145492,7368.75805198263,"DH_ex_Reln/Nmur2",1,"excitatory",3,"female","F4",3,"0610_F4_S"
"2795584800454100219","20240610",2670.6240234375,6190.49084855121,7369.8806427755,"DH_ex_Grpr",1,"excitatory",2,"female","F4",2,"0610_F4_L"
"2707604700388100111","20240415",1007.35211181641,3042.59425425806,9749.28652104977,"M_ex_Vsx2",3,"excitatory",20,"male","M2",1,"0415_M2_C"
"2707604700389100279","20240415",2670.26049804688,3374.05932094156,9908.90127451171,"astrocyte_1",NA,NA,NA,"male","M2",1,"0415_M2_C"
"2656143800104100265","20240328",2444.33447265625,2189.73168022012,3696.28344441723,"MV_in_Esrrb",4,"inhibitory",14,"male","M3",1,"0328_M3_C"
"2707604800425100279","20240415",1949.513671875,1382.37764059516,8825.58880289271,"DH_in_Cdh3",1,"inhibitory",10,"male","M1",1,"0415_M1_C"
"2795903600194100175","20240613",4378.30859375,3433.54232365548,5908.2570278949,"MV_in_Gm26673",4,"inhibitory",19,"male","M5",2,"0613_M5_L"
"2795903600143100140","20240613",1953.67932128906,3735.40648867833,5257.53188548525,"DH_ex_Nmu/Tac2",1,"excitatory",8,"male","M5",2,"0613_M5_L"
"2787889600315100143","20240503",2735.77954101562,9901.0920866339,8164.89097055129,"M_in_Tfap2b",3,"inhibitory",12,"male","M4",1,"0503_M4_C"
"2795584800376100182","20240610",3043.40600585938,4501.34337587873,6822.05633585266,"endothelial",NA,NA,NA,"female","F4",4,"0610_F4_T"
"2707604000068100023","20240415",2279.07397460938,6809.59327644826,8503.86124456921,"oligodendrocyte_2",NA,NA,NA,"male","M3",2,"0415_M3_L"
"2787445900861100095","20240503",2835.65161132812,2772.24301522382,6531.56226776604,"astrocyte_1",NA,NA,NA,"female","F3",3,"0503_F3_S"
"2795903600589100248","20240613",3852.13012695312,4826.49685247656,10163.155490461,"M_in_Tfap2b",3,"inhibitory",12,"male","M4",1,"0613_M4_C"
"2787889600243100110","20240503",1878.89099121094,9855.72831600392,7637.7955651925,"astrocyte_2",NA,NA,NA,"male","M4",1,"0503_M4_C"
"2796212800407100045","20240613",3160.55859375,9169.28153096326,3344.01083397062,"oligodendrocyte_1",NA,NA,NA,"female","F5",4,"0613_F5_T"
"2946331700000002701","20240415",2761.56982421875,8112.7324092765,832.547463135154,"oligodendrocyte_1",NA,NA,NA,"female","F2",1,"0415_F2_C"
"2707737900074100088","20240415",2304.150390625,10922.9617428739,9250.92590049002,"astrocyte_1",NA,NA,NA,"female","F1",2,"0415_F1_L"
"2787889600387100167","20240503",4955.80078125,9935.62242692453,8803.31205771815,"astrocyte_2",NA,NA,NA,"male","M4",1,"0503_M4_C"
"2787445900396100064","20240503",1819.0810546875,7432.21575533669,2769.83943067148,"endothelial",NA,NA,NA,"female","F4",1,"0503_F4_C"
"2787445900364100033","20240503",2840.05883789062,8678.08240179741,2459.0776761508,"oligodendrocyte_progenitor_2",NA,NA,NA,"female","F4",1,"0503_F4_C"
"2787445900363100032","20240503",1822.90759277344,8618.07856011693,2449.91876184673,"oligodendrocyte_1",NA,NA,NA,"female","F4",1,"0503_F4_C"
"2656144900377100277","20240328",2342.36865234375,9620.83645024887,4091.77976345707,"astrocyte_1",NA,NA,NA,"male","M1",4,"0328_M1_T"
"2656144900218100117","20240328",1335.02380371094,8598.56734529222,2272.6210569159,"DH_ex_Reln/Npff",1,"excitatory",1,"male","M1",1,"0328_M1_C"
"2707604700226200047","20240415",4096.3974609375,4812.92639378551,7759.45240909711,"oligodendrocyte_progenitor_2",NA,NA,NA,"male","M2",4,"0415_M2_T"
"2795103300162100262","20240610",2778.71069335938,6367.79712489148,1259.99632764875,"oligodendrocyte_2",NA,NA,NA,"male","M4",2,"0610_M4_L"
"2656144900314200143","20240328",3263.7724609375,6620.87604368918,3436.31740609795,"DH_ex_Tac2",1,"excitatory",8,"male","M2",1,"0328_M2_C"
"2707604000042100154","20240415",963.164611816406,7961.60407347241,8051.60281865604,"DH_ex_Maf/Cck",1,"excitatory",10,"male","M3",2,"0415_M3_L"
"2796212800442100059","20240613",3019.70849609375,9891.00528459437,3588.85527797416,"DH_ex_Reln/Nmur2",1,"excitatory",3,"female","F5",4,"0613_F5_T"
"2795103300074100151","20240610",5758.505859375,1504.73180998907,661.841000133427,"M_ex_Vsx2",3,"excitatory",20,"male","M4",1,"0610_M4_C"
"2796212800882100157","20240613",2603.47192382812,7626.26297071017,7583.35885632836,"oligodendrocyte_precursor_cell",NA,NA,NA,"female","F3",1,"0613_F3_C"
"2726562800140100045","20240422",4454.60546875,6389.34928820535,3793.09900605693,"astrocyte_2",NA,NA,NA,"male","M2",4,"0422_M2_T"
"2796212800626100079","20240613",3718.55688476562,7706.69388134778,5271.46622465085,"MV_in_Gm26673",4,"inhibitory",19,"female","F4",4,"0613_F4_T"
"2707604800364100129","20240415",1831.53894042969,2014.67411656323,7832.09361835732,"endothelial",NA,NA,NA,"male","M1",1,"0415_M1_C"
"2787889600024100105","20240503",3261.05297851562,9032.45734698605,5829.9441941288,"DH_in_Npy2r",1,"inhibitory",9,"male","M5",1,"0503_M5_C"
"2656144900088100027","20240328",2613.26196289062,8707.54955494613,772.399767644907,"astrocyte_1",NA,NA,NA,"male","M1",1,"0328_M1_C"
"2787889600380100031","20240503",3348.5361328125,7946.01220864593,8734.60151895761,"astrocyte_2",NA,NA,NA,"male","M4",4,"0503_M4_T"
"2795103300181200062","20240610",3428.58740234375,2015.52929974582,1404.27218171215,"endothelial",NA,NA,NA,"male","M4",1,"0610_M4_C"
"2707604700340100165","20240415",2481.10473632812,3089.43349917945,9312.3382565763,"microglia",NA,NA,NA,"male","M2",1,"0415_M2_C"
"2795903600401100225","20240613",1806.01440429688,3207.07667752626,8189.33672400565,"M_in_Tfap2b",3,"inhibitory",12,"male","M4",4,"0613_M4_T"
"2796212800343100066","20240613",3349.20629882812,9275.18886570074,2930.12581845163,"oligodendrocyte_precursor_cell",NA,NA,NA,"female","F5",4,"0613_F5_T"
"2726543700434100191","20240422",2541.00146484375,5467.3922115998,7384.43949334859,"oligodendrocyte_1",NA,NA,NA,"male","M3",2,"0422_M3_L"
"2796212800554100257","20240613",1307.16271972656,5614.85365297552,4896.31726841931,"oligodendrocyte_2",NA,NA,NA,"female","F3",2,"0613_F3_L"
"2707604800361100084","20240415",1934.78466796875,1295.24923196374,7813.42738375952,"endothelial",NA,NA,NA,"male","M1",1,"0415_M1_C"
"2787889600314100198","20240503",3825.77563476562,9576.78654418024,8217.703708391,"endothelial",NA,NA,NA,"male","M4",1,"0503_M4_C"
"2707737900100100056","20240415",2647.31176757812,10888.6939026742,9785.74703624414,"M_ex_Vsx2/Shox2",3,"excitatory",20,"female","F1",2,"0415_F1_L"
"2787445900228100112","20240503",2768.64965820312,1776.54626255701,1814.9804470253,"DM_ex_Zfhx3",2,"excitatory",11,"female","F5",2,"0503_F5_L"
"2795903600453100084","20240613",1417.17980957031,3259.27298811129,8591.64720966389,"MV_in_Esrrb",4,"inhibitory",14,"male","M4",4,"0613_M4_T"
"2787445900619100144","20240503",461.479675292969,7558.08417021716,4547.88429136094,"MV_in_Gm26673",4,"inhibitory",19,"female","F3",1,"0503_F3_C"
"2795584800204100181","20240610",1782.35546875,6841.40391667688,5297.59261162818,"M_in_Tfap2b",3,"inhibitory",12,"female","F3",2,"0610_F3_L"
"2707604700107100047","20240415",2801.84399414062,5021.62971633216,6310.23294182273,"oligodendrocyte_progenitor_2",NA,NA,NA,"male","M2",2,"0415_M2_L"
"2796212800919100045","20240613",925.329650878906,9024.81855967827,7792.03172238322,"M_ex_Vsx2/Shox2",3,"excitatory",20,"female","F4",1,"0613_F4_C"
"2795103300382100123","20240610",2896.7958984375,9236.45335671399,2810.51972202348,"endothelial",NA,NA,NA,"male","M5",3,"0610_M5_S"
"2795584800674100123","20240610",3173.13330078125,7481.75231886382,8897.23268720526,"oligodendrocyte_1",NA,NA,NA,"female","F5",2,"0610_F5_L"
"2707604000155100023","20240415",936.355529785156,5925.20019208077,10180.0290164007,"DH_in_Rorb",1,"inhibitory",7,"male","M3",4,"0415_M3_T"
"2946331700000008512","20240415",1600.09741210938,9851.57938667166,1927.76428496483,"DM_ex_Zfhx3",2,"excitatory",11,"female","F2",4,"0415_F2_T"
"2787445900322100067","20240503",1850.75109863281,7322.30271712504,2199.22809874208,"oligodendrocyte_2",NA,NA,NA,"female","F4",1,"0503_F4_C"
"2707604000069100023","20240415",3680.39965820312,7171.26609891365,8503.16850402793,"MV_ex_Syt2",4,"excitatory",14,"male","M3",2,"0415_M3_L"
"2787445900225100051","20240503",1259.24865722656,1052.31489320259,1602.76824311266,"DH_in_Npy2r",1,"inhibitory",9,"female","F5",3,"0503_F5_S"
"2787445900621100323","20240503",3087.52319335938,8229.98212576867,4655.95329397928,"astrocyte_1",NA,NA,NA,"female","F3",1,"0503_F3_C"
"2656144900557200093","20240328",3145.80639648438,9119.16232398381,5915.8399107838,"astrocyte_1",NA,NA,NA,"male","M2",2,"0328_M2_L"
"2656144300102200009","20240328",6377.033203125,10679.1520903125,11418.1848228598,"meninges_1",NA,NA,NA,"female","F2",4,"0328_F2_T"
"2656143800153100075","20240328",2098.87255859375,2013.00496318529,4096.07939489611,"astrocyte_1",NA,NA,NA,"male","M3",1,"0328_M3_C"
"2787445900426100101","20240503",2676.6552734375,5427.78215315973,3091.28006073766,"MV_in_Esrrb",4,"inhibitory",14,"female","F4",4,"0503_F4_T"
"2656144900085100209","20240328",2683.64282226562,7786.1573031174,945.161814330262,"DH_ex_Reln",1,"excitatory",6,"male","M1",1,"0328_M1_C"
"2787445900499100028","20240503",2288.6201171875,5149.26194045017,3556.68301026747,"MV_in_Esrrb",4,"inhibitory",14,"female","F4",4,"0503_F4_T"
"2707604000107100089","20240415",630.615417480469,5200.3066238117,9552.32896918339,"alpha_motoneuron",NA,NA,22,"male","M3",4,"0415_M3_T"
"2787445900660100214","20240503",5306.5751953125,8699.09310582234,4914.84836472606,"oligodendrocyte_progenitor_2",NA,NA,NA,"female","F3",1,"0503_F3_C"
"2726562700215100269","20240422",2029.7216796875,10176.2695857938,10835.2881413624,"oligodendrocyte_precursor_cell",NA,NA,NA,"female","F2",2,"0422_F2_L"
"2656143800154100245","20240328",2310.28466796875,2190.33549620341,4296.45812350808,"astrocyte_1",NA,NA,NA,"male","M3",1,"0328_M3_C"
"2707604700198100018","20240415",3392.89111328125,3723.34904700582,7458.26941945776,"oligodendrocyte_2",NA,NA,NA,"male","M2",4,"0415_M2_T"
"2796212800487100095","20240613",707.268005371094,4684.10330015142,4190.27085388568,"MV_ex_Shox2",4,"excitatory",18,"female","F3",2,"0613_F3_L"
"2656144900369100158","20240328",3496.31201171875,7355.52703105714,3994.00407153231,"DH_ex_Prkcg/Cck",1,"excitatory",8,"male","M2",4,"0328_M2_T"
"2787889600360100224","20240503",734.872863769531,2394.14519739102,8790.88766939576,"oligodendrocyte_progenitor_2",NA,NA,NA,"male","M5",3,"0503_M5_S"
"2787445900799100044","20240503",2879.73779296875,6192.97583640413,5847.7981582426,"astrocyte_1",NA,NA,NA,"female","F3",4,"0503_F3_T"
"2787445900656200007","20240503",1956.17614746094,7662.80148952128,4668.59893654291,"astrocyte_1",NA,NA,NA,"female","F3",1,"0503_F3_C"
"2787445900170100032","20240503",2408.36010742188,6336.59269899619,1053.83267006342,"DH_in_Cdh3",1,"inhibitory",10,"female","F5",1,"0503_F5_C"
"2945606900000001604","20240328",503.814514160156,760.965136365601,5063.52151219657,"astrocyte_1",NA,NA,NA,"female","F1",1,"0328_F1_C"
"2796212800716100201","20240613",1337.28601074219,6011.17000294011,6239.28171892988,"DH_ex_Rreb1",1,"excitatory",10,"female","F3",4,"0613_F3_T"
"2707604700060100110","20240415",2116.58740234375,5205.27917958662,5813.56446506525,"astrocyte_1",NA,NA,NA,"male","M2",2,"0415_M2_L"
"2787445900362200146","20240503",1703.34692382812,8358.66268194455,2688.491298348,"oligodendrocyte_progenitor_2",NA,NA,NA,"female","F4",1,"0503_F4_C"
"2787445900013100083","20240503",1444.3876953125,3800.71242067614,177.114676356578,"astrocyte_1",NA,NA,NA,"female","F5",4,"0503_F5_T"
"2787445900204100037","20240503",4022.61157226562,5417.42458172771,1357.40928506857,"astrocyte_2",NA,NA,NA,"female","F5",1,"0503_F5_C"
"2796212800456100018","20240613",977.568420410156,4982.00395856611,3809.72566426091,"DH_ex_Sox5/Tac1",1,"excitatory",5,"female","F3",2,"0613_F3_L"
"2796212800463100101","20240613",4743.80224609375,6849.89676052332,3984.92224578152,"oligodendrocyte_progenitor_2",NA,NA,NA,"female","F4",2,"0613_F4_L"
"2795103300233100150","20240610",1720.60083007812,6894.61210329086,1688.23993282183,"astrocyte_1",NA,NA,NA,"male","M4",2,"0610_M4_L"
"2707604700037100112","20240415",1864.64025878906,5606.96813333206,5570.03483700112,"astrocyte_1",NA,NA,NA,"male","M2",2,"0415_M2_L"
"2795584800412100034","20240610",1562.67138671875,4742.77101732959,6862.29202324129,"oligodendrocyte_progenitor_2",NA,NA,NA,"female","F4",4,"0610_F4_T"
"2795584800140100021","20240610",1151.58935546875,8997.83735762752,4619.45999884044,"oligodendrocyte_progenitor_2",NA,NA,NA,"female","F3",3,"0610_F3_S"
"2707604000125100019","20240415",1833.0107421875,5938.1759096404,9616.68851961703,"endothelial",NA,NA,NA,"male","M3",4,"0415_M3_T"
"2796212800888100200","20240613",2888.951171875,9429.05685652792,7643.98288147902,"MV_in_Gabra1",4,"inhibitory",16,"female","F4",1,"0613_F4_C"
"2795103300382100256","20240610",1504.16088867188,9150.98387741146,2926.57254923909,"DH_ex_Prkcg/Cck",1,"excitatory",8,"male","M5",3,"0610_M5_S"
"2796212800789100056","20240613",2230.04907226562,8677.75935835205,6661.63563997828,"alpha_motoneuron",NA,NA,22,"female","F4",1,"0613_F4_C"
"2707737900120100135","20240415",2012.07604980469,9080.78351884158,10495.6015006427,"oligodendrocyte_progenitor_2",NA,NA,NA,"female","F1",4,"0415_F1_T"
"2787445900252100213","20240503",1007.36938476562,8449.67273665988,1768.32126162227,"DH_in_Rorb",1,"inhibitory",7,"female","F4",1,"0503_F4_C"
"2707604800121100064","20240415",4162.03955078125,4692.68312595948,4483.03245214839,"oligodendrocyte_progenitor_2",NA,NA,NA,"male","M1",2,"0415_M1_L"
"2707604800039100009","20240415",1337.22888183594,5281.58468562085,3311.79826322757,"oligodendrocyte_2",NA,NA,NA,"male","M1",2,"0415_M1_L"
"2707604700271100251","20240415",1684.662109375,3820.03008057778,8447.42525172082,"oligodendrocyte_progenitor_2",NA,NA,NA,"male","M2",4,"0415_M2_T"
"2726544600055100014","20240422",3960.44018554688,930.339193958665,6951.15823333152,"M_ex_Vsx2",3,"excitatory",20,"female","F1",1,"0422_F1_C"
"2787889600386100190","20240503",2217.25390625,9657.63096637605,8777.54326565955,"microglia",NA,NA,NA,"male","M4",1,"0503_M4_C"
"2656144900088100089","20240328",646.307189941406,8712.1739645254,868.492306925327,"gamma_motoneuron",NA,NA,22,"male","M1",1,"0328_M1_C"
"2787445900172100091","20240503",1878.32495117188,6721.62083904294,1191.81180346382,"MV_in_Gm26673",4,"inhibitory",19,"female","F5",1,"0503_F5_C"
"2787889600522100076","20240503",4899.36767578125,7262.0889042085,9761.28328720426,"oligodendrocyte_progenitor_1",NA,NA,NA,"male","M4",4,"0503_M4_T"
"2707604000085100151","20240415",2860.353515625,7387.77244705812,8912.92005574361,"oligodendrocyte_2",NA,NA,NA,"male","M3",2,"0415_M3_L"
"2707604800403100232","20240415",1919.65637207031,1137.22721334273,8493.24569192447,"oligodendrocyte_1",NA,NA,NA,"male","M1",1,"0415_M1_C"
"2795903600057100037","20240613",826.043273925781,1467.39677975971,4327.7355248135,"alpha_motoneuron",NA,NA,22,"male","M5",3,"0613_M5_S"
"2787445900336100117","20240503",3689.4013671875,1006.05148977246,2585.63124398407,"oligodendrocyte_progenitor_2",NA,NA,NA,"female","F5",3,"0503_F5_S"
"2787445900624100123","20240503",4590.28662109375,9013.49998523598,4588.76931557733,"oligodendrocyte_progenitor_2",NA,NA,NA,"female","F3",1,"0503_F3_C"
"2795903600694100230","20240613",2574.21875,5020.00418023314,11331.3962051535,"astrocyte_1",NA,NA,NA,"male","M4",1,"0613_M4_C"
"2795103300402100043","20240610",4206.06494140625,5146.83129710704,3015.57187060494,"DH_in_Npy",1,"inhibitory",4,"male","M5",4,"0610_M5_T"
"2796212800888100079","20240613",3604.10961914062,9410.87512994558,7512.06000114989,"astrocyte_1",NA,NA,NA,"female","F4",1,"0613_F4_C"
"2707604000069100107","20240415",4600.11669921875,7142.29551574992,8632.84096967672,"oligodendrocyte_progenitor_2",NA,NA,NA,"male","M3",2,"0415_M3_L"
"2795584800185100279","20240610",1071.08776855469,1413.50860416549,5365.62584986805,"DH_ex_Prkcg/Cck",1,"excitatory",8,"female","F3",1,"0610_F3_C"
"2795584800422100171","20240610",1839.37976074219,7305.18370629632,7068.92294720831,"astrocyte_1",NA,NA,NA,"female","F4",2,"0610_F4_L"
"2787445900095100015","20240503",2558.21704101562,6020.68338368135,469.230445295194,"astrocyte_2",NA,NA,NA,"female","F5",1,"0503_F5_C"
"2656144900557100103","20240328",2018.2626953125,9102.31722562149,5876.94683832965,"astrocyte_1",NA,NA,NA,"male","M2",2,"0328_M2_L"
"2795584800493100096","20240610",1914.84814453125,7072.81351717038,7450.1044545115,"DH_ex_Tac2",1,"excitatory",8,"female","F4",2,"0610_F4_L"
"2787445900822100028","20240503",1636.408203125,2213.60948435988,6095.07289573376,"astrocyte_2",NA,NA,NA,"female","F3",3,"0503_F3_S"
"2787889600316100224","20240503",2165.923828125,10099.6864585145,8210.29414924636,"DM_ex_Zfhx3",2,"excitatory",11,"male","M4",1,"0503_M4_C"
"2795903600613200010","20240613",2727.72973632812,4341.96770853433,10216.2382638749,"oligodendrocyte_precursor_cell",NA,NA,NA,"male","M4",1,"0613_M4_C"
"2795903600454100132","20240613",2370.98266601562,3497.1797539595,8694.38139350186,"DH_in_Cdh3",1,"inhibitory",10,"male","M4",4,"0613_M4_T"
"2796212800978100213","20240613",2740.2607421875,7745.38772538304,8488.15759378558,"M_ex_Vsx2",3,"excitatory",20,"female","F3",1,"0613_F3_C"
"2787445900285100072","20240503",1751.30676269531,7254.12907235557,1899.93153993855,"DH_in_Kcnip2",1,"inhibitory",9,"female","F4",1,"0503_F4_C"
"2795584800391100138","20240610",1050.74768066406,8807.26694465493,6759.0260399765,"gamma_motoneuron",NA,NA,22,"female","F4",3,"0610_F4_S"
"2787889600023100065","20240503",3329.29833984375,8885.74358804361,5776.36629135584,"DH_ex_Sox5/Tac1",1,"excitatory",5,"male","M5",1,"0503_M5_C"
"2787889600311100164","20240503",3826.98510742188,8831.23957227543,8225.69268459198,"astrocyte_2",NA,NA,NA,"male","M4",1,"0503_M4_C"
"2946331700000020273","20240415",5858.00390625,11362.2847906197,3693.6290057289,"oligodendrocyte_progenitor_2",NA,NA,NA,"female","F2",2,"0415_F2_L"
"2795903600355100101","20240613",1147.94714355469,4884.16922662614,7504.33801097245,"DH_ex_Reln/Nmur2",1,"excitatory",3,"male","M5",4,"0613_M5_T"
"2795903600353100108","20240613",1474.7587890625,4277.76134787628,7454.78949565603,"ependymal",NA,NA,NA,"male","M5",4,"0613_M5_T"
"2726543700227100336","20240422",1836.28283691406,1369.65159029497,5776.07931852568,"oligodendrocyte_precursor_cell",NA,NA,NA,"male","M3",1,"0422_M3_C"
"2946331700000020243","20240415",835.251403808594,11101.0763570853,3624.23284298016,"MV_in_Gm26673",4,"inhibitory",19,"female","F2",2,"0415_F2_L"
"2787445900134100265","20240503",1029.30944824219,6525.75492072932,984.015461510775,"oligodendrocyte_1",NA,NA,NA,"female","F5",1,"0503_F5_C"
"2656144300172100160","20240328",588.514953613281,11156.2092677673,12316.4704650798,"gamma_motoneuron",NA,NA,22,"female","F2",4,"0328_F2_T"
"2656143800029100074","20240328",1869.42407226562,2317.7922891841,2747.00735431007,"oligodendrocyte_2",NA,NA,NA,"male","M3",1,"0328_M3_C"
"2945606900000003462","20240328",1726.48645019531,1516.3322857327,5215.96717607218,"oligodendrocyte_1",NA,NA,NA,"female","F1",1,"0328_F1_C"
"2707737900144100133","20240415",3990.7138671875,8738.34851973335,10891.3283326924,"oligodendrocyte_progenitor_2",NA,NA,NA,"female","F1",4,"0415_F1_T"
"2707604700014100024","20240415",4964.9853515625,5914.93964187821,5164.54521763558,"oligodendrocyte_2",NA,NA,NA,"male","M2",2,"0415_M2_L"
"2796212800849100289","20240613",688.362731933594,7574.51330318674,7411.08343079878,"DH_ex_Maf/Cck",1,"excitatory",10,"female","F3",1,"0613_F3_C"
"2787445900398100113","20240503",2319.70751953125,8032.52756621526,2920.09956092591,"oligodendrocyte_progenitor_2",NA,NA,NA,"female","F4",1,"0503_F4_C"
"2796212800365100159","20240613",2479.8046875,6231.8357988717,3125.35139135062,"astrocyte_1",NA,NA,NA,"female","F4",2,"0613_F4_L"
"2796212800552100092","20240613",1992.24377441406,5006.39625123795,4720.18586678989,"oligodendrocyte_1",NA,NA,NA,"female","F3",2,"0613_F3_L"
"2656143800214100131","20240328",1634.68176269531,4900.08157437464,4849.43330400786,"oligodendrocyte_2",NA,NA,NA,"male","M3",4,"0328_M3_T"
"2796212800408100181","20240613",1355.79187011719,9407.37157013081,3495.69700345257,"astrocyte_1",NA,NA,NA,"female","F5",4,"0613_F5_T"
"2787889600478100231","20240503",2546.08227539062,5208.06259260722,9648.82457969693,"astrocyte_1",NA,NA,NA,"male","M4",2,"0503_M4_L"
"2787445900252100057","20240503",1369.57360839844,8562.44286609348,1641.54392842978,"DH_in_Pdyn",1,"inhibitory",2,"female","F4",1,"0503_F4_C"
"2795584800238200179","20240610",2866.00732421875,6372.15184718336,5622.7030387327,"oligodendrocyte_progenitor_1",NA,NA,NA,"female","F3",2,"0610_F3_L"
"2795903600322100135","20240613",1362.9736328125,2967.70315172245,7230.3508869067,"DH_ex_Sox5",1,"excitatory",5,"male","M4",2,"0613_M4_L"
"2946331700000013053","20240415",3659.45190429688,11121.2088501576,2474.6515329149,"astrocyte_2",NA,NA,NA,"female","F2",2,"0415_F2_L"
"2946331700000020448","20240415",4035.853515625,11382.8350377514,3723.08409047141,"astrocyte_1",NA,NA,NA,"female","F2",2,"0415_F2_L"
"2946331700000004350","20240415",2857.86181640625,7803.25474728263,1100.34947361145,"endothelial",NA,NA,NA,"female","F2",1,"0415_F2_C"
"2707737900046100034","20240415",3112.212890625,10381.2434533843,8677.53906694823,"microglia",NA,NA,NA,"female","F1",2,"0415_F1_L"
"2945606900000008676","20240328",3346.34814453125,2023.35094833627,6224.59956323201,"oligodendrocyte_2",NA,NA,NA,"female","F1",1,"0328_F1_C"
"2707604800384100097","20240415",1825.17272949219,1925.35395642143,8069.23025406385,"DH_in_Npy",1,"inhibitory",4,"male","M1",1,"0415_M1_C"
"2795903600089100136","20240613",3411.30151367188,3068.72270418559,4829.67685954968,"MV_in_Sema5b",4,"inhibitory",15,"male","M5",2,"0613_M5_L"
"2796212800463100111","20240613",5853.13916015625,6801.64693184383,4009.59835967398,"oligodendrocyte_progenitor_1",NA,NA,NA,"female","F4",2,"0613_F4_L"
"2787889600409100142","20240503",2873.5234375,6011.51915784448,8919.70709352108,"DH_ex_Maf/Cpne4",1,"excitatory",10,"male","M4",2,"0503_M4_L"
"2796212800339100029","20240613",4821.89453125,7933.19734893553,2753.78423914674,"oligodendrocyte_2",NA,NA,NA,"female","F5",2,"0613_F5_L"
"2796212800945100234","20240613",3173.736328125,7435.9597651381,8232.41575100686,"DM_ex_Zfhx3",2,"excitatory",11,"female","F3",1,"0613_F3_C"
"2726543700239100036","20240422",2046.91760253906,4586.34735202792,5523.11685992993,"DH_ex_Sox5",1,"excitatory",5,"male","M3",4,"0422_M3_T"
"2707604000109100213","20240415",3550.43579101562,5625.47087590127,9603.18739751296,"DM_ex_Zfhx3",2,"excitatory",11,"male","M3",4,"0415_M3_T"
"2656143800242100126","20240328",2196.70483398438,5834.82614650566,5064.99660981807,"DM_ex_Zfhx3",2,"excitatory",11,"male","M3",4,"0328_M3_T"
"2787889600279100217","20240503",4681.04638671875,9952.18254647823,7938.51047294453,"DH_ex_Maf/Cck",1,"excitatory",10,"male","M4",1,"0503_M4_C"
"2946331700000004910","20240415",2869.69970703125,8580.85607162007,1329.50028860493,"oligodendrocyte_2",NA,NA,NA,"female","F2",1,"0415_F2_C"
"2787889600412100064","20240503",1853.54333496094,6782.00470884808,8885.35827624417,"DH_ex_Nmu/Tac2",1,"excitatory",8,"male","M4",4,"0503_M4_T"
"2787445900657100216","20240503",1531.52185058594,7993.90757452534,4938.64288674848,"alpha_motoneuron",NA,NA,22,"female","F3",1,"0503_F3_C"
"2707737900102100081","20240415",977.9638671875,11352.0520728274,9872.64754807996,"Schwann_cell",NA,NA,NA,"female","F1",2,"0415_F1_L"
"2946331700000015080","20240415",2758.681640625,12340.688175484,2685.83968477807,"MV_in_Esrrb",4,"inhibitory",14,"female","F2",3,"0415_F2_S"
"2787445900324100313","20240503",2625.619140625,7832.2664071382,2418.56213058913,"oligodendrocyte_progenitor_2",NA,NA,NA,"female","F4",1,"0503_F4_C"
"2787445900760100109","20240503",2584.4296875,5614.32557985687,5648.77409498373,"astrocyte_1",NA,NA,NA,"female","F3",4,"0503_F3_T"
"2707604700319100153","20240415",4953.58154296875,3843.49690659548,9028.86191482289,"oligodendrocyte_progenitor_2",NA,NA,NA,"male","M2",1,"0415_M2_C"
"2707604700247100067","20240415",1880.26623535156,3987.78138583277,8042.0298179572,"endothelial",NA,NA,NA,"male","M2",4,"0415_M2_T"
"2945606900000016660","20240328",1731.93762207031,2751.92321813389,7316.57245194912,"DH_ex_Gpr83",1,"excitatory",2,"female","F1",4,"0328_F1_T"
"2946331700000001574","20240415",2509.38720703125,8259.40228504274,733.771984544757,"oligodendrocyte_2",NA,NA,NA,"female","F2",1,"0415_F2_C"
"2795584800362100019","20240610",3852.16918945312,731.952125508556,6583.6771886818,"oligodendrocyte_precursor_cell",NA,NA,NA,"female","F4",1,"0610_F4_C"
"2787889600407100199","20240503",3171.3427734375,5299.03096212877,9078.51498530011,"endothelial",NA,NA,NA,"male","M4",2,"0503_M4_L"
"2946331700000014341","20240415",843.338989257812,10921.5874615352,2725.08193806122,"alpha_motoneuron",NA,NA,22,"female","F2",2,"0415_F2_L"
"2795103300367100069","20240610",3185.38012695312,5074.0065174817,2763.42583658229,"astrocyte_1",NA,NA,NA,"male","M5",4,"0610_M5_T"
"2795903600640100191","20240613",1976.90148925781,4617.46678712039,10684.1812924301,"oligodendrocyte_2",NA,NA,NA,"male","M4",1,"0613_M4_C"
"2787445900512100028","20240503",2234.23779296875,8719.31195223704,3756.61228414802,"oligodendrocyte_progenitor_2",NA,NA,NA,"female","F3",1,"0503_F3_C"
"2787445900687100090","20240503",2530.126953125,6106.9478345071,5098.4623408105,"oligodendrocyte_precursor_cell",NA,NA,NA,"female","F3",4,"0503_F3_T"
"2656144900533100092","20240328",2347.22778320312,9585.2228303882,5677.85895357888,"oligodendrocyte_2",NA,NA,NA,"male","M2",2,"0328_M2_L"
"2795103300125100103","20240610",4046.67993164062,6032.53384851594,798.381910031138,"endothelial",NA,NA,NA,"male","M4",2,"0610_M4_L"
"2707604700339100171","20240415",1920.95690917969,2671.04820012955,9326.63149397599,"alpha_motoneuron",NA,NA,22,"male","M2",1,"0415_M2_C"
"2946331700000010663","20240415",3560.35888671875,9742.13832627633,2010.53079096822,"oligodendrocyte_progenitor_2",NA,NA,NA,"female","F2",4,"0415_F2_T"
"2707604700389100157","20240415",1358.80419921875,3412.81691939996,9784.2647807211,"DH_ex_Prkcg/Rxfp1",1,"excitatory",6,"male","M2",1,"0415_M2_C"
"2796212800697100145","20240613",3419.59692382812,9735.23162513785,6029.20787750388,"alpha_motoneuron",NA,NA,22,"female","F5",1,"0613_F5_C"
"2796212800585100134","20240613",3932.52514648438,5161.51847501658,5041.3135138608,"MV_in_Sema5b",4,"inhibitory",15,"female","F3",2,"0613_F3_L"
"2787445900255100031","20240503",2507.90600585938,9225.30588640796,1829.58947354546,"peripheral_glia",NA,NA,NA,"female","F4",1,"0503_F4_C"
"2707604700316100111","20240415",1314.80651855469,3188.2935483187,9056.40351810097,"oligodendrocyte_progenitor_2",NA,NA,NA,"male","M2",1,"0415_M2_C"
"2795103300267100083","20240610",2433.22607421875,6604.59396673617,1894.00176679686,"meninges_1",NA,NA,NA,"male","M4",2,"0610_M4_L"
"2656144900190100255","20240328",1673.28405761719,8126.13029674413,2081.29659922878,"DH_in_Pdyn",1,"inhibitory",2,"male","M1",1,"0328_M1_C"
"2656144300195100043","20240328",2746.083984375,10908.7559401577,12479.0109863343,"astrocyte_1",NA,NA,NA,"female","F2",4,"0328_F2_T"
"2707604700343200218","20240415",1084.85815429688,3828.47305784766,9319.14480148171,"astrocyte_1",NA,NA,NA,"male","M2",1,"0415_M2_C"
"2795103300197100230","20240610",1558.94091796875,6528.71244321635,1506.66286514862,"astrocyte_1",NA,NA,NA,"male","M4",2,"0610_M4_L"
"2787445900432100113","20240503",4738.5263671875,6991.80130099598,3172.59822880136,"oligodendrocyte_2",NA,NA,NA,"female","F4",1,"0503_F4_C"
"2946331700000019946","20240415",4196.49853515625,10638.5751798801,3631.36115702367,"astrocyte_1",NA,NA,NA,"female","F2",2,"0415_F2_L"
"2656144900542100210","20240328",2154.23095703125,12180.8254735324,5673.45918003091,"DH_ex_Prkcg/Cck",1,"excitatory",8,"male","M1",3,"0328_M1_S"
"2707604000086100071","20240415",2284.87670898438,7675.04614695336,8832.41687624046,"DH_ex_Maf/Cck",1,"excitatory",10,"male","M3",2,"0415_M3_L"
"2656144900370100020","20240328",1418.54272460938,7541.84954891062,3842.84867125301,"oligodendrocyte_1",NA,NA,NA,"male","M2",4,"0328_M2_T"
"2787445900390100163","20240503",3374.0927734375,5594.7957603985,2959.13719186874,"oligodendrocyte_2",NA,NA,NA,"female","F4",4,"0503_F4_T"
"2787445900097100218","20240503",1529.01879882812,6547.66523903771,678.175578304159,"oligodendrocyte_progenitor_2",NA,NA,NA,"female","F5",1,"0503_F5_C"
"2787889600279100077","20240503",1813.76965332031,9978.88345656125,7773.31154560423,"DH_in_Pdyn",1,"inhibitory",2,"male","M4",1,"0503_M4_C"
"2787445900426100072","20240503",4163.19482421875,5384.588352505,3059.76587546902,"DH_in_Klhl14",1,"inhibitory",10,"female","F4",4,"0503_F4_T"
"2656144900211100121","20240328",3765.1865234375,6888.10600679208,2330.00253179809,"oligodendrocyte_1",NA,NA,NA,"male","M2",1,"0328_M2_C"
"2707604000123100275","20240415",1795.50085449219,5515.43877670506,9861.97317730773,"DM_ex_Zfhx3",2,"excitatory",11,"male","M3",4,"0415_M3_T"
"2795584800670100065","20240610",2841.49584960938,6334.8360239935,8881.46609014796,"oligodendrocyte_1",NA,NA,NA,"female","F5",2,"0610_F5_L"
"2945606900000003289","20240328",2232.30712890625,1031.85392844035,5346.40865271894,"astrocyte_1",NA,NA,NA,"female","F1",1,"0328_F1_C"
"2707604000087100137","20240415",1869.0166015625,7859.77317179064,8887.66178748661,"DH_ex_Reln/Nmur2",1,"excitatory",3,"male","M3",2,"0415_M3_L"
"2946331700000017226","20240415",3830.1298828125,10527.8303744562,3131.27267634397,"oligodendrocyte_progenitor_2",NA,NA,NA,"female","F2",2,"0415_F2_L"
"2787445900261100101","20240503",1077.22338867188,648.693493126048,1974.41302383016,"MV_in_Chrna2",4,"inhibitory",19,"female","F5",3,"0503_F5_S"
"2795584800391100182","20240610",1942.20910644531,8804.52507616044,6835.44575159173,"oligodendrocyte_1",NA,NA,NA,"female","F4",3,"0610_F4_S"
"2656144900643100022","20240328",5093.34326171875,11261.7299536809,6673.27559619195,"oligodendrocyte_2",NA,NA,NA,"male","M1",2,"0328_M1_L"
"2787445900621100073","20240503",2620.82348632812,8287.51433724118,4431.7607023993,"astrocyte_1",NA,NA,NA,"female","F3",1,"0503_F3_C"
"2787889600406100141","20240503",2626.13500976562,5146.00898020656,8914.7902272647,"DH_ex_Maf/Cck",1,"excitatory",10,"male","M4",2,"0503_M4_L"
"2656144300146100117","20240328",1889.8408203125,10207.4834271656,11978.2881233311,"DM_ex_Zfhx3",2,"excitatory",11,"female","F2",4,"0328_F2_T"
"2796212800887100097","20240613",2593.5810546875,9262.02300778963,7553.36430615239,"MV_in_Gabra1",4,"inhibitory",16,"female","F4",1,"0613_F4_C"
"2707604700250100273","20240415",1670.8603515625,4630.6582556729,8195.7050736564,"DH_ex_Maf/Cck",1,"excitatory",10,"male","M2",4,"0415_M2_T"
"2787445900170100224","20240503",1597.36486816406,6143.34188120405,1255.67434032945,"endothelial",NA,NA,NA,"female","F5",1,"0503_F5_C"
"2707604700107100212","20240415",3617.98266601562,5032.96870635626,6513.27126392815,"oligodendrocyte_progenitor_2",NA,NA,NA,"male","M2",2,"0415_M2_L"
"2787445900201100067","20240503",4253.1435546875,4478.7712870512,1438.68057356458,"astrocyte_2",NA,NA,NA,"female","F5",4,"0503_F5_T"
"2656144300212100035","20240328",1540.38891601562,9252.49536342599,12597.5630350293,"oligodendrocyte_2",NA,NA,NA,"female","F2",2,"0328_F2_L"
"2707604000111100101","20240415",2619.41918945312,6166.52778778441,9607.79124934741,"Schwann_cell",NA,NA,NA,"male","M3",2,"0415_M3_L"
"2707604000055100308","20240415",1369.20874023438,7364.86769901973,8471.79659841744,"cholinergic_interneuron",NA,NA,21,"male","M3",2,"0415_M3_L"
"2787445900788100045","20240503",2998.68505859375,3118.77862433129,5853.94808091261,"microglia",NA,NA,NA,"female","F3",2,"0503_F3_L"
"2707604000139100261","20240415",1218.12878417969,5796.77249970278,10135.8653868958,"DH_ex_Prkcg/Rxfp1",1,"excitatory",6,"male","M3",4,"0415_M3_T"
"2795903600210100077","20240613",1331.67895507812,634.139466487148,6046.92621214828,"alpha_motoneuron",NA,NA,22,"male","M4",3,"0613_M4_S"
"2795584800708200047","20240610",2445.61596679688,6735.07163941447,9144.52103262274,"oligodendrocyte_progenitor_2",NA,NA,NA,"female","F5",2,"0610_F5_L"
"2795584800090100054","20240610",2735.36059570312,5120.01220317057,4413.24862729653,"endothelial",NA,NA,NA,"female","F3",4,"0610_F3_T"
"2796212800593100201","20240613",2948.32373046875,7425.5936719887,5086.53182909742,"M_ex_Vsx2",3,"excitatory",20,"female","F4",4,"0613_F4_T"
"2787889600408200105","20240503",3854.91528320312,5639.30415706313,8999.37639352046,"oligodendrocyte_progenitor_2",NA,NA,NA,"male","M4",2,"0503_M4_L"
"2796212800450100113","20240613",2746.52124023438,3394.01766523835,3986.8483516433,"oligodendrocyte_1",NA,NA,NA,"female","F3",3,"0613_F3_S"
"2656144300102100202","20240328",2011.57202148438,10660.8306399778,11569.2829586306,"DH_ex_Prkcg/Nts",1,"excitatory",8,"female","F2",4,"0328_F2_T"
"2656144900217100114","20240328",2881.70043945312,8572.34768392937,2221.23355329537,"astrocyte_1",NA,NA,NA,"male","M1",1,"0328_M1_C"
"2787889600277100130","20240503",1806.4609375,9225.12468417827,7871.2926419267,"DH_ex_Sox5/Tac1",1,"excitatory",5,"male","M4",1,"0503_M4_C"
"2946331700000012429","20240415",3187.02490234375,10130.1742494904,2278.14473759895,"oligodendrocyte_1",NA,NA,NA,"female","F2",4,"0415_F2_T"
"2787445900095100051","20240503",1678.19287109375,6104.95279667107,541.850762019632,"oligodendrocyte_2",NA,NA,NA,"female","F5",1,"0503_F5_C"
"2787889600313100123","20240503",3609.90209960938,9309.73843803653,8105.03180884881,"oligodendrocyte_progenitor_2",NA,NA,NA,"male","M4",1,"0503_M4_C"
"2656143800415100018","20240328",2348.896484375,5397.45195675129,6848.95399431352,"DH_ex_Reln/Nmur2",1,"excitatory",3,"male","M3",2,"0328_M3_L"
"2795103300367100270","20240610",1480.78894042969,5140.94955639122,2969.31379537084,"DH_ex_Reln/Nmur2",1,"excitatory",3,"male","M5",4,"0610_M5_T"
"2707604700388100039","20240415",2204.8349609375,2941.72084919264,9666.47750968678,"oligodendrocyte_progenitor_2",NA,NA,NA,"male","M2",1,"0415_M2_C"
"2787445900718100215","20240503",2481.10375976562,4323.04319013917,5502.11450884651,"endothelial",NA,NA,NA,"female","F3",2,"0503_F3_L"
"2707604800162100138","20240415",3521.890625,4389.34869811719,5101.60600201273,"Schwann_cell",NA,NA,NA,"male","M1",2,"0415_M1_L"
"2787445900303100103","20240503",2855.95727539062,2081.621568006,2249.14613904207,"oligodendrocyte_progenitor_1",NA,NA,NA,"female","F5",2,"0503_F5_L"
"2707604800339100147","20240415",3025.685546875,1032.45408752497,7696.17908867728,"astrocyte_1",NA,NA,NA,"male","M1",1,"0415_M1_C"
"2707604000042100020","20240415",2849.82421875,7954.4328117627,7929.61538194492,"DH_ex_Grpr",1,"excitatory",2,"male","M3",2,"0415_M3_L"
"2796212800593100141","20240613",3996.3564453125,7385.84732477739,5043.7396543714,"oligodendrocyte_precursor_cell",NA,NA,NA,"female","F4",4,"0613_F4_T"
"2707737900147100238","20240415",993.465881347656,9565.89564239567,10984.0452127098,"oligodendrocyte_progenitor_2",NA,NA,NA,"female","F1",4,"0415_F1_T"
"2787445900658100057","20240503",2954.17138671875,8098.46171943855,4713.34089261534,"MV_ex_Syt2",4,"excitatory",14,"female","F3",1,"0503_F3_C"
"2787889600444200032","20240503",2522.52465820312,5580.69630951947,9152.36285232748,"astrocyte_1",NA,NA,NA,"male","M4",2,"0503_M4_L"
"2787445900635100076","20240503",1583.11999511719,1860.7348580418,4747.16232588606,"oligodendrocyte_progenitor_2",NA,NA,NA,"female","F4",3,"0503_F4_S"
"2726544600431100024","20240422",2213.90747070312,4282.44788069846,10896.7298597624,"MV_in_Gm26673",4,"inhibitory",19,"female","F1",2,"0422_F1_L"
"2945606900000008091","20240328",699.752014160156,1317.61283815035,6070.76532802958,"MV_in_Esrrb",4,"inhibitory",14,"female","F1",1,"0328_F1_C"
"2707604800083100021","20240415",2701.1103515625,5547.52383753413,3843.5437857043,"DH_in_Npy",1,"inhibitory",4,"male","M1",2,"0415_M1_L"
"2656143800444100137","20240328",2573.36962890625,6369.91117134766,7289.05054212034,"oligodendrocyte_2",NA,NA,NA,"male","M3",2,"0328_M3_L"
"2787889600316100173","20240503",2650.85791015625,10172.9408012903,8156.95179368326,"endothelial",NA,NA,NA,"male","M4",1,"0503_M4_C"
"2656143800418100205","20240328",2992.88549804688,6083.55596578267,7010.59990572164,"M_ex_Neurod2",3,"excitatory",13,"male","M3",2,"0328_M3_L"
"2796212800296100103","20240613",3985.51147460938,4985.2210036274,2478.97285039327,"oligodendrocyte_1",NA,NA,NA,"female","F4",3,"0613_F4_S"
"2707604700270100051","20240415",2536.4443359375,3754.20228562375,8305.52483142831,"microglia",NA,NA,NA,"male","M2",4,"0415_M2_T"
"2946331700000011600","20240415",2787.23168945312,12461.4509468654,2210.34877781221,"astrocyte_2",NA,NA,NA,"female","F2",3,"0415_F2_S"
"2946331700000011498","20240415",1017.12316894531,11425.7854405011,2039.52552681108,"meninges_2",NA,NA,NA,"female","F2",2,"0415_F2_L"
"2656144900352100053","20240328",757.943359375,9990.29844513044,3574.42222609164,"alpha_motoneuron",NA,NA,22,"male","M1",4,"0328_M1_T"
"2946331700000005379","20240415",1903.97888183594,9612.03673574346,1332.12714508019,"endothelial",NA,NA,NA,"female","F2",1,"0415_F2_C"
"2656144900535100137","20240328",1892.58020019531,10097.9011772803,5679.23474162546,"oligodendrocyte_progenitor_2",NA,NA,NA,"male","M1",2,"0328_M1_L"
"2796212800789100202","20240613",1370.955078125,8574.79265370034,6806.17420000408,"oligodendrocyte_1",NA,NA,NA,"female","F4",1,"0613_F4_C"
"2946331700000009388","20240415",3060.65893554688,11066.7886759806,1873.44552975107,"DH_ex_Reln",1,"excitatory",6,"female","F2",4,"0415_F2_T"
"2796212800296100080","20240613",3745.77709960938,4815.20134158619,2466.70412071014,"M_ex_Vsx2",3,"excitatory",20,"female","F4",3,"0613_F4_S"
"2787445900793100057","20240503",3608.25341796875,4590.91088600823,5844.7821588381,"alpha_motoneuron",NA,NA,22,"female","F3",2,"0503_F3_L"
"2787445900581100149","20240503",2938.21044921875,7292.62221904728,4227.19639249779,"oligodendrocyte_precursor_cell",NA,NA,NA,"female","F3",1,"0503_F3_C"
"2796212800887100065","20240613",2305.6611328125,9182.24326704629,7517.75832573936,"astrocyte_1",NA,NA,NA,"female","F4",1,"0613_F4_C"
"2945606900000001648","20240328",2946.8916015625,791.706020468861,4999.49824282285,"astrocyte_2",NA,NA,NA,"female","F1",1,"0328_F1_C"
"2707604700367100020","20240415",1790.31396484375,3894.16987535299,9359.74361965095,"DH_ex_Nmu/Tac2",1,"excitatory",8,"male","M2",1,"0415_M2_C"
"2707604000085100241","20240415",1436.90112304688,7440.85200717699,9037.09297853957,"DH_in_Pdyn/Gal",1,"inhibitory",5,"male","M3",2,"0415_M3_L"
"2707604700080100044","20240415",3750.986328125,4218.66620638383,6212.72762446851,"oligodendrocyte_2",NA,NA,NA,"male","M2",2,"0415_M2_L"
"2707604700388100075","20240415",821.798889160156,3059.97748584888,9719.38144782351,"oligodendrocyte_precursor_cell",NA,NA,NA,"male","M2",1,"0415_M2_C"
"2795584800449100102","20240610",3115.2119140625,4920.23569688253,7216.18144208344,"oligodendrocyte_progenitor_2",NA,NA,NA,"female","F4",4,"0610_F4_T"
"2787445900720100012","20240503",3523.90063476562,4761.84406526713,5250.48673768237,"oligodendrocyte_progenitor_2",NA,NA,NA,"female","F3",2,"0503_F3_L"
"2707737900090100167","20240415",1951.57763671875,11387.7844384216,9684.14148170291,"DH_ex_Grpr",1,"excitatory",2,"female","F1",2,"0415_F1_L"
"2795103300063100186","20240610",2058.361328125,8131.63568577188,433.016724042769,"DH_ex_Sox5",1,"excitatory",5,"male","M4",3,"0610_M4_S"
"2796212801009100122","20240613",2197.5546875,7545.58541286364,8788.86538174134,"astrocyte_1",NA,NA,NA,"female","F3",1,"0613_F3_C"
"2726562700238100128","20240422",160.610000610352,10634.7702358555,11096.5083926655,"MV_in_Esrrb",4,"inhibitory",14,"female","F2",2,"0422_F2_L"
"2795103300376100158","20240610",2324.23681640625,7505.67061897594,2816.42065674448,"oligodendrocyte_progenitor_2",NA,NA,NA,"male","M5",2,"0610_M5_L"
"2787445900248100174","20240503",2340.0224609375,7414.29551270034,1826.21462796553,"DH_in_Npy2r",1,"inhibitory",9,"female","F4",1,"0503_F4_C"
"2795584800349100126","20240610",3811.9501953125,7115.9730719591,6466.17184018102,"astrocyte_1",NA,NA,NA,"female","F4",2,"0610_F4_L"
"2656143800217100148","20240328",3739.27221679688,5910.93040557025,4824.88596451224,"oligodendrocyte_precursor_cell",NA,NA,NA,"male","M3",4,"0328_M3_T"
"2656143800055100014","20240328",2296.2451171875,2376.31894260048,2903.48679357255,"astrocyte_1",NA,NA,NA,"male","M3",1,"0328_M3_C"
"2795584800081100241","20240610",3170.54052734375,2705.31398593224,4535.12589504968,"oligodendrocyte_progenitor_2",NA,NA,NA,"female","F3",1,"0610_F3_C"
"2787445900232100026","20240503",4493.29638671875,2854.82742172026,1601.3604061981,"DM_ex_Zfhx3",2,"excitatory",11,"female","F5",2,"0503_F5_L"
"2946331700000010670","20240415",3640.82397460938,9849.5751497391,2018.83035335969,"astrocyte_1",NA,NA,NA,"female","F2",4,"0415_F2_T"
"2945606900000028625","20240328",1672.7236328125,5094.28535278246,9917.62926319743,"MV_ex_Shox2",4,"excitatory",18,"female","F1",3,"0328_F1_S"
"2656144300036100030","20240328",898.783142089844,11666.9488082196,10641.2133895276,"meninges_3",NA,NA,NA,"female","F2",1,"0328_F2_C"
"2795584800413100059","20240610",1734.75280761719,5021.00403735175,6889.38772185644,"oligodendrocyte_progenitor_2",NA,NA,NA,"female","F4",4,"0610_F4_T"
"2795584800494100080","20240610",2686.70874023438,7396.63680935564,7437.32877822175,"DH_in_Cdh3",1,"inhibitory",10,"female","F4",2,"0610_F4_L"
"2946331700000006237","20240415",958.136108398438,8287.93500587737,1626.03893767216,"meninges_1",NA,NA,NA,"female","F2",1,"0415_F2_C"
"2707604000085100204","20240415",3657.708984375,7411.81354270421,9000.54791114489,"oligodendrocyte_progenitor_2",NA,NA,NA,"male","M3",2,"0415_M3_L"
"2787889600405100177","20240503",1986.36120605469,4803.50716349436,8949.55670464058,"DH_ex_Cpne4",1,"excitatory",3,"male","M4",2,"0503_M4_L"
"2795903600184100163","20240613",3681.44750976562,673.851001230934,5854.25941510886,"M_ex_Vsx2",3,"excitatory",20,"male","M4",3,"0613_M4_S"
"2787445900897100133","20240503",2078.46752929688,2608.89405850391,6799.80775826742,"gamma_motoneuron",NA,NA,22,"female","F3",3,"0503_F3_S"
"2787889600132100188","20240503",4754.82421875,9060.48561970843,6792.39045710341,"pericyte",NA,NA,NA,"male","M5",1,"0503_M5_C"
"2795584800161100197","20240610",1801.67004394531,4963.95815781588,5071.13326058182,"DH_in_Pdyn",1,"inhibitory",2,"female","F3",4,"0610_F3_T"
"2707737900103100028","20240415",703.746276855469,11387.5660947337,9798.24163767567,"astrocyte_2",NA,NA,NA,"female","F1",2,"0415_F1_L"
"2946331700000000284","20240415",3189.10766601562,8802.42581128783,92.0468259039917,"oligodendrocyte_2",NA,NA,NA,"female","F2",1,"0415_F2_C"
"2946331700000017689","20240415",3764.10546875,11127.8437875002,3276.97431055599,"astrocyte_1",NA,NA,NA,"female","F2",2,"0415_F2_L"
"2656143800418100078","20240328",1824.40087890625,6166.03114158096,6876.48254692194,"oligodendrocyte_1",NA,NA,NA,"male","M3",2,"0328_M3_L"
"2726543700196100153","20240422",2107.47485351562,1433.53200111804,5386.62112491921,"endothelial",NA,NA,NA,"male","M3",1,"0422_M3_C"
"2795903600518100091","20240613",1562.826171875,6880.06403418325,9150.50842402586,"meninges_1",NA,NA,NA,"male","M5",1,"0613_M5_C"
"2946331700000018939","20240415",2533.64013671875,11229.7446073522,3586.41042645078,"astrocyte_1",NA,NA,NA,"female","F2",2,"0415_F2_L"
"2795903600464200107","20240613",5225.78369140625,6258.01666949163,8748.09859136712,"endothelial",NA,NA,NA,"male","M5",1,"0613_M5_C"
"2707604700069100124","20240415",2197.361328125,7936.38953712795,5857.01705791766,"endothelial",NA,NA,NA,"male","M3",3,"0415_M3_S"
"2656143800418100120","20240328",2057.77880859375,6168.76600021368,6916.40071036406,"astrocyte_1",NA,NA,NA,"male","M3",2,"0328_M3_L"
"2796212800522100026","20240613",3334.16137695312,5523.04401355702,4439.48322916275,"astrocyte_2",NA,NA,NA,"female","F3",2,"0613_F3_L"
"2796212800175100141","20240613",3098.09252929688,7018.4535494633,1410.31787179923,"endothelial",NA,NA,NA,"female","F5",2,"0613_F5_L"
"2796212800365100219","20240613",2408.861328125,6263.92624861188,3197.69956641633,"oligodendrocyte_progenitor_2",NA,NA,NA,"female","F4",2,"0613_F4_L"
"2796212800922100128","20240613",1430.65734863281,10083.0499045122,7839.25958715577,"DH_ex_Grpr",1,"excitatory",2,"female","F4",1,"0613_F4_C"
"2795584800225100224","20240610",2781.78125,2713.90832961327,5596.09365492139,"DH_ex_Reln/Npff",1,"excitatory",1,"female","F3",1,"0610_F3_C"
"2656143800052100158","20240328",2279.31005859375,1639.60297913387,3027.9860124375,"oligodendrocyte_progenitor_2",NA,NA,NA,"male","M3",1,"0328_M3_C"
"2796212800386100109","20240613",2815.30541992188,3203.11292486498,3353.37346516782,"astrocyte_1",NA,NA,NA,"female","F3",3,"0613_F3_S"
"2656144900591200039","20240328",3017.53295898438,11181.0063298019,6143.70242543059,"oligodendrocyte_2",NA,NA,NA,"male","M1",2,"0328_M1_L"
"2787445900097100255","20240503",2542.57885742188,6458.60711948911,720.493812397006,"DH_in_Cdh3",1,"inhibitory",10,"female","F5",1,"0503_F5_C"
"2787445900544100110","20240503",2240.43383789062,7281.76711966109,4045.82248647822,"meninges_2",NA,NA,NA,"female","F3",1,"0503_F3_C"
"2787889600314100106","20240503",3391.10327148438,9642.23155039479,8117.44274771633,"oligodendrocyte_progenitor_2",NA,NA,NA,"male","M4",1,"0503_M4_C"
"2795903600437100221","20240613",5792.05419921875,5872.83121654857,8508.85453262086,"astrocyte_1",NA,NA,NA,"male","M5",1,"0613_M5_C"
"2787445900549100158","20240503",1758.11853027344,8672.93409582612,3908.84135624589,"DH_ex_Prkcg/Nts",1,"excitatory",8,"female","F3",1,"0503_F3_C"
"2796212800238100173","20240613",5454.06494140625,6730.63167209364,2029.23340562696,"microglia",NA,NA,NA,"female","F5",2,"0613_F5_L"
"2707604800059100194","20240415",1806.87036132812,4810.57952109794,3751.97942982614,"endothelial",NA,NA,NA,"male","M1",2,"0415_M1_L"
"2707737900121100149","20240415",1749.56066894531,9577.35509145063,10528.9271929455,"oligodendrocyte_2",NA,NA,NA,"female","F1",4,"0415_F1_T"
"2787445900402100032","20240503",3040.33618164062,8943.03882023168,2754.25946547595,"oligodendrocyte_2",NA,NA,NA,"female","F4",1,"0503_F4_C"
"2795103300087100069","20240610",3885.82006835938,5028.06671580917,557.817093688995,"oligodendrocyte_progenitor_1",NA,NA,NA,"male","M4",4,"0610_M4_T"
"2946331700000008780","20240415",2782.94287109375,10440.6990071211,1751.26621497056,"astrocyte_1",NA,NA,NA,"female","F2",4,"0415_F2_T"
"2946331700000022308","20240415",3340.3203125,11229.518281552,4228.50990157388,"astrocyte_2",NA,NA,NA,"female","F2",2,"0415_F2_L"
"2656144900591100172","20240328",2364.08422851562,11175.7555982089,6305.29207032533,"oligodendrocyte_2",NA,NA,NA,"male","M1",2,"0328_M1_L"
"2787445900088100032","20240503",740.007873535156,4037.88916874863,481.207933195459,"MV_in_Gabra1",4,"inhibitory",16,"female","F5",4,"0503_F5_T"
"2787445900162100126","20240503",2481.41967773438,4141.50059670908,1174.15463845409,"endothelial",NA,NA,NA,"female","F5",4,"0503_F5_T"
"2707604000095100114","20240415",1415.47766113281,5971.47072544694,9246.61367694198,"astrocyte_1",NA,NA,NA,"male","M3",4,"0415_M3_T"
"2707604800383100031","20240415",1749.85998535156,1413.18657402135,7997.01759447949,"astrocyte_1",NA,NA,NA,"male","M1",1,"0415_M1_C"
"2787445900365100104","20240503",4920.15625,8956.16481453739,2604.24533212831,"oligodendrocyte_2",NA,NA,NA,"female","F4",1,"0503_F4_C"
"2656144900351100023","20240328",2488.75634765625,9479.24496147226,3552.9799896116,"MV_in_Gm26673",4,"inhibitory",19,"male","M1",4,"0328_M1_T"
"2787445900549100198","20240503",1090.86206054688,8687.53789593629,3942.61880971599,"microglia",NA,NA,NA,"female","F3",1,"0503_F3_C"
"2945606900000009921","20240328",2106.49829101562,1333.16304454839,6472.91346287876,"DH_ex_Nmu/Tac2",1,"excitatory",8,"female","F1",1,"0328_F1_C"
"2707604000025100082","20240415",4374.86181640625,7302.99183247238,7800.36345415232,"oligodendrocyte_2",NA,NA,NA,"male","M3",2,"0415_M3_L"
"2707604800034100236","20240415",1541.35095214844,3799.72109457594,3431.0998585117,"astrocyte_1",NA,NA,NA,"male","M1",3,"0415_M1_S"
"2795903600518100128","20240613",2197.50073242188,6764.96018824686,9198.8100658129,"DH_ex_Cpne4",1,"excitatory",3,"male","M5",1,"0613_M5_C"
"2707604000071100175","20240415",960.229858398438,7540.6974409617,8647.79485892036,"oligodendrocyte_progenitor_2",NA,NA,NA,"male","M3",2,"0415_M3_L"
"2656144900377100070","20240328",3349.57446289062,9642.77646244501,3882.45410636315,"oligodendrocyte_precursor_cell",NA,NA,NA,"male","M1",4,"0328_M1_T"
"2656143800415100109","20240328",2206.76586914062,5411.02136362356,7048.84817413159,"meninges_2",NA,NA,NA,"male","M3",2,"0328_M3_L"
"2787889600442100063","20240503",3220.42797851562,5182.04279803706,9174.38179096497,"oligodendrocyte_progenitor_2",NA,NA,NA,"male","M4",2,"0503_M4_L"
"2787445900360100025","20240503",1652.95544433594,7590.68025599665,2440.06776980092,"astrocyte_1",NA,NA,NA,"female","F4",1,"0503_F4_C"
"2795584800411100230","20240610",4200.5615234375,4396.18515138931,7111.93571240893,"M_in_Tfap2b",3,"inhibitory",12,"female","F4",4,"0610_F4_T"
"2795903600409100079","20240613",2035.33483886719,5306.09729961521,8139.46498757238,"astrocyte_2",NA,NA,NA,"male","M5",1,"0613_M5_C"
"2946331700000017596","20240415",1377.46032714844,10864.0075352439,3331.97468400936,"endothelial",NA,NA,NA,"female","F2",2,"0415_F2_L"
"2796212800855100297","20240613",4642.14697265625,9056.24587926082,7400.39228847378,"endothelial",NA,NA,NA,"female","F4",1,"0613_F4_C"
"2795584800412100176","20240610",1375.35778808594,4715.96709704938,6987.45030616764,"astrocyte_1",NA,NA,NA,"female","F4",4,"0610_F4_T"
"2656144300188200034","20240328",3130.95385742188,9190.67293838576,12455.8302030798,"oligodendrocyte_1",NA,NA,NA,"female","F2",2,"0328_F2_L"
"2787445900051100084","20240503",845.811096191406,4019.90919812769,244.620287256519,"microglia",NA,NA,NA,"female","F5",4,"0503_F5_T"
"2787445900426100045","20240503",1912.51623535156,5290.63869574363,3017.35194906272,"MV_in_Gabra1",4,"inhibitory",16,"female","F4",4,"0503_F4_T"
"2945606900000017130","20240328",3525.2646484375,3522.05747716816,7201.11562656489,"oligodendrocyte_2",NA,NA,NA,"female","F1",4,"0328_F1_T"
"2795584800241100259","20240610",4129.8974609375,7007.8498667379,5698.9680446281,"oligodendrocyte_progenitor_2",NA,NA,NA,"female","F3",2,"0610_F3_L"
"2795584800447100238","20240610",4300.20068359375,4399.78811251852,7347.00537719855,"DH_ex_Prkcg/Nts",1,"excitatory",8,"female","F4",4,"0610_F4_T"
"2707604700342100122","20240415",2118.99951171875,3768.2301890067,9183.56487279304,"oligodendrocyte_progenitor_2",NA,NA,NA,"male","M2",1,"0415_M2_C"
"2795903600613100082","20240613",3704.36572265625,4269.32584452606,10301.9220759787,"alpha_motoneuron",NA,NA,22,"male","M4",1,"0613_M4_C"
"2656143800155100023","20240328",2127.01953125,2390.62759216754,4035.17119581363,"oligodendrocyte_1",NA,NA,NA,"male","M3",1,"0328_M3_C"
"2787889600242100123","20240503",4399.3251953125,9741.43624646286,7672.88882797217,"oligodendrocyte_2",NA,NA,NA,"male","M4",1,"0503_M4_C"
"2787445900238100043","20240503",3753.95922851562,4531.07268172834,1623.33194131983,"oligodendrocyte_2",NA,NA,NA,"female","F5",4,"0503_F5_T"
"2796212800978100022","20240613",2710.63330078125,7691.08600344136,8306.81958921789,"MV_in_Gm26673",4,"inhibitory",19,"female","F3",1,"0613_F3_C"
"2656144900211100080","20240328",2043.17358398438,6788.75627666731,2258.58594563638,"oligodendrocyte_progenitor_2",NA,NA,NA,"male","M2",1,"0328_M2_C"
"2787445900617100071","20240503",3122.671875,7189.1364045802,4458.03428362297,"oligodendrocyte_2",NA,NA,NA,"female","F3",1,"0503_F3_C"
"2795903600267100112","20240613",3428.03125,2110.27457533842,6677.96874513067,"oligodendrocyte_1",NA,NA,NA,"male","M4",2,"0613_M4_L"
"2796212800271100130","20240613",1166.44604492188,6881.91465133242,2281.59279947169,"gamma_motoneuron",NA,NA,22,"female","F5",2,"0613_F5_L"
"2726544600430100022","20240422",2986.49340820312,3919.77045194118,10895.0594271268,"microglia",NA,NA,NA,"female","F1",2,"0422_F1_L"
"2707604700129200045","20240415",4785.58056640625,4549.48065898793,6688.76487593877,"astrocyte_2",NA,NA,NA,"male","M2",2,"0415_M2_L"
"2945606900000016615","20240328",3765.46118164062,2549.67533888307,7265.84212090241,"DH_ex_Reln/Nmur2",1,"excitatory",3,"female","F1",4,"0328_F1_T"
"2795903600438100181","20240613",1425.7197265625,6290.70054213452,8376.62047020665,"pericyte",NA,NA,NA,"male","M5",1,"0613_M5_C"
"2707604700247100028","20240415",2038.33776855469,3968.42335616866,7975.49324976758,"endothelial",NA,NA,NA,"male","M2",4,"0415_M2_T"
"2795903600588100112","20240613",5120.7568359375,4591.79739882707,10191.9973668415,"astrocyte_1",NA,NA,NA,"male","M4",1,"0613_M4_C"
"2726544600457100040","20240422",2767.85375976562,4217.87412678625,11227.4794902382,"astrocyte_1",NA,NA,NA,"female","F1",2,"0422_F1_L"
"2656143800027100046","20240328",2048.53515625,1779.68124342111,2644.83099655382,"DH_ex_Reln",1,"excitatory",6,"male","M3",1,"0328_M3_C"
"2707604700295100041","20240415",3183.18090820312,3880.87576368568,8611.18621562561,"oligodendrocyte_2",NA,NA,NA,"male","M2",1,"0415_M2_C"
"2707604700037100080","20240415",2693.08471679688,5460.8442060102,5525.69205939723,"pericyte",NA,NA,NA,"male","M2",2,"0415_M2_L"
"2795103300120100313","20240610",3206.51025390625,4509.61230275649,997.763375004637,"DM_ex_Zfhx3",2,"excitatory",11,"male","M4",4,"0610_M4_T"
"2795103300367100163","20240610",3207.15283203125,5062.56632321706,2868.98470600555,"DH_ex_Prkcg/Nts",1,"excitatory",8,"male","M5",4,"0610_M5_T"
"2787445900635200041","20240503",2402.15454101562,1869.08476871322,4743.811886679,"oligodendrocyte_progenitor_2",NA,NA,NA,"female","F4",3,"0503_F4_S"
"2787889600230100054","20240503",2789.78857421875,6151.0624399822,7456.09088522074,"MV_in_Gabra1",4,"inhibitory",16,"male","M5",4,"0503_M5_T"
"2787889600452100034","20240503",4946.19677734375,7871.25497931987,9183.39128999261,"oligodendrocyte_2",NA,NA,NA,"male","M4",4,"0503_M4_T"
"2795584800740100020","20240610",2386.88305664062,5864.41593178746,9278.97134902753,"Schwann_cell",NA,NA,NA,"female","F5",4,"0610_F5_T"
"2656144900421100049","20240328",3388.2919921875,7253.60924992002,4420.56466029883,"DH_in_Cdh3",1,"inhibitory",4,"male","M2",4,"0328_M2_T"
"2787445900200100188","20240503",1200.50561523438,4313.24287464592,1529.99762179487,"oligodendrocyte_progenitor_2",NA,NA,NA,"female","F5",4,"0503_F5_T"
"2726562800261100018","20240422",3995.95581054688,8187.41804006809,5424.00816767443,"MV_in_Sema5b",4,"inhibitory",15,"male","M2",2,"0422_M2_L"
"2656144300123100092","20240328",1587.58544921875,10282.802415329,11850.0580270539,"astrocyte_1",NA,NA,NA,"female","F2",4,"0328_F2_T"
"2726562800279100145","20240422",5835.380859375,8056.6556284269,5853.48491927098,"oligodendrocyte_progenitor_2",NA,NA,NA,"male","M2",2,"0422_M2_L"
"2787889600405100189","20240503",1964.98034667969,4828.43776423356,8962.77897278649,"DH_ex_Sox5/Tac1",1,"excitatory",5,"male","M4",2,"0503_M4_L"
"2707604700225100057","20240415",1819.20642089844,4554.31470072894,7733.93759494368,"oligodendrocyte_progenitor_2",NA,NA,NA,"male","M2",4,"0415_M2_T"
"2795103300120100312","20240610",664.386657714844,4404.58597763709,996.461862922704,"DH_in_Klhl14",1,"inhibitory",10,"male","M4",4,"0610_M4_T"
"2787889600280100079","20240503",1960.22583007812,10108.7067327641,7741.71877608215,"microglia",NA,NA,NA,"male","M4",1,"0503_M4_C"
"2787889600388100063","20240503",3308.19409179688,10083.5376677217,8607.4212925836,"oligodendrocyte_progenitor_2",NA,NA,NA,"male","M4",1,"0503_M4_C"
"2707604700094100151","20240415",2763.99877929688,8042.29484137017,6114.5806677012,"DH_ex_Grp",1,"excitatory",6,"male","M3",3,"0415_M3_S"
"2656144900209100024","20240328",2947.30908203125,6185.44399676471,2178.9859879959,"DH_in_Pdyn/Gal",1,"inhibitory",5,"male","M2",1,"0328_M2_C"
"2787889600276100052","20240503",2047.15197753906,9143.02381809498,7929.31395379425,"DH_ex_Sox5",1,"excitatory",5,"male","M4",1,"0503_M4_C"
"2787445900089100039","20240503",3588.28076171875,4156.44059763977,494.00750506128,"oligodendrocyte_progenitor_2",NA,NA,NA,"female","F5",4,"0503_F5_T"
"2726544600219100135","20240422",3057.85668945312,3253.54829096413,8747.15364620695,"oligodendrocyte_progenitor_2",NA,NA,NA,"female","F1",4,"0422_F1_T"
"2787889600388100027","20240503",3743.48071289062,10292.0760305952,8557.75354619403,"oligodendrocyte_progenitor_2",NA,NA,NA,"male","M4",1,"0503_M4_C"
"2656144300125100066","20240328",2126.125,10757.4067247081,11611.2902977911,"DH_in_Klhl14",1,"inhibitory",10,"female","F2",4,"0328_F2_T"
"2787445900322100096","20240503",3536.58227539062,7262.73667541414,2246.37396171907,"oligodendrocyte_progenitor_2",NA,NA,NA,"female","F4",1,"0503_F4_C"
"2656144300210100079","20240328",940.635803222656,8783.68419896794,12613.8309441456,"MV_in_Sema5b",4,"inhibitory",15,"female","F2",2,"0328_F2_L"
"2656143800442100176","20240328",1827.88342285156,5972.54801686155,7337.18488913978,"astrocyte_1",NA,NA,NA,"male","M3",2,"0328_M3_L"
"2787889600353100134","20240503",1814.482421875,10462.0269095809,8461.20209057583,"oligodendrocyte_progenitor_2",NA,NA,NA,"male","M4",1,"0503_M4_C"
"2656143800267100119","20240328",1470.28479003906,5787.52119513962,5232.78748914588,"DH_in_Cdh3",1,"inhibitory",10,"male","M3",4,"0328_M3_T"
"2707604700248100207","20240415",4380.61962890625,4199.57172163167,8137.56083503785,"astrocyte_1",NA,NA,NA,"male","M2",4,"0415_M2_T"
"2787445900097100194","20240503",2211.58178710938,6650.73911513679,653.916610255343,"DH_in_Cdh3",1,"inhibitory",10,"female","F5",1,"0503_F5_C"
"2656144900509200029","20240328",2944.89965820312,10193.2041131693,5283.56248690643,"endothelial",NA,NA,NA,"male","M1",2,"0328_M1_L"
"2707604800364100214","20240415",2870.4833984375,2023.13450089883,7937.77235653275,"DH_ex_Gpr83",1,"excitatory",2,"male","M1",1,"0415_M1_C"
"2795903600410100164","20240613",3123.90502929688,5701.73826360499,8222.29085658563,"oligodendrocyte_progenitor_2",NA,NA,NA,"male","M5",1,"0613_M5_C"
"2787889600279100182","20240503",1520.96899414062,9921.90437635244,7894.26612836216,"pericyte",NA,NA,NA,"male","M4",1,"0503_M4_C"
"2795103300148100180","20240610",2396.73583984375,2450.98654024041,1195.41615675192,"oligodendrocyte_progenitor_1",NA,NA,NA,"male","M4",1,"0610_M4_C"
"2656144300174100055","20240328",2780.95532226562,11658.5852844726,12221.1377771851,"peripheral_glia",NA,NA,NA,"female","F2",4,"0328_F2_T"
"2795584800241100160","20240610",2812.92919921875,7057.84690709051,5618.25944311725,"endothelial",NA,NA,NA,"female","F3",2,"0610_F3_L"
"2787445900861100049","20240503",1338.55676269531,2794.38516431779,6420.34786363751,"DM_ex_Zfhx3",2,"excitatory",11,"female","F3",3,"0503_F3_S"
"2656144900086100036","20240328",2107.119140625,8251.3807521611,795.289390042541,"oligodendrocyte_progenitor_2",NA,NA,NA,"male","M1",1,"0328_M1_C"
"2796212800430100251","20240613",2002.93237304688,6546.04680132773,3782.88628880121,"MV_ex_Syt2",4,"excitatory",14,"female","F4",2,"0613_F4_L"
"2787445900622100095","20240503",837.122131347656,8632.50440777815,4486.03540108113,"VH_in_Chat",5,"inhibitory",17,"female","F3",1,"0503_F3_C"
"2796212800922100019","20240613",2298.3662109375,9879.74562687986,7741.30581095518,"oligodendrocyte_progenitor_2",NA,NA,NA,"female","F4",1,"0613_F4_C"
"2787445900692200021","20240503",3089.32470703125,7234.90281883953,5001.17249734898,"oligodendrocyte_2",NA,NA,NA,"female","F3",1,"0503_F3_C"
"2787445900387100239","20240503",1709.35961914062,4757.90140253131,2968.85962757425,"DH_in_Cdh3",1,"inhibitory",10,"female","F4",4,"0503_F4_T"
"2656144900209100174","20240328",2029.20532226562,6129.19724530148,2391.70736095178,"microglia",NA,NA,NA,"male","M2",1,"0328_M2_C"
"2707604800199100180","20240415",4069.5966796875,2818.07327472343,5713.83784864936,"oligodendrocyte_2",NA,NA,NA,"male","M1",4,"0415_M1_T"
"2795584800253200009","20240610",976.681518554688,451.461111656532,5778.61997048848,"meninges_3",NA,NA,NA,"female","F4",1,"0610_F4_C"
"2796212800944100120","20240613",1532.48425292969,7062.88619364426,8098.06955344934,"gamma_motoneuron",NA,NA,22,"female","F3",1,"0613_F3_C"
"2796212800399100132","20240613",1683.25512695312,6877.47393843718,3508.75311517366,"DH_in_Pdyn",1,"inhibitory",2,"female","F4",2,"0613_F4_L"
"2796212800914100062","20240613",1096.70275878906,7656.5580520276,7770.45055318659,"MV_ex_Syt2",4,"excitatory",14,"female","F3",1,"0613_F3_C"
"2787445900126100043","20240503",2842.65771484375,4382.15049629827,857.634913112939,"oligodendrocyte_progenitor_2",NA,NA,NA,"female","F5",4,"0503_F5_T"
"2787445900206100245","20240503",4722.8408203125,5896.96948651329,1549.62759500413,"oligodendrocyte_1",NA,NA,NA,"female","F5",1,"0503_F5_C"
"2656144900582100180","20240328",2602.71484375,8704.22115685452,6283.76618246065,"DH_in_Npy2r",1,"inhibitory",9,"male","M2",2,"0328_M2_L"
"2787889600348100014","20240503",4516.3994140625,9035.22790622618,8261.23377786941,"microglia",NA,NA,NA,"male","M4",1,"0503_M4_C"
"2787889600060100044","20240503",3336.115234375,8921.71476097661,6079.22547841488,"MV_ex_Syt2",4,"excitatory",14,"male","M5",1,"0503_M5_C"
"2945606900000003585","20240328",3099.7421875,1450.08226596679,5454.03226715047,"endothelial",NA,NA,NA,"female","F1",1,"0328_F1_C"
"2796212800111100103","20240613",4340.630859375,6967.8448910648,896.961722741951,"DH_in_Npy2r",1,"inhibitory",9,"female","F5",3,"0613_F5_S"
"2796212800947100153","20240613",5499.3017578125,7917.54322467744,8273.98826781911,"oligodendrocyte_progenitor_2",NA,NA,NA,"female","F3",1,"0613_F3_C"
"2787889600355100025","20240503",1554.09436035156,10900.1068146869,8313.03526210136,"oligodendrocyte_progenitor_2",NA,NA,NA,"male","M4",1,"0503_M4_C"
"2795903600428100037","20240613",3580.974609375,3519.82718982871,8290.32958841311,"oligodendrocyte_2",NA,NA,NA,"male","M4",4,"0613_M4_T"
"2656143800153100102","20240328",1055.4853515625,1958.94697992993,4127.44801025128,"DH_ex_Maf/Cck",1,"excitatory",10,"male","M3",1,"0328_M3_C"
"2787889600361100093","20240503",1935.30871582031,2653.2481686447,8620.49307223433,"oligodendrocyte_progenitor_2",NA,NA,NA,"male","M5",3,"0503_M5_S"
"2795103300120100317","20240610",3097.37646484375,4548.1813887684,1004.26773563045,"M_ex_Neurod2",3,"excitatory",13,"male","M4",4,"0610_M4_T"
"2796212800980100160","20240613",678.628723144531,8316.06345250458,8428.85674689632,"DH_in_Pdyn",1,"inhibitory",2,"female","F3",1,"0613_F3_C"
"2707737900034100123","20240415",3044.60766601562,10480.5670315941,8503.2485620412,"astrocyte_2",NA,NA,NA,"female","F1",2,"0415_F1_L"
"2787445900251100044","20240503",2441.75048828125,8093.81833045045,1616.31788806169,"oligodendrocyte_2",NA,NA,NA,"female","F4",1,"0503_F4_C"
"2796212800759100219","20240613",3726.36962890625,9110.43756677955,6524.48560949037,"DH_ex_Grp",1,"excitatory",6,"female","F4",1,"0613_F4_C"
"2787445900247100094","20240503",2180.685546875,7180.62424314651,1822.87651276853,"DH_ex_Grpr",1,"excitatory",2,"female","F4",1,"0503_F4_C"
"2656144900530100252","20240328",3652.49194335938,8740.53693730258,5794.73440214337,"oligodendrocyte_progenitor_2",NA,NA,NA,"male","M2",2,"0328_M2_L"
"2796212800914100146","20240613",3888.490234375,7772.71134571359,7852.54469843372,"astrocyte_1",NA,NA,NA,"female","F3",1,"0613_F3_C"
"2795584800459100112","20240610",1568.4208984375,7588.25102579512,7272.22456341708,"oligodendrocyte_progenitor_1",NA,NA,NA,"female","F4",2,"0610_F4_L"
"2787445900254100210","20240503",1802.3994140625,9057.7972142247,1833.44423057619,"DH_ex_Prkcg/Rxfp1",1,"excitatory",6,"female","F4",1,"0503_F4_C"
"2656144900531100064","20240328",1821.73059082031,8905.65472844156,5573.61606944705,"endothelial",NA,NA,NA,"male","M2",2,"0328_M2_L"
"2787889600317100172","20240503",3453.53002929688,10535.5247400715,8239.03054535014,"endothelial",NA,NA,NA,"male","M4",1,"0503_M4_C"
"2945606900000005264","20240328",1693.03881835938,1393.73145727075,5626.13724043779,"oligodendrocyte_progenitor_1",NA,NA,NA,"female","F1",1,"0328_F1_C"
"2945606900000002962","20240328",1801.04711914062,670.930358764061,5373.12961213436,"DH_ex_Prkcg/Cck",1,"excitatory",8,"female","F1",1,"0328_F1_C"
"2946331700000016189","20240415",2464.67211914062,12087.5593697291,2802.77117303663,"oligodendrocyte_progenitor_2",NA,NA,NA,"female","F2",3,"0415_F2_S"
"2787445900787100023","20240503",5941.0126953125,2868.9250733424,5817.39603364695,"oligodendrocyte_2",NA,NA,NA,"female","F3",2,"0503_F3_L"
"2707737900074100107","20240415",3224.439453125,10819.3296254388,9270.81404016889,"endothelial",NA,NA,NA,"female","F1",2,"0415_F1_L"
"2795903600641100143","20240613",3122.66381835938,4903.25670931532,10607.5791467423,"endothelial",NA,NA,NA,"male","M4",1,"0613_M4_C"
"2656143800104100155","20240328",2810.00512695312,2242.08731783461,3589.60065636365,"MV_in_Gabra1",4,"inhibitory",16,"male","M3",1,"0328_M3_C"
"2795903600454100089","20240613",2985.953125,3485.66457745629,8649.22383247965,"oligodendrocyte_progenitor_2",NA,NA,NA,"male","M4",4,"0613_M4_T"
"2656144900616100026","20240328",3679.03857421875,11066.800411495,6371.94257665963,"oligodendrocyte_precursor_cell",NA,NA,NA,"male","M1",2,"0328_M1_L"
"2796212800175100064","20240613",3661.560546875,6812.35269647278,1329.75457290479,"astrocyte_2",NA,NA,NA,"female","F5",2,"0613_F5_L"
"2707604700389100182","20240415",2829.58740234375,3215.51539245221,9816.28355218211,"DH_in_Cdh3",1,"inhibitory",10,"male","M2",1,"0415_M2_C"
"2796212801010100245","20240613",4281.1982421875,7657.51859406754,8839.86295565739,"endothelial",NA,NA,NA,"female","F3",1,"0613_F3_C"
"2796212800979100102","20240613",2158.68579101562,8111.60567391664,8368.17123693312,"DH_in_Cdh3",1,"inhibitory",10,"female","F3",1,"0613_F3_C"
"2796212800627100070","20240613",1201.85900878906,8076.75506117567,5240.47317366739,"DH_in_Klhl14",1,"inhibitory",10,"female","F4",4,"0613_F4_T"
"2795103300331100022","20240610",2793.61865234375,4918.98105102021,2422.93950334305,"oligodendrocyte_progenitor_2",NA,NA,NA,"male","M5",4,"0610_M5_T"
"2787889600580100159","20240503",2842.30688476562,3458.06171987497,10398.6123331594,"oligodendrocyte_1",NA,NA,NA,"male","M4",3,"0503_M4_S"
"2656144900556100063","20240328",3071.66723632812,8840.61443442971,5848.83322312152,"microglia",NA,NA,NA,"male","M2",2,"0328_M2_L"
"2796212800239100191","20240613",1134.6728515625,6919.15253264084,2010.29043680453,"oligodendrocyte_2",NA,NA,NA,"female","F5",2,"0613_F5_L"
"2656144900085100136","20240328",2168.32885742188,8000.21865100371,874.123226356227,"astrocyte_1",NA,NA,NA,"male","M1",1,"0328_M1_C"
"2795584800381100163","20240610",1674.66320800781,6022.45175651473,6714.9555824394,"MV_in_Gm26673",4,"inhibitory",19,"female","F4",2,"0610_F4_L"
"2787889600383100148","20240503",4817.3818359375,8882.77622926701,8812.07001558959,"oligodendrocyte_progenitor_2",NA,NA,NA,"male","M4",1,"0503_M4_C"
"2707604700091100094","20240415",1552.5810546875,7215.19749429967,6082.54186544812,"DM_ex_Zfhx3",2,"excitatory",11,"male","M3",3,"0415_M3_S"
"2656143800419200064","20240328",3485.4990234375,6402.96968511358,6933.21496920146,"endothelial",NA,NA,NA,"male","M3",2,"0328_M3_L"
"2656143800104100317","20240328",1322.32641601562,2122.71077964791,3746.97581506759,"M_in_Tfap2b",3,"inhibitory",12,"male","M3",1,"0328_M3_C"
"2787889600313100231","20240503",3638.73022460938,9223.0893159993,8258.26653732301,"oligodendrocyte_progenitor_2",NA,NA,NA,"male","M4",1,"0503_M4_C"
"2787445900862100098","20240503",2064.78149414062,3051.99565639906,6622.01881011705,"astrocyte_2",NA,NA,NA,"female","F3",3,"0503_F3_S"
"2707604800322100160","20240415",2120.82568359375,2125.42828639667,7348.90564303286,"peripheral_glia",NA,NA,NA,"male","M1",1,"0415_M1_C"
"2796212800627100141","20240613",1253.9833984375,8058.88164360449,5296.1611604247,"DH_in_Cdh3",1,"inhibitory",10,"female","F4",4,"0613_F4_T"
"2707604700251100058","20240415",2095.921875,5078.54846100083,7999.26922765223,"Schwann_cell",NA,NA,NA,"male","M2",4,"0415_M2_T"
"2796212800792100033","20240613",1542.91650390625,9418.43773736246,6625.70153143309,"DH_ex_Reln/Nmur2",1,"excitatory",3,"female","F4",1,"0613_F4_C"
"2787889600024100214","20240503",577.019165039062,8951.32688582432,5905.42835091724,"oligodendrocyte_2",NA,NA,NA,"male","M5",1,"0503_M5_C"
"2795584800493100063","20240610",1900.67663574219,7039.77843390626,7428.30772333404,"oligodendrocyte_precursor_cell",NA,NA,NA,"female","F4",2,"0610_F4_L"
"2796212801042100117","20240613",3205.97729492188,7788.9900615029,8975.94296218854,"beta_motoneuron",NA,NA,22,"female","F3",1,"0613_F3_C"
"2795584800203100141","20240610",2427.82421875,6712.70252710494,5238.98879715311,"DH_in_Cdh3",1,"inhibitory",10,"female","F3",2,"0610_F3_L"
"2787889600168100104","20240503",2594.3740234375,9028.28732437547,7076.1746821494,"oligodendrocyte_2",NA,NA,NA,"male","M5",1,"0503_M5_C"
"2795903600322100214","20240613",3539.93188476562,2833.66146136381,7303.81593358895,"astrocyte_1",NA,NA,NA,"male","M4",2,"0613_M4_L"
"2707604000095100056","20240415",1895.56811523438,5845.0735538633,9188.13182573991,"oligodendrocyte_progenitor_1",NA,NA,NA,"male","M3",4,"0415_M3_T"
"2707604000124100114","20240415",1801.90893554688,5755.36357254519,9719.12247524392,"MV_in_Sema5b",4,"inhibitory",15,"male","M3",4,"0415_M3_T"
"2946331700000022231","20240415",2015.75708007812,10974.6625557321,4302.82892980165,"Schwann_cell",NA,NA,NA,"female","F2",2,"0415_F2_L"
"2707604700092100156","20240415",2739.00439453125,7665.18711509139,6141.74732725497,"MV_ex_Syt2",4,"excitatory",14,"male","M3",3,"0415_M3_S"
"2787445900130100099","20240503",2233.08325195312,5524.54271971167,893.647120408277,"DH_ex_Grpr",1,"excitatory",2,"female","F5",1,"0503_F5_C"
"2795903600347100266","20240613",669.735961914062,2607.7799925736,7642.16068553028,"MV_in_Gm26673",4,"inhibitory",19,"male","M4",2,"0613_M4_L"
"2656143800217100138","20240328",1567.23291015625,5764.27263450809,4807.48341536371,"DM_ex_Zfhx3",2,"excitatory",11,"male","M3",4,"0328_M3_T"
"2656144900641200126","20240328",3622.08471679688,10637.1644310797,6773.08628282414,"microglia",NA,NA,NA,"male","M1",2,"0328_M1_L"
"2795584800672100195","20240610",3415.70190429688,6738.30917887937,8965.14201683875,"MV_in_Gm26673",4,"inhibitory",19,"female","F5",2,"0610_F5_L"
"2707737900049100193","20240415",2653.66943359375,11166.5131376005,8787.70927955513,"DH_in_Cdh3",1,"inhibitory",10,"female","F1",2,"0415_F1_L"
"2795584800276100019","20240610",2029.07373046875,6985.97521938669,5712.24020258171,"DH_ex_Sox5",1,"excitatory",5,"female","F3",2,"0610_F3_L"
"2656143800239100044","20240328",1431.53356933594,5023.09098294168,4884.1950260608,"DH_ex_Prkcg/Cck",1,"excitatory",8,"male","M3",4,"0328_M3_T"
"2656143800444100119","20240328",2551.93676757812,6308.54652111203,7246.28418604744,"endothelial",NA,NA,NA,"male","M3",2,"0328_M3_L"
"2787445900798200119","20240503",5647.1318359375,6025.41913553223,6029.61500368276,"oligodendrocyte_progenitor_2",NA,NA,NA,"female","F3",4,"0503_F3_T"
"2945606900000005083","20240328",2703.63549804688,1212.29291345488,5666.20080096016,"oligodendrocyte_progenitor_1",NA,NA,NA,"female","F1",1,"0328_F1_C"
"2795584800352100080","20240610",4076.65844726562,8062.37357512809,6472.81656098884,"oligodendrocyte_progenitor_2",NA,NA,NA,"female","F4",3,"0610_F4_S"
"2787445900774200023","20240503",2966.88012695312,9673.46958493581,5650.33900261481,"meninges_2",NA,NA,NA,"female","F3",1,"0503_F3_C"
"2795103300378100040","20240610",2969.14038085938,8106.43145346688,2751.12533415665,"oligodendrocyte_2",NA,NA,NA,"male","M5",2,"0610_M5_L"
"2946331700000000125","20240415",3452.71752929688,8037.49229434979,185.947436048184,"oligodendrocyte_2",NA,NA,NA,"female","F2",1,"0415_F2_C"
"2796212800561100084","20240613",3157.47900390625,7491.69884495251,4736.56341317948,"oligodendrocyte_progenitor_2",NA,NA,NA,"female","F4",4,"0613_F4_T"
"2795584800450100198","20240610",1859.17346191406,5080.29943094496,7318.8618142116,"DH_ex_Prkcg/Cck",1,"excitatory",8,"female","F4",4,"0610_F4_T"
"2795903600379100167","20240613",3074.62744140625,4381.24350622864,7835.36061428439,"astrocyte_1",NA,NA,NA,"male","M5",4,"0613_M5_T"
"2787889600409100157","20240503",4044.16674804688,6015.23884638061,8946.26740417453,"DM_ex_Zfhx3",2,"excitatory",11,"male","M4",2,"0503_M4_L"
"2796212800109100150","20240613",2899.94580078125,6474.92416499089,893.485948646092,"MV_in_Sema5b",4,"inhibitory",15,"female","F5",3,"0613_F5_S"
"2707604700202100120","20240415",4911.17822265625,4654.45759348373,7668.16236036958,"M_in_Tfap2b",3,"inhibitory",12,"male","M2",4,"0415_M2_T"
"2796212800849200098","20240613",2326.55981445312,7536.42066172324,7378.24018887512,"DH_ex_Prkcg/Nts",1,"excitatory",8,"female","F3",1,"0613_F3_C"
"2787445900126100115","20240503",1546.34790039062,4181.51865426527,957.225963395147,"astrocyte_1",NA,NA,NA,"female","F5",4,"0503_F5_T"
"2787889600097100017","20240503",3650.05395507812,9286.11953871232,6311.47938931928,"oligodendrocyte_2",NA,NA,NA,"male","M5",1,"0503_M5_C"
"2787889600230100032","20240503",2953.20141601562,6340.32804104255,7436.34999344154,"oligodendrocyte_2",NA,NA,NA,"male","M5",4,"0503_M5_T"
"2796212800529100216","20240613",4077.66870117188,7557.85770620964,4611.78061355394,"DM_ex_Zfhx3",2,"excitatory",11,"female","F4",4,"0613_F4_T"
"2726543700497200037","20240422",2310.49487304688,5134.91051131539,7819.20313080464,"DH_ex_Reln/Npff",1,"excitatory",1,"male","M3",2,"0422_M3_L"
"2796212800419100185","20240613",3885.74780273438,3674.66969695082,3711.94536306709,"oligodendrocyte_progenitor_2",NA,NA,NA,"female","F3",3,"0613_F3_S"
"2796212800978100121","20240613",3579.984375,7859.91548638605,8413.55016555756,"M_in_Tfap2b",3,"inhibitory",12,"female","F3",1,"0613_F3_C"
"2707604800299100021","20240415",2286.9814453125,1412.09550014368,7003.65752795618,"meninges_3",NA,NA,NA,"male","M1",1,"0415_M1_C"
"2726562700257100043","20240422",2729.35034179688,10023.5850042988,11153.3923934512,"DM_ex_Zfhx3",2,"excitatory",11,"female","F2",2,"0422_F2_L"
"2656144900563100093","20240328",783.863952636719,10565.078559231,5883.50153904573,"MV_in_Esrrb",4,"inhibitory",14,"male","M1",2,"0328_M1_L"
"2726543700401100222","20240422",3557.6796875,5285.50059598446,7162.91167832498,"MV_in_Sema5b",4,"inhibitory",15,"male","M3",2,"0422_M3_L"
"2707737900086200147","20240415",2944.185546875,10459.7621440537,9711.75236394687,"oligodendrocyte_progenitor_2",NA,NA,NA,"female","F1",2,"0415_F1_L"
"2707604000124100158","20240415",4017.59887695312,5563.74212578528,9768.65211317854,"endothelial",NA,NA,NA,"male","M3",4,"0415_M3_T"
"2707737900099100188","20240415",1572.10925292969,10680.4519481859,9903.73747943819,"MV_in_Gm26673",4,"inhibitory",19,"female","F1",2,"0415_F1_L"
"2795584800087100221","20240610",2335.93994140625,4315.80323934797,4568.76871261655,"DH_in_Cdh3",1,"inhibitory",10,"female","F3",4,"0610_F3_T"
"2796212800397100261","20240613",3427.068359375,6210.19915087894,3518.80776420981,"DH_in_Cdh3",1,"inhibitory",10,"female","F4",2,"0613_F4_L"
"2787445900755100112","20240503",5014.9052734375,4413.33250664861,5616.81358723291,"oligodendrocyte_precursor_cell",NA,NA,NA,"female","F3",2,"0503_F3_L"
"2726562700215100157","20240422",1500.67858886719,10155.5250997744,10694.0201188829,"DH_ex_Maf/Cck",1,"excitatory",10,"female","F2",2,"0422_F2_L"
"2787445900583100230","20240503",1435.39477539062,7896.87669266167,4367.97549265565,"astrocyte_1",NA,NA,NA,"female","F3",1,"0503_F3_C"
"2707604000041100135","20240415",797.700012207031,7767.1429655457,8085.40969306917,"oligodendrocyte_progenitor_2",NA,NA,NA,"male","M3",2,"0415_M3_L"
"2795103300367100037","20240610",2624.59887695312,4946.99405785144,2725.5375959599,"oligodendrocyte_1",NA,NA,NA,"male","M5",4,"0610_M5_T"
"2787445900200200058","20240503",2616.78051757812,4387.81295553903,1400.88984246369,"oligodendrocyte_2",NA,NA,NA,"female","F5",4,"0503_F5_T"
"2787889600312100244","20240503",2325.82958984375,8985.44294240605,8193.58411030017,"oligodendrocyte_progenitor_2",NA,NA,NA,"male","M4",1,"0503_M4_C"
"2796212800519100058","20240613",3402.9951171875,4757.36536182044,4406.91384561325,"oligodendrocyte_1",NA,NA,NA,"female","F3",2,"0613_F3_L"
"2656144900314100181","20240328",1045.24145507812,6609.71235502685,3435.1438760102,"DH_in_Npy",1,"inhibitory",4,"male","M2",1,"0328_M2_C"
"2707604000139100228","20240415",3966.26904296875,5751.58734256991,10110.0739094063,"oligodendrocyte_progenitor_2",NA,NA,NA,"male","M3",4,"0415_M3_T"
"2787889600432100028","20240503",1589.71203613281,2429.53725592227,9118.56782544288,"oligodendrocyte_2",NA,NA,NA,"male","M5",3,"0503_M5_S"
"2656144900209100104","20240328",1394.45483398438,6186.34763080432,2294.89016443148,"oligodendrocyte_progenitor_2",NA,NA,NA,"male","M2",1,"0328_M2_C"
"2796212801018100056","20240613",1536.41528320312,9989.1687474791,8661.42916738748,"oligodendrocyte_progenitor_2",NA,NA,NA,"female","F4",1,"0613_F4_C"
"2707604800082100212","20240415",2106.69018554688,5416.98925001058,3993.12374392152,"MV_ex_Syt2",4,"excitatory",14,"male","M1",2,"0415_M1_L"
"2656144900141100122","20240328",3387.92529296875,8990.86285280701,1456.43232730875,"astrocyte_1",NA,NA,NA,"male","M1",1,"0328_M1_C"
"2945606900000029420","20240328",2735.13891601562,5188.818326662,10121.1873635485,"MV_ex_Syt2",4,"excitatory",14,"female","F1",3,"0328_F1_S"
"2656144900235100233","20240328",1541.12353515625,6337.03209373944,2637.36809383571,"DH_in_Cdh3",1,"inhibitory",10,"male","M2",1,"0328_M2_C"
"2656144900113100019","20240328",2312.67578125,8580.95383655401,1045.4104051129,"oligodendrocyte_progenitor_2",NA,NA,NA,"male","M1",1,"0328_M1_C"
"2796212800355100068","20240613",2035.83166503906,3678.10441880533,3079.05270012247,"oligodendrocyte_2",NA,NA,NA,"female","F3",3,"0613_F3_S"
"2787445900292200023","20240503",3354.59301757812,9309.30005806661,1920.81856217451,"peripheral_glia",NA,NA,NA,"female","F4",1,"0503_F4_C"
"2787889600195100180","20240503",2742.35571289062,6450.72371615737,7321.29317839956,"DH_ex_Maf/Cck",1,"excitatory",10,"male","M5",4,"0503_M5_T"
"2795584800103100138","20240610",1914.44116210938,8758.71350077819,4469.27853171216,"MV_in_Gm26673",4,"inhibitory",19,"female","F3",3,"0610_F3_S"
"2787445900715100150","20240503",3543.1484375,3308.35186080378,5416.03516489411,"astrocyte_1",NA,NA,NA,"female","F3",2,"0503_F3_L"
"2707604800142100021","20240415",2429.38720703125,4577.9643514381,4624.58265745267,"oligodendrocyte_progenitor_2",NA,NA,NA,"male","M1",2,"0415_M1_L"
"2795103300096100086","20240610",2105.21630859375,7537.41765052284,633.328259522677,"oligodendrocyte_2",NA,NA,NA,"male","M4",3,"0610_M4_S"
"2656144900371100168","20240328",455.849822998047,7867.80036073888,4074.02542000957,"MV_ex_Syt2",4,"excitatory",14,"male","M2",4,"0328_M2_T"
"2656144900191100188","20240328",2453.06713867188,8334.32112883184,2064.20471689079,"DH_ex_Maf/Cck",1,"excitatory",10,"male","M1",1,"0328_M1_C"
"2796212800176100308","20240613",1166.54113769531,7071.25572016276,1504.35826516175,"MV_in_Sema5b",4,"inhibitory",15,"female","F5",2,"0613_F5_L"
"2707604700342200088","20240415",5426.25634765625,3519.4149731072,9187.28978253563,"astrocyte_1",NA,NA,NA,"male","M2",1,"0415_M2_C"
"2787445900242100210","20240503",4963.33447265625,5748.82191762573,1785.02971950421,"MV_in_Chrna2",4,"inhibitory",19,"female","F5",1,"0503_F5_C"
"2787445900162100133","20240503",924.723205566406,3949.01238828729,1179.54917180125,"oligodendrocyte_progenitor_2",NA,NA,NA,"female","F5",4,"0503_F5_T"
"2795903600641100193","20240613",3206.80444335938,4802.31382740525,10653.6142920115,"oligodendrocyte_1",NA,NA,NA,"male","M4",1,"0613_M4_C"
"2656143800242100085","20240328",3194.00024414062,5940.47584555333,4980.1418322213,"oligodendrocyte_2",NA,NA,NA,"male","M3",4,"0328_M3_T"
"2787445900896100036","20240503",681.359741210938,2254.99913042833,6649.1137503645,"MV_in_Gm26673",4,"inhibitory",19,"female","F3",3,"0503_F3_S"
"2707604700060100017","20240415",2398.40600585938,5225.03709791051,5708.8967905317,"endothelial",NA,NA,NA,"male","M2",2,"0415_M2_L"
"2946331700000006029","20240415",1199.80700683594,8138.93012886358,1434.3502595938,"DH_ex_Reln",1,"excitatory",6,"female","F2",1,"0415_F2_C"
"2795584800226100077","20240610",3956.01000976562,3061.52412988138,5501.42459903419,"oligodendrocyte_progenitor_2",NA,NA,NA,"female","F3",1,"0610_F3_C"
"2795584800090100073","20240610",3633.10546875,5203.36814103439,4436.98892321275,"oligodendrocyte_progenitor_2",NA,NA,NA,"female","F3",4,"0610_F3_T"
"2795903600615100051","20240613",3292.6513671875,4737.22749789947,10263.6002295396,"oligodendrocyte_precursor_cell",NA,NA,NA,"male","M4",1,"0613_M4_C"
"2795903600517100056","20240613",2204.32958984375,6649.78446366696,9104.97155890265,"oligodendrocyte_progenitor_2",NA,NA,NA,"male","M5",1,"0613_M5_C"
"2795584800379100079","20240610",2318.50122070312,5452.78531110141,6693.62754350845,"Schwann_cell",NA,NA,NA,"female","F4",2,"0610_F4_L"
"2707604800141100090","20240415",2161.15576171875,4237.13721320673,4683.99591886345,"microglia",NA,NA,NA,"male","M1",2,"0415_M1_L"
"2796212800849100228","20240613",2390.83935546875,7515.27332139388,7366.69610162533,"DH_in_Pdyn",1,"inhibitory",2,"female","F3",1,"0613_F3_C"
"2796212800789100198","20240613",2660.58959960938,8669.12564290501,6805.6365215925,"MV_in_Gm26673",4,"inhibitory",19,"female","F4",1,"0613_F4_C"
"2946331700000003012","20240415",2898.96655273438,8497.66770290924,1037.76164468745,"oligodendrocyte_progenitor_2",NA,NA,NA,"female","F2",1,"0415_F2_C"
"2795903600349100059","20240613",1915.04602050781,3037.12376343145,7475.17302793017,"DH_in_Pdyn",1,"inhibitory",2,"male","M4",2,"0613_M4_L"
"2656144900185100120","20240328",2305.00610351562,6833.65380192318,2060.1749862115,"astrocyte_1",NA,NA,NA,"male","M2",1,"0328_M2_C"
"2787445900824200051","20240503",1072.09704589844,2747.16834523663,6209.51099508347,"DH_ex_Cpne4",1,"excitatory",3,"female","F3",3,"0503_F3_S"
"2787445900254100099","20240503",1743.404296875,8924.02931156696,1734.03538232515,"oligodendrocyte_progenitor_1",NA,NA,NA,"female","F4",1,"0503_F4_C"
"2787889600130100121","20240503",2663.92553710938,8495.68040587753,6682.54512407951,"endothelial",NA,NA,NA,"male","M5",1,"0503_M5_C"
"2787445900441100073","20240503",1390.05017089844,9488.13549598865,3186.80467099271,"meninges_2",NA,NA,NA,"female","F4",1,"0503_F4_C"
"2787889600349100087","20240503",3375.33203125,9354.26891333191,8370.07294626848,"MV_in_Gabra1",4,"inhibitory",16,"male","M4",1,"0503_M4_C"
"2656144900639100150","20240328",1511.91809082031,10039.2134534492,6676.69083874601,"meninges_3",NA,NA,NA,"male","M1",2,"0328_M1_L"
"2795903600371100109","20240613",4431.72705078125,2075.37618703343,7876.95175533455,"Schwann_cell",NA,NA,NA,"male","M4",2,"0613_M4_L"
"2787889600093100312","20240503",1033.38549804688,8330.45980764227,6561.29392631658,"astrocyte_1",NA,NA,NA,"male","M5",1,"0503_M5_C"
"2787889600580100057","20240503",902.911071777344,3513.49373706098,10245.3275327281,"DH_ex_Prkcg/Nts",1,"excitatory",8,"male","M4",3,"0503_M4_S"
"2795584800446100151","20240610",2829.5556640625,4148.09881566741,7341.9638007668,"DH_ex_Prkcg/Rxfp1",1,"excitatory",6,"female","F4",4,"0610_F4_T"
"2946331700000002881","20240415",2796.32373046875,8444.99892789783,850.047060552635,"oligodendrocyte_progenitor_2",NA,NA,NA,"female","F2",1,"0415_F2_C"
"2795584800344100072","20240610",3603.85668945312,5871.4644694677,6384.45197499442,"oligodendrocyte_2",NA,NA,NA,"female","F4",2,"0610_F4_L"
"2787445900510100083","20240503",2787.84375,8198.65510572377,3803.59527687434,"astrocyte_2",NA,NA,NA,"female","F3",1,"0503_F3_C"
"2787889600195100026","20240503",2237.939453125,6589.57229002146,7161.73756962875,"DH_ex_Maf/Cck",1,"excitatory",10,"male","M5",4,"0503_M5_T"
"2795103300127100139","20240610",1336.87670898438,6596.3924378184,937.373054413765,"beta_motoneuron",NA,NA,22,"male","M4",2,"0610_M4_L"
"2796212800821100031","20240613",1394.34729003906,8559.08484114893,6917.16307015822,"alpha_motoneuron",NA,NA,22,"female","F4",1,"0613_F4_C"
"2656144900085100067","20240328",3030.986328125,7898.42323584108,797.502897286933,"astrocyte_1",NA,NA,NA,"male","M1",1,"0328_M1_C"
"2795103300331100139","20240610",3592.47534179688,4855.70714764588,2560.97404567816,"MV_in_Gabra1",4,"inhibitory",16,"male","M5",4,"0610_M5_T"
"2707604700317100157","20240415",1474.15905761719,3309.95917617393,8983.00431878812,"alpha_motoneuron",NA,NA,22,"male","M2",1,"0415_M2_C"
"2945606900000011838","20240328",1387.09057617188,1564.20592016686,6704.5704661372,"meninges_3",NA,NA,NA,"female","F1",1,"0328_F1_C"
"2946331700000009204","20240415",1703.33227539062,11072.4563076952,1807.83690644096,"peripheral_glia",NA,NA,NA,"female","F2",4,"0415_F2_T"
"2787889600023100297","20240503",1625.75305175781,8882.52269472904,5968.1104441502,"endothelial",NA,NA,NA,"male","M5",1,"0503_M5_C"
"2795584800161100119","20240610",3319.23950195312,4949.24481027565,5008.59080453851,"DH_in_Pdyn",1,"inhibitory",2,"female","F3",4,"0610_F3_T"
"2787445900462100125","20240503",3921.52099609375,5204.08730429085,3411.55643432352,"oligodendrocyte_progenitor_2",NA,NA,NA,"female","F4",4,"0503_F4_T"
"2707604800342100056","20240415",3962.73852539062,1737.83086119487,7489.85882004327,"oligodendrocyte_progenitor_2",NA,NA,NA,"male","M1",1,"0415_M1_C"
"2787445900262100029","20240503",1147.15588378906,891.007463626302,1887.01597738976,"astrocyte_1",NA,NA,NA,"female","F5",3,"0503_F5_S"
"2796212800914100233","20240613",3061.37329101562,7673.22959602252,7940.05233046535,"MV_in_Gabra1",4,"inhibitory",16,"female","F3",1,"0613_F3_C"
"2656144900113100059","20240328",5633.92041015625,8572.84107051219,1110.57989622655,"alpha_motoneuron",NA,NA,22,"male","M1",1,"0328_M1_C"
"2707737900062100140","20240415",1905.28576660156,11297.4100757679,9037.33343481715,"DH_ex_Grp",1,"excitatory",6,"female","F1",2,"0415_F1_L"
"2707737900112100126","20240415",3261.64038085938,10716.5125482233,10216.2674089748,"oligodendrocyte_1",NA,NA,NA,"female","F1",2,"0415_F1_L"
"2707604700082100045","20240415",1719.84606933594,4841.63331151038,6038.91136645875,"oligodendrocyte_progenitor_2",NA,NA,NA,"male","M2",2,"0415_M2_L"
"2796212800945100322","20240613",2016.29089355469,7585.8952213712,8301.69721419882,"astrocyte_1",NA,NA,NA,"female","F3",1,"0613_F3_C"
"2707604000071100243","20240415",1692.41223144531,7622.86281337033,8717.76514896985,"astrocyte_1",NA,NA,NA,"male","M3",2,"0415_M3_L"
"2796212800487100153","20240613",2057.41284179688,4675.16512955585,4247.08470284787,"oligodendrocyte_1",NA,NA,NA,"female","F3",2,"0613_F3_L"
"2795584800130100086","20240610",2726.35302734375,6438.24492794136,4687.31599482079,"oligodendrocyte_2",NA,NA,NA,"female","F3",2,"0610_F3_L"
"2946331700000002943","20240415",2337.12158203125,8541.60878925133,929.626140961656,"oligodendrocyte_progenitor_2",NA,NA,NA,"female","F2",1,"0415_F2_C"
"2795584800483100029","20240610",903.429260253906,4241.26264688131,7404.84532159146,"DH_ex_Prkcg/Nts",1,"excitatory",8,"female","F4",4,"0610_F4_T"
"2656143800164100061","20240328",3983.63696289062,5132.56265618326,4184.2502863573,"oligodendrocyte_progenitor_2",NA,NA,NA,"male","M3",4,"0328_M3_T"
"2787445900753100089","20240503",539.192260742188,3640.29875573533,5603.74457867644,"MV_in_Sema5b",4,"inhibitory",15,"female","F3",2,"0503_F3_L"
"2707604000154100091","20240415",4048.34521484375,5757.95284589409,10293.710994298,"DM_ex_Zfhx3",2,"excitatory",11,"male","M3",4,"0415_M3_T"
"2946331700000008417","20240415",4324.7041015625,9919.39632028254,1683.08386397624,"oligodendrocyte_precursor_cell",NA,NA,NA,"female","F2",4,"0415_F2_T"
"2795584800412100210","20240610",1876.01489257812,4729.76779493788,7014.73104163499,"MV_in_Gabra1",4,"inhibitory",16,"female","F4",4,"0610_F4_T"
"2796212800593100290","20240613",2825.63989257812,7516.88131235726,5171.92545015144,"MV_ex_Syt2",4,"excitatory",14,"female","F4",4,"0613_F4_T"
"2787445900788100079","20240503",1914.076171875,3239.00951794395,5906.71369247953,"endothelial",NA,NA,NA,"female","F3",2,"0503_F3_L"
"2787445900291100132","20240503",5858.2509765625,9080.80665060016,2124.21064123625,"microglia",NA,NA,NA,"female","F4",1,"0503_F4_C"
"2795103300119100183","20240610",2670.13159179688,4143.1040169312,919.538259166875,"MV_ex_Syt2",4,"excitatory",14,"male","M4",4,"0610_M4_T"
"2795103300445100103","20240610",2339.82348632812,7363.9816172049,3420.93228822028,"oligodendrocyte_progenitor_2",NA,NA,NA,"male","M5",2,"0610_M5_L"
"2787445900209100117","20240503",2314.61206054688,6811.3655225382,1454.2291246168,"endothelial",NA,NA,NA,"female","F5",1,"0503_F5_C"
"2656143800416100040","20240328",2191.2177734375,5452.08414103708,6859.81377923675,"DH_in_Klhl14",1,"inhibitory",10,"male","M3",2,"0328_M3_L"
"2656144900515100080","20240328",2629.17211914062,11843.9126099393,5305.6609166689,"astrocyte_1",NA,NA,NA,"male","M1",3,"0328_M1_S"
"2787445900365100121","20240503",1117.16198730469,9097.59760330094,2621.82033707094,"oligodendrocyte_progenitor_2",NA,NA,NA,"female","F4",1,"0503_F4_C"
"2707604700227100110","20240415",2645.71704101562,5108.3618301019,7845.65316498757,"Schwann_cell",NA,NA,NA,"male","M2",4,"0415_M2_T"
"2707604700226100041","20240415",2387.91821289062,4740.92139229787,7726.44166375755,"oligodendrocyte_progenitor_2",NA,NA,NA,"male","M2",4,"0415_M2_T"
"2787889600582100128","20240503",2226.6279296875,3986.68182253803,10349.3778773163,"astrocyte_1",NA,NA,NA,"male","M4",3,"0503_M4_S"
"2787445900823100112","20240503",3319.3466796875,2717.3462241026,6171.49202814911,"DH_ex_Reln/Nmur2",1,"excitatory",3,"female","F3",3,"0503_F3_S"
"2787445900463100156","20240503",3606.533203125,5452.68010220281,3535.56255678204,"oligodendrocyte_progenitor_2",NA,NA,NA,"female","F4",4,"0503_F4_T"
"2787889600484100030","20240503",4870.99658203125,6874.60155020969,9422.71634267687,"astrocyte_2",NA,NA,NA,"male","M4",4,"0503_M4_T"
"2946331700000002056","20240415",794.596496582031,9260.50821441226,552.700008630811,"alpha_motoneuron",NA,NA,22,"female","F2",1,"0415_F2_C"
"2796212800913100230","20240613",3195.10595703125,7515.20155981369,7957.78473861667,"oligodendrocyte_2",NA,NA,NA,"female","F3",1,"0613_F3_C"
"2787889600360100108","20240503",2427.71435546875,2189.64372979528,8656.65901991568,"DH_ex_Reln/Npff",1,"excitatory",1,"male","M5",3,"0503_M5_S"
"2707604800343100161","20240415",2166.767578125,2209.58721397445,7610.99139806954,"Schwann_cell",NA,NA,NA,"male","M1",1,"0415_M1_C"
"2707604800013100108","20240415",2092.58374023438,3877.16577509535,3147.76705314871,"MV_ex_Syt2",4,"excitatory",14,"male","M1",3,"0415_M1_S"
"2656144900378100026","20240328",2638.87524414062,9930.21293793264,3852.92010510797,"oligodendrocyte_2",NA,NA,NA,"male","M1",4,"0328_M1_T"
"2946331700000004973","20240415",2964.85571289062,9003.11225253419,1142.69855369802,"MV_in_Gabra1",4,"inhibitory",16,"female","F2",1,"0415_F2_C"
"2707604700364100154","20240415",2804.03271484375,3054.92640712156,9493.70268934825,"MV_in_Gm26673",4,"inhibitory",19,"male","M2",1,"0415_M2_C"
"2795584800238100221","20240610",1466.4443359375,6309.12625818508,5601.51259130723,"DH_ex_Nmu/Tac2",1,"excitatory",8,"female","F3",2,"0610_F3_L"
"2796212800822100098","20240613",1779.39135742188,8764.72854629532,7001.37655924936,"oligodendrocyte_progenitor_2",NA,NA,NA,"female","F4",1,"0613_F4_C"
"2787889600478100141","20240503",2677.76904296875,5111.7366068759,9536.83369512028,"oligodendrocyte_1",NA,NA,NA,"male","M4",2,"0503_M4_L"
"2707604000055100092","20240415",1367.65307617188,7410.15105455875,8296.09435287303,"astrocyte_1",NA,NA,NA,"male","M3",2,"0415_M3_L"
"2795903600515200029","20240613",3016.8505859375,6064.75634289181,9113.22170923722,"endothelial",NA,NA,NA,"male","M5",1,"0613_M5_C"
"2656143800103100093","20240328",778.380676269531,2001.56258860427,3567.05368466023,"astrocyte_1",NA,NA,NA,"male","M3",1,"0328_M3_C"
"2787445900545100165","20240503",2592.34423828125,7692.65686128591,3955.23231319454,"DH_ex_Sox5/Tac1",1,"excitatory",5,"female","F3",1,"0503_F3_C"
"2707604700362100146","20240415",4718.8154296875,2638.23288355474,9564.0866412663,"microglia",NA,NA,NA,"male","M2",1,"0415_M2_C"
"2946331700000017356","20240415",1061.8994140625,10599.7758904594,3138.81002170488,"oligodendrocyte_precursor_cell",NA,NA,NA,"female","F2",2,"0415_F2_L"
"2795584800127100128","20240610",3738.13037109375,5354.2378419023,4818.28955222573,"oligodendrocyte_2",NA,NA,NA,"female","F3",4,"0610_F3_T"
"2787889600419100030","20240503",3774.28198242188,8709.84853567113,8832.4697489087,"astrocyte_2",NA,NA,NA,"male","M4",1,"0503_M4_C"
"2707604800425100153","20240415",3087.3974609375,1482.31318039325,8714.04096604325,"DH_in_Npy",1,"inhibitory",4,"male","M1",1,"0415_M1_C"
"2787445900395100107","20240503",4975.8876953125,7197.21015029191,2805.89948412354,"MV_in_Gm26673",4,"inhibitory",19,"female","F4",1,"0503_F4_C"
"2795903600379100095","20240613",2329.83447265625,4257.21407528178,7758.45459038649,"alpha_motoneuron",NA,NA,22,"male","M5",4,"0613_M5_T"
"2707604700108100253","20240415",3069.15185546875,5227.31280623772,6546.32615876861,"oligodendrocyte_progenitor_2",NA,NA,NA,"male","M2",2,"0415_M2_L"
"2795103300160100024","20240610",2677.04565429688,5917.49054584472,1015.94854658336,"oligodendrocyte_1",NA,NA,NA,"male","M4",2,"0610_M4_L"
"2796212800823100060","20240613",4105.68798828125,9262.09370623529,6943.23482655542,"M_in_Tfap2b",3,"inhibitory",12,"female","F4",1,"0613_F4_C"
"2726562800059100205","20240422",3039.681640625,4839.69630827227,2843.57595700651,"DH_ex_Gpr83",1,"excitatory",2,"male","M2",1,"0422_M2_C"
"2796212800855100139","20240613",3349.6982421875,9019.91272542998,7287.66615866777,"MV_in_Gabra1",4,"inhibitory",16,"female","F4",1,"0613_F4_C"
"2656144900112100212","20240328",1317.49694824219,8298.70576555569,1229.78914610154,"MV_in_Sema5b",4,"inhibitory",15,"male","M1",1,"0328_M1_C"
"2787445900173100041","20240503",2455.74658203125,6978.46102484863,1075.96659214131,"oligodendrocyte_2",NA,NA,NA,"female","F5",1,"0503_F5_C"
"2707604800143100254","20240415",1234.65905761719,4989.54217832291,4838.55611723382,"astrocyte_1",NA,NA,NA,"male","M1",2,"0415_M1_L"
"2796212800780100164","20240613",2009.25915527344,6125.55583548453,6758.15487511927,"DH_ex_Tac2",1,"excitatory",8,"female","F3",4,"0613_F3_T"
"2787445900725100117","20240503",2632.38940429688,6249.74944089702,5378.08108024804,"DH_in_Pdyn",1,"inhibitory",2,"female","F3",4,"0503_F3_T"
"2946331700000020105","20240415",2828.046875,10953.3828483493,3670.75932519644,"DH_in_Cdh3",1,"inhibitory",10,"female","F2",2,"0415_F2_L"
"2787889600618100047","20240503",2375.58862304688,3902.16070629942,10544.8289906757,"MV_in_Esrrb",4,"inhibitory",14,"male","M4",3,"0503_M4_S"
"2656144900352100082","20240328",2376.32788085938,9942.39679706353,3601.46886427258,"alpha_motoneuron",NA,NA,22,"male","M1",4,"0328_M1_T"
"2787889600094100279","20240503",2130.64965820312,8497.19511221978,6530.53393250096,"M_ex_Vsx2",3,"excitatory",20,"male","M5",1,"0503_M5_C"
"2707737900007100256","20240415",1739.5556640625,10205.0589943873,8039.75590323727,"DH_ex_Tac2",1,"excitatory",8,"female","F1",3,"0415_F1_S"
"2656144900530100243","20240328",3612.78881835938,8684.61361665305,5784.25869344101,"MV_in_Gm26673",4,"inhibitory",19,"male","M2",2,"0328_M2_L"
"2795584800713100062","20240610",1910.33154296875,8301.75069451705,9220.95699003304,"DH_ex_Gpr83",1,"excitatory",2,"female","F5",3,"0610_F5_S"
"2787445900254100097","20240503",1983.66345214844,9025.7158974671,1730.52231451467,"oligodendrocyte_2",NA,NA,NA,"female","F4",1,"0503_F4_C"
"2787889600315100058","20240503",4193.86474609375,9866.38267649477,8060.4239654858,"oligodendrocyte_progenitor_2",NA,NA,NA,"male","M4",1,"0503_M4_C"
"2707604000071100197","20240415",4091.10864257812,7771.45210003259,8673.01009031624,"oligodendrocyte_2",NA,NA,NA,"male","M3",2,"0415_M3_L"
"2795584800385100115","20240610",7286.06005859375,7252.64017140836,6639.68048981373,"alpha_motoneuron",NA,NA,22,"female","F4",2,"0610_F4_L"
"2707737900102100026","20240415",2369.67211914062,11355.4753239109,9761.47718417994,"DH_in_Cdh3",1,"inhibitory",10,"female","F1",2,"0415_F1_L"
"2796212800553100213","20240613",2722.1298828125,5200.35105810687,4853.63990716974,"oligodendrocyte_progenitor_2",NA,NA,NA,"female","F3",2,"0613_F3_L"
"2795903600348100067","20240613",3073.5126953125,2771.09415159169,7444.58971766409,"oligodendrocyte_1",NA,NA,NA,"male","M4",2,"0613_M4_L"
"2656144900555100112","20240328",601.502136230469,8391.46919886098,5904.86735624931,"oligodendrocyte_2",NA,NA,NA,"male","M2",2,"0328_M2_L"
"2707604700273100091","20240415",2674.2646484375,4563.11563002478,8408.10227236926,"meninges_1",NA,NA,NA,"male","M2",4,"0415_M2_T"
"2795584800454100256","20240610",1212.76928710938,6253.29995837872,7393.70583197281,"DH_ex_Grpr",1,"excitatory",2,"female","F4",2,"0610_F4_L"
"2795584800174100034","20240610",6194.9736328125,8459.80883046804,4889.52230131105,"oligodendrocyte_progenitor_2",NA,NA,NA,"female","F3",3,"0610_F3_S"
"2787445900324100156","20240503",1369.666015625,7895.92966544197,2278.13317730548,"MV_in_Gabra1",4,"inhibitory",16,"female","F4",1,"0503_F4_C"
"2787445900267100193","20240503",2319.2138671875,2287.5514977861,2066.09737588986,"MV_in_Sema5b",4,"inhibitory",15,"female","F5",2,"0503_F5_L"
"2796212800684100065","20240613",1211.39624023438,6054.335922339,5987.8549493078,"meninges_2",NA,NA,NA,"female","F3",4,"0613_F3_T"
"2787889600584100100","20240503",2724.220703125,4533.38280874043,10302.1025890263,"endothelial",NA,NA,NA,"male","M4",3,"0503_M4_S"
"2707604700084100145","20240415",2857.43432617188,5339.89497908644,6120.72725932649,"microglia",NA,NA,NA,"male","M2",2,"0415_M2_L"
"2707604800383100252","20240415",3695.8056640625,1505.41998959647,8263.08398373669,"oligodendrocyte_1",NA,NA,NA,"male","M1",1,"0415_M1_C"
"2795584800381100201","20240610",2482.89477539062,6062.94723058899,6767.3033890544,"oligodendrocyte_precursor_cell",NA,NA,NA,"female","F4",2,"0610_F4_L"
"2726543700142100084","20240422",2398.7119140625,4477.17626878066,4784.33698188921,"astrocyte_1",NA,NA,NA,"male","M3",4,"0422_M3_T"
"2787445900428100033","20240503",4880.3740234375,5842.18476233224,3041.78345325246,"oligodendrocyte_progenitor_2",NA,NA,NA,"female","F4",4,"0503_F4_T"
"2787445900692100045","20240503",2300.28344726562,7328.29275665246,5007.42512010287,"oligodendrocyte_2",NA,NA,NA,"female","F3",1,"0503_F3_C"
"2795584800584200041","20240610",4450.13916015625,2440.38674658573,8344.82795567598,"astrocyte_1",NA,NA,NA,"female","F5",1,"0610_F5_C"
"2656144900582100256","20240328",2499.08862304688,8868.85188129182,6349.33814039466,"oligodendrocyte_1",NA,NA,NA,"male","M2",2,"0328_M2_L"
"2707604700341100104","20240415",4170.88916015625,3382.04039898415,9168.76154514129,"MV_in_Gm26673",4,"inhibitory",19,"male","M2",1,"0415_M2_C"
"2707604700083100181","20240415",1056.12280273438,4903.45228227577,6138.30562838481,"oligodendrocyte_progenitor_2",NA,NA,NA,"male","M2",2,"0415_M2_L"
"2946331700000002928","20240415",1726.17297363281,8309.54886568594,907.998798721994,"oligodendrocyte_1",NA,NA,NA,"female","F2",1,"0415_F2_C"
"2796212800946100233","20240613",3248.12744140625,7640.02205768414,8232.32697446633,"M_in_Tfap2b",3,"inhibitory",12,"female","F3",1,"0613_F3_C"
"2795903600031100202","20240613",4762.6044921875,1588.47265190083,4290.77157332143,"endothelial",NA,NA,NA,"male","M5",3,"0613_M5_S"
"2795584800711100162","20240610",4016.109375,7622.63684260391,9253.65089007507,"endothelial",NA,NA,NA,"female","F5",2,"0610_F5_L"
"2707604700389100195","20240415",1997.69470214844,3401.28861826829,9830.0079968452,"DH_ex_Gpr83",1,"excitatory",2,"male","M2",1,"0415_M2_C"
"2796212800888100157","20240613",3300.25317382812,9546.40670811757,7593.15031272313,"MV_ex_Syt2",4,"excitatory",14,"female","F4",1,"0613_F4_C"
"2795584800345100081","20240610",3052.68286132812,5929.48390226602,6369.19829602467,"oligodendrocyte_precursor_cell",NA,NA,NA,"female","F4",2,"0610_F4_L"
"2787445900360100061","20240503",3383.84765625,7548.06710987259,2497.47880822083,"oligodendrocyte_progenitor_2",NA,NA,NA,"female","F4",1,"0503_F4_C"
"2796212800398100084","20240613",3033.8935546875,6761.34908359963,3347.969075626,"DH_ex_Gpr83",1,"excitatory",2,"female","F4",2,"0613_F4_L"
"2787445900285100271","20240503",779.01806640625,7322.95110442175,2104.39218316716,"MV_ex_Syt2",4,"excitatory",14,"female","F4",1,"0503_F4_C"
"2707604800425100142","20240415",4182.4892578125,1533.1084884014,8698.87124420411,"DH_ex_Reln/Npff",1,"excitatory",1,"male","M1",1,"0415_M1_C"
"2656143800467100019","20240328",3302.54833984375,5763.12916827272,7405.56618251717,"oligodendrocyte_2",NA,NA,NA,"male","M3",2,"0328_M3_L"
"2656144300211100188","20240328",2172.17163085938,8968.81929879029,12759.4343766186,"oligodendrocyte_1",NA,NA,NA,"female","F2",2,"0328_F2_L"
"2796212800880100173","20240613",1510.66235351562,7292.50836635008,7680.25327430497,"oligodendrocyte_1",NA,NA,NA,"female","F3",1,"0613_F3_C"
"2796212800920100164","20240613",1760.69860839844,9546.79741005413,7923.53424736141,"oligodendrocyte_progenitor_2",NA,NA,NA,"female","F4",1,"0613_F4_C"
"2796212800882100065","20240613",2015.57348632812,7735.02375850268,7504.78346180625,"DH_in_Cdh3",1,"inhibitory",10,"female","F3",1,"0613_F3_C"
"2656143800419100055","20240328",2498.11010742188,6300.35017158964,6880.53090600773,"endothelial",NA,NA,NA,"male","M3",2,"0328_M3_L"
"2787445900760200114","20240503",4605.064453125,5754.59705955908,5708.60184761278,"oligodendrocyte_precursor_cell",NA,NA,NA,"female","F3",4,"0503_F3_T"
"2795584800086100122","20240610",1626.04614257812,4084.08942230389,4468.80543382632,"DH_ex_Nmu/Tac2",1,"excitatory",8,"female","F3",4,"0610_F3_T"
"2787445900327100067","20240503",4386.95849609375,8717.35324379371,2239.35217574873,"microglia",NA,NA,NA,"female","F4",1,"0503_F4_C"
"2946331700000017324","20240415",1859.98852539062,10666.3559942297,3074.97743954303,"MV_in_Gm26673",4,"inhibitory",19,"female","F2",2,"0415_F2_L"
"2795584800419100162","20240610",3371.39379882812,6453.66077752603,6940.96301655828,"MV_ex_Syt2",4,"excitatory",14,"female","F4",2,"0610_F4_L"
"2796212800822100056","20240613",1508.36560058594,8802.32257766835,6940.96616245242,"MV_ex_Shox2",4,"excitatory",18,"female","F4",1,"0613_F4_C"
"2787889600361100107","20240503",2676.12084960938,2490.688981258,8633.47325019233,"astrocyte_1",NA,NA,NA,"male","M5",3,"0503_M5_S"
"2726543700194100044","20240422",1762.89819335938,1142.23660974221,5273.62558968447,"DH_ex_Maf/Cck",1,"excitatory",10,"male","M3",1,"0422_M3_C"
"2707604800141100233","20240415",2975.63720703125,4369.1577635532,4872.45202329103,"pericyte",NA,NA,NA,"male","M1",2,"0415_M1_L"
"2707737900133100157","20240415",2656.79956054688,9231.94965279216,10792.039102789,"oligodendrocyte_progenitor_2",NA,NA,NA,"female","F1",4,"0415_F1_T"
"2795903600437100058","20240613",1272.98999023438,6067.4681280785,8292.3199620753,"astrocyte_1",NA,NA,NA,"male","M5",1,"0613_M5_C"
"2787445900163100132","20240503",1829.033203125,4182.14579810353,1136.79017311311,"oligodendrocyte_progenitor_2",NA,NA,NA,"female","F5",4,"0503_F5_T"
"2946331700000000665","20240415",2698.12866210938,8184.65353088206,409.301175455505,"astrocyte_1",NA,NA,NA,"female","F2",1,"0415_F2_C"
"2707604700059100078","20240415",4050.79711914062,4923.15375508307,5793.01009261294,"oligodendrocyte_2",NA,NA,NA,"male","M2",2,"0415_M2_L"
"2726562700098100082","20240422",3125.1044921875,12773.2670902896,8992.04636446387,"M_ex_Vsx2/Shox2",3,"excitatory",20,"female","F2",1,"0422_F2_C"
"2787445900898100111","20240503",6217.63818359375,3015.83528774494,6841.10092469952,"astrocyte_2",NA,NA,NA,"female","F3",3,"0503_F3_S"
"2795903600463100194","20240613",3545.31762695312,6072.92088553743,8751.38711442992,"oligodendrocyte_1",NA,NA,NA,"male","M5",1,"0613_M5_C"
"2787445900050100134","20240503",2095.25219726562,3742.49179799971,293.161421490746,"endothelial",NA,NA,NA,"female","F5",4,"0503_F5_T"
"2795584800166100035","20240610",4744.23046875,6256.40785154357,4903.08252029831,"astrocyte_1",NA,NA,NA,"female","F3",2,"0610_F3_L"
"2656144300169100083","20240328",3200.97143554688,10323.1477729397,12257.0227448833,"oligodendrocyte_2",NA,NA,NA,"female","F2",4,"0328_F2_T"
"2795903600563100188","20240613",1941.81677246094,4908.23201833013,9843.37500746081,"DH_ex_Sox5",1,"excitatory",5,"male","M4",1,"0613_M4_C"
"2707604800144100017","20240415",1761.56420898438,5256.4280858679,4621.1395132239,"astrocyte_2",NA,NA,NA,"male","M1",2,"0415_M1_L"
"2787445900328100064","20240503",2645.64770507812,8988.04478025413,2215.78141908554,"oligodendrocyte_progenitor_2",NA,NA,NA,"female","F4",1,"0503_F4_C"
"2796212800625100214","20240613",1943.17028808594,7592.44572472386,5410.67254568014,"astrocyte_1",NA,NA,NA,"female","F4",4,"0613_F4_T"
"2707604000138100068","20240415",2837.85473632812,5321.09887677414,9946.71024456251,"DH_ex_Gpr83",1,"excitatory",2,"male","M3",4,"0415_M3_T"
"2787445900172100084","20240503",2764.02880859375,6832.86513398343,1178.51202177769,"oligodendrocyte_1",NA,NA,NA,"female","F5",1,"0503_F5_C"
"2946331700000018324","20240415",1970.45104980469,10496.9602806965,3471.54175406485,"DH_ex_Rreb1",1,"excitatory",10,"female","F2",2,"0415_F2_L"
"2945606900000006421","20240328",1931.53430175781,1234.81159980984,5967.85212894878,"MV_in_Gabra1",4,"inhibitory",16,"female","F1",1,"0328_F1_C"
"2787889600379100080","20240503",2537.89184570312,7628.31570287794,8712.91409120808,"DH_ex_Nmu/Tac2",1,"excitatory",8,"male","M4",4,"0503_M4_T"
"2787445900823100092","20240503",564.900268554688,2682.05714512069,6149.19354428976,"DH_ex_Sox5/Tac1",1,"excitatory",5,"female","F3",3,"0503_F3_S"
"2796212800553200125","20240613",2616.50317382812,5208.32031447813,4845.91540704912,"oligodendrocyte_progenitor_2",NA,NA,NA,"female","F3",2,"0613_F3_L"
"2946331700000010728","20240415",3997.18359375,9815.71589524276,2105.77743110817,"endothelial",NA,NA,NA,"female","F2",4,"0415_F2_T"
"2946331700000017318","20240415",3452.09912109375,10698.9719814749,3067.8679922577,"MV_ex_Syt2",4,"excitatory",14,"female","F2",2,"0415_F2_L"
"2795903600346100205","20240613",3932.8525390625,2287.12435418436,7639.17272148053,"oligodendrocyte_2",NA,NA,NA,"male","M4",2,"0613_M4_L"
"2707737900047100008","20240415",1691.38977050781,10505.2749922828,8612.56130771828,"astrocyte_2",NA,NA,NA,"female","F1",2,"0415_F1_L"
"2795584800416100142","20240610",5131.74365234375,5761.3670224495,7036.16108806139,"astrocyte_2",NA,NA,NA,"female","F4",2,"0610_F4_L"
"2656144900609100183","20240328",3431.376953125,8953.48075586172,6586.52489158601,"DH_in_Cdh3",1,"inhibitory",10,"male","M2",2,"0328_M2_L"
"2787889600378100091","20240503",2093.59008789062,7241.51064637117,8741.98454269127,"oligodendrocyte_2",NA,NA,NA,"male","M4",4,"0503_M4_T"
"2787889600444100248","20240503",3183.16064453125,5678.57777987537,9325.45770018092,"astrocyte_1",NA,NA,NA,"male","M4",2,"0503_M4_L"
"2656144900516100033","20240328",2589.001953125,12227.328030671,5246.45670945445,"peripheral_glia",NA,NA,NA,"male","M1",3,"0328_M1_S"
"2656144900635100073","20240328",3290.54467773438,9013.96092874039,6693.10712164461,"oligodendrocyte_progenitor_2",NA,NA,NA,"male","M2",2,"0328_M2_L"
"2795903600159100064","20240613",3185.34790039062,803.444873801742,5516.73095672467,"DH_ex_Cpne4",1,"excitatory",3,"male","M4",3,"0613_M4_S"
"2795903600590100039","20240613",2440.23950195312,5124.17985858826,9967.3719674184,"meninges_1",NA,NA,NA,"male","M4",1,"0613_M4_C"
"2787889600282100136","20240503",2646.87158203125,10666.9312774101,7926.78327528341,"oligodendrocyte_precursor_cell",NA,NA,NA,"male","M4",1,"0503_M4_C"
"2707604800014100021","20240415",2483.04077148438,4064.01573440153,2946.30342356395,"DH_ex_Nmu/Tac2",1,"excitatory",8,"male","M1",3,"0415_M1_S"
"2787445900195100061","20240503",1448.37683105469,2872.15962079691,1514.56602801464,"astrocyte_1",NA,NA,NA,"female","F5",2,"0503_F5_L"
"2707604800079100073","20240415",2777.2646484375,4565.88876448374,3871.49326527538,"microglia",NA,NA,NA,"male","M1",2,"0415_M1_L"
"2787889600584100162","20240503",3789.29125976562,4476.33561698033,10421.9391404096,"oligodendrocyte_progenitor_2",NA,NA,NA,"male","M4",3,"0503_M4_S"
"2707604800143100301","20240415",856.458618164062,4953.15512205777,4875.16137594124,"DH_in_Cdh3",1,"inhibitory",10,"male","M1",2,"0415_M1_L"
"2795903600322100204","20240613",1731.18298339844,2910.0941614676,7288.03120601561,"MV_in_Sema5b",4,"inhibitory",15,"male","M4",2,"0613_M4_L"
"2787889600487100038","20240503",6039.85986328125,7706.30800926895,9455.44086565248,"MV_in_Esrrb",4,"inhibitory",14,"male","M4",4,"0503_M4_T"
"2787889600449100032","20240503",4196.052734375,7010.49369860475,9129.36301223043,"endothelial",NA,NA,NA,"male","M4",4,"0503_M4_T"
"2946331700000020192","20240415",4141.97607421875,10949.8033093091,3823.6566655122,"astrocyte_1",NA,NA,NA,"female","F2",2,"0415_F2_L"
"2656143800416100121","20240328",1589.05017089844,5515.10846258915,6918.69657881946,"DH_in_Cdh3",1,"inhibitory",10,"male","M3",2,"0328_M3_L"
"2656144900530100071","20240328",3083.6474609375,8765.95615302995,5581.23509541732,"MV_in_Esrrb",4,"inhibitory",14,"male","M2",2,"0328_M2_L"
"2787889600409100136","20240503",2872.88427734375,5865.8963657018,8912.09324806172,"oligodendrocyte_2",NA,NA,NA,"male","M4",2,"0503_M4_L"
"2796212800980100212","20240613",963.788146972656,8231.00790669955,8469.87746888594,"oligodendrocyte_progenitor_2",NA,NA,NA,"female","F3",1,"0613_F3_C"
"2787445900807100022","20240503",2155.75708007812,8575.70247867401,5819.26396693729,"oligodendrocyte_precursor_cell",NA,NA,NA,"male","M5",1,"0503_M5_C"
"2656144900642100151","20240328",2126.85180664062,10896.0062774573,6859.60688585474,"oligodendrocyte_progenitor_2",NA,NA,NA,"male","M1",2,"0328_M1_L"
"2787445900230100154","20240503",3004.83447265625,2450.83872532606,1805.31165701066,"M_in_Tfap2b",3,"inhibitory",12,"female","F5",2,"0503_F5_L"
"2656144900557100072","20240328",1421.53576660156,9080.99394665388,5839.85986435894,"endothelial",NA,NA,NA,"male","M2",2,"0328_M2_L"
"2945606900000011723","20240328",1861.10864257812,1224.74779399732,6617.54180789125,"DH_ex_Reln/Npff",1,"excitatory",1,"female","F1",1,"0328_F1_C"
"2787889600485100085","20240503",3177.07080078125,7132.12201753305,9492.01574946205,"gamma_motoneuron",NA,NA,22,"male","M4",4,"0503_M4_T"
"2656144900237100124","20240328",2371.23510742188,6744.71455048861,2543.58548990879,"astrocyte_1",NA,NA,NA,"male","M2",1,"0328_M2_C"
"2707604700108100260","20240415",3302.0517578125,5307.81246046818,6549.10365292523,"DH_ex_Maf/Cck",1,"excitatory",10,"male","M2",2,"0415_M2_L"
"2787889600449100056","20240503",2665.70190429688,7108.00284551329,9140.58640058158,"MV_ex_Syt2",4,"excitatory",14,"male","M4",4,"0503_M4_T"
"2707604800102100133","20240415",1684.46801757812,5288.24026246672,4172.47408715729,"oligodendrocyte_precursor_cell",NA,NA,NA,"male","M1",2,"0415_M1_L"
"2656144900210100051","20240328",2874.93334960938,6590.23851300054,2213.0926101846,"endothelial",NA,NA,NA,"male","M2",1,"0328_M2_C"
"2795584800418100082","20240610",6820.53271484375,6287.39874430926,6918.59321337154,"MV_ex_Syt2",4,"excitatory",14,"female","F4",2,"0610_F4_L"
"2787889600094100056","20240503",914.220764160156,8555.52046673512,6329.40496818794,"oligodendrocyte_1",NA,NA,NA,"male","M5",1,"0503_M5_C"
"2787445900353100117","20240503",546.181518554688,5584.35875690449,2669.00776337599,"endothelial",NA,NA,NA,"female","F4",4,"0503_F4_T"
"2946331700000003302","20240415",1628.462890625,8841.25762657204,811.455634959741,"endothelial",NA,NA,NA,"female","F2",1,"0415_F2_C"
"2656144900323100254","20240328",822.503784179688,9126.58317200422,3549.94587915877,"astrocyte_1",NA,NA,NA,"male","M1",4,"0328_M1_T"
"2656144900323100224","20240328",934.617431640625,9120.13536775249,3522.48508224924,"DH_in_Cdh3",1,"inhibitory",10,"male","M1",4,"0328_M1_T"
"2707604800423100115","20240415",2878.56518554688,1060.12486303653,8669.65459624422,"oligodendrocyte_progenitor_2",NA,NA,NA,"male","M1",1,"0415_M1_C"
"2795584800137100109","20240610",2902.75952148438,8160.97410885931,4681.32161415834,"DM_ex_Zfhx3",2,"excitatory",11,"female","F3",3,"0610_F3_S"
"2787445900131100144","20240503",3321.47216796875,5767.21567387192,855.796944082365,"DH_ex_Maf/Cck",1,"excitatory",10,"female","F5",1,"0503_F5_C"
"2787445900389100202","20240503",4557.03369140625,5543.32316847669,2930.60445044696,"endothelial",NA,NA,NA,"female","F4",4,"0503_F4_T"
"2796212800882100352","20240613",516.007202148438,7649.58335800096,7715.94238469412,"DH_ex_Rreb1",1,"excitatory",10,"female","F3",1,"0613_F3_C"
"2787889600059100160","20240503",3271.13256835938,8803.43232966308,6230.00004714169,"endothelial",NA,NA,NA,"male","M5",1,"0503_M5_C"
"2795584800389100090","20240610",3668.17041015625,8199.77995999064,6619.47707504766,"oligodendrocyte_precursor_cell",NA,NA,NA,"female","F4",3,"0610_F4_S"
"2787445900265100130","20240503",3617.7333984375,1799.05878673072,1948.44319320752,"endothelial",NA,NA,NA,"female","F5",2,"0503_F5_L"
"2707604700130100181","20240415",4555.88134765625,4724.75432308733,6827.19383732718,"oligodendrocyte_2",NA,NA,NA,"male","M2",2,"0415_M2_L"
"2796212800627100117","20240613",809.519714355469,8055.86499940045,5277.07357681362,"DH_ex_Maf/Cck",1,"excitatory",10,"female","F4",4,"0613_F4_T"
"2795103300332100203","20240610",2422.24755859375,5137.59327940474,2664.47812057092,"M_in_Tfap2b",3,"inhibitory",12,"male","M5",4,"0610_M5_T"
"2795584800202100076","20240610",2318.78540039062,6204.346721493,5213.94036524883,"astrocyte_1",NA,NA,NA,"female","F3",2,"0610_F3_L"
"2787445900325100206","20240503",3312.58862304688,8331.1299283026,2338.92679401752,"DM_ex_Zfhx3",2,"excitatory",11,"female","F4",1,"0503_F4_C"
"2795584800226100153","20240610",2438.6376953125,2935.61164327557,5564.14599181368,"oligodendrocyte_progenitor_2",NA,NA,NA,"female","F3",1,"0610_F3_C"
"2787445900548100210","20240503",1803.01818847656,8581.78734407388,4038.99933455247,"oligodendrocyte_progenitor_2",NA,NA,NA,"female","F3",1,"0503_F3_C"
"2787445900210100028","20240503",2600.662109375,7105.68717381195,1351.35312153396,"oligodendrocyte_2",NA,NA,NA,"female","F5",1,"0503_F5_C"
"2726562700215100205","20240422",3021.13818359375,10095.7556981445,10757.6251649316,"DM_ex_Zfhx3",2,"excitatory",11,"female","F2",2,"0422_F2_L"
"2787445900797200064","20240503",2876.16186523438,5779.33183421125,5887.90894465016,"endothelial",NA,NA,NA,"female","F3",4,"0503_F3_T"
"2707604700410100019","20240415",2989.42309570312,2582.51922085244,9934.23515746978,"oligodendrocyte_progenitor_2",NA,NA,NA,"male","M2",1,"0415_M2_C"
"2707604800079100127","20240415",2780.94311523438,4635.81981629925,3987.16292130016,"oligodendrocyte_precursor_cell",NA,NA,NA,"male","M1",2,"0415_M1_L"
"2945606900000014558","20240328",1808.80297851562,2643.55611063668,7126.21104345753,"DH_ex_Prkcg/Nts",1,"excitatory",8,"female","F1",4,"0328_F1_T"
"2707604800012100008","20240415",2468.44360351562,3610.21630815347,3138.44370465586,"astrocyte_2",NA,NA,NA,"male","M1",3,"0415_M1_S"
"2787445900285100229","20240503",6088.51611328125,7342.25124822801,2055.8495990494,"MV_ex_Syt2",4,"excitatory",14,"female","F4",1,"0503_F4_C"
"2796212800882100229","20240613",486.436492919922,7611.64221320674,7629.71620908682,"DH_in_Pdyn",1,"inhibitory",2,"female","F3",1,"0613_F3_C"
"2707737900100100158","20240415",4239.21484375,10897.1854797199,9906.95963838068,"astrocyte_1",NA,NA,NA,"female","F1",2,"0415_F1_L"
"2787445900587100066","20240503",867.281311035156,9140.86652575072,4219.58861193119,"oligodendrocyte_2",NA,NA,NA,"female","F3",1,"0503_F3_C"
"2787889600231100319","20240503",2714.033203125,6453.00404952513,7686.49822231947,"oligodendrocyte_2",NA,NA,NA,"male","M5",4,"0503_M5_T"
"2796212800945100102","20240613",1918.01708984375,7494.84997567348,8112.8817467037,"endothelial",NA,NA,NA,"female","F3",1,"0613_F3_C"
"2787445900686100188","20240503",2507.70043945312,5671.40767631144,5161.46437179684,"DH_in_Cdh3",1,"inhibitory",10,"female","F3",4,"0503_F3_T"
"2656144300086100193","20240328",2145.94995117188,12592.9149968969,11235.2116431364,"oligodendrocyte_progenitor_2",NA,NA,NA,"female","F2",1,"0328_F2_C"
"2795584800450100146","20240610",2962.3134765625,5165.70317734347,7271.98665889283,"DH_ex_Grp",1,"excitatory",6,"female","F4",4,"0610_F4_T"
"2795584800168100157","20240610",3111.61303710938,6967.56122373766,5066.74897164977,"astrocyte_1",NA,NA,NA,"female","F3",2,"0610_F3_L"
"2796212800430100230","20240613",2059.13110351562,6531.78325702343,3753.28135156992,"DH_ex_Maf/Cck",1,"excitatory",10,"female","F4",2,"0613_F4_L"
"2707604700156100056","20240415",2651.85595703125,5193.46298644517,6886.99711607955,"Schwann_cell",NA,NA,NA,"male","M2",2,"0415_M2_L"
"2787445900583100201","20240503",3174.58203125,7940.28539091046,4336.58551407669,"astrocyte_1",NA,NA,NA,"female","F3",1,"0503_F3_C"
"2656144900110100189","20240328",1763.13830566406,7662.96037321718,1243.39033089011,"DH_in_Pdyn",1,"inhibitory",2,"male","M1",1,"0328_M1_C"
"2787445900402100022","20240503",4323.994140625,8977.03451125848,2725.35652045769,"oligodendrocyte_2",NA,NA,NA,"female","F4",1,"0503_F4_C"
"2726543700538100148","20240422",2887.02197265625,7654.32314557891,8176.23191032566,"oligodendrocyte_progenitor_2",NA,NA,NA,"male","M3",3,"0422_M3_S"
"2656143800468100203","20240328",1839.96032714844,6082.73908666632,7550.09808716745,"astrocyte_2",NA,NA,NA,"male","M3",2,"0328_M3_L"
"2726544600431100105","20240422",3100.50805664062,4255.09217997926,10986.420907971,"MV_in_Gabra1",4,"inhibitory",16,"female","F1",2,"0422_F1_L"
"2787445900053100072","20240503",1474.81372070312,4554.51345267298,375.310856115742,"oligodendrocyte_precursor_cell",NA,NA,NA,"female","F5",4,"0503_F5_T"
"2656144900558100063","20240328",3705.41162109375,9309.57859932769,5852.57680338706,"DM_ex_Zfhx3",2,"excitatory",11,"male","M2",2,"0328_M2_L"
"2787889600094100035","20240503",3432.41943359375,8428.64563764166,6315.91807292972,"MV_in_Gabra1",4,"inhibitory",16,"male","M5",1,"0503_M5_C"
"2787445900724100037","20240503",875.49560546875,5884.754805787,5262.05970807577,"DH_in_Pdyn",1,"inhibitory",2,"female","F3",4,"0503_F3_T"
"2787445900625100146","20240503",2431.65307617188,9280.8812366944,4650.78470081666,"oligodendrocyte_2",NA,NA,NA,"female","F3",1,"0503_F3_C"
"2787445900250100130","20240503",3504.2421875,7936.19556334661,1762.79817193482,"oligodendrocyte_progenitor_2",NA,NA,NA,"female","F4",1,"0503_F4_C"
"2795103300230100016","20240610",2764.7939453125,5933.67807890225,1571.3771603186,"oligodendrocyte_progenitor_2",NA,NA,NA,"male","M4",2,"0610_M4_L"
"2796212800264100110","20240613",1992.35827636719,4980.03024932742,2209.01876182936,"endothelial",NA,NA,NA,"female","F4",3,"0613_F4_S"
"2795903600453100052","20240613",1764.81127929688,3286.60865404944,8557.56065862424,"astrocyte_1",NA,NA,NA,"male","M4",4,"0613_M4_T"
"2707604800034100030","20240415",2256.53564453125,3814.46373160754,3216.6015567719,"oligodendrocyte_progenitor_2",NA,NA,NA,"male","M1",3,"0415_M1_S"
"2787445900624100141","20240503",2819.763671875,8981.38110758085,4633.38706496007,"oligodendrocyte_progenitor_2",NA,NA,NA,"female","F3",1,"0503_F3_C"
"2787889600094100228","20240503",2029.29956054688,8490.61089709727,6484.67783432521,"oligodendrocyte_1",NA,NA,NA,"male","M5",1,"0503_M5_C"
"2787445900437100097","20240503",1214.07873535156,8463.184807732,3127.91861772104,"oligodendrocyte_1",NA,NA,NA,"female","F4",1,"0503_F4_C"
"2796212800356100047","20240613",3462.65405273438,3813.43719082186,3167.58643838763,"astrocyte_2",NA,NA,NA,"female","F3",3,"0613_F3_S"
"2787445900698100019","20240503",2293.65478515625,8925.89073112817,4955.56326927409,"oligodendrocyte_1",NA,NA,NA,"female","F3",1,"0503_F3_C"
"2707604800035100111","20240415",2462.98559570312,4025.56998228654,3326.35440121731,"astrocyte_1",NA,NA,NA,"male","M1",3,"0415_M1_S"
"2787889600405100262","20240503",2185.63256835938,4719.02904174908,9015.35271017792,"oligodendrocyte_progenitor_2",NA,NA,NA,"male","M4",2,"0503_M4_L"
"2787889600443100146","20240503",1233.41137695312,5501.51138611767,9266.35279844828,"MV_in_Gabra1",4,"inhibitory",16,"male","M4",2,"0503_M4_L"
"2707604000153100184","20240415",4391.5703125,5368.82704650616,10454.5018959222,"oligodendrocyte_2",NA,NA,NA,"male","M3",4,"0415_M3_T"
"2656143800054100051","20240328",898.906005859375,2165.66696028013,2928.6381472678,"M_ex_Vsx2/Shox2",3,"excitatory",20,"male","M3",1,"0328_M3_C"
"2707604800119100170","20240415",3257.59985351562,4085.49007986428,4563.02807375602,"oligodendrocyte_precursor_cell",NA,NA,NA,"male","M1",2,"0415_M1_L"
"2787889600231100108","20240503",1794.97534179688,6403.85233106033,7495.89727319023,"M_in_Tfap2b",3,"inhibitory",12,"male","M5",4,"0503_M5_T"
"2707604700063100177","20240415",1439.84313964844,6071.00076264498,5918.51796673797,"DH_ex_Sox5/Tac1",1,"excitatory",5,"male","M2",2,"0415_M2_L"
"2787445900804100135","20240503",2750.12719726562,7775.93491288181,5960.515487481,"DH_in_Cdh3",1,"inhibitory",4,"male","M5",1,"0503_M5_C"
"2656144900396100015","20240328",1952.21826171875,7697.45210521197,4124.72731977439,"oligodendrocyte_1",NA,NA,NA,"male","M2",4,"0328_M2_T"
"2796212800388100187","20240613",2482.68823242188,3852.92426610179,3462.15641082358,"oligodendrocyte_1",NA,NA,NA,"female","F3",3,"0613_F3_S"
"2796212800485100033","20240613",765.136108398438,4171.57066578045,4119.53634145076,"alpha_motoneuron",NA,NA,22,"female","F3",2,"0613_F3_L"
"2787445900399100076","20240503",3584.78540039062,8307.29784669599,2778.57014603759,"oligodendrocyte_progenitor_2",NA,NA,NA,"female","F4",1,"0503_F4_C"
"2787445900207100045","20240503",2204.58081054688,6272.49040921801,1336.39563967037,"DH_in_Cdh3",1,"inhibitory",10,"female","F5",1,"0503_F5_C"
"2787445900715100162","20240503",3047.68310546875,3316.17499528115,5433.95161740974,"astrocyte_1",NA,NA,NA,"female","F3",2,"0503_F3_L"
"2945606900000005006","20240328",1815.14929199219,1244.32984490253,5575.18839315939,"astrocyte_1",NA,NA,NA,"female","F1",1,"0328_F1_C"
"2795903600349100092","20240613",2287.11743164062,3069.9585812257,7543.50545146651,"DH_ex_Reln",1,"excitatory",6,"male","M4",2,"0613_M4_L"
"2726544600273200013","20240422",2386.61450195312,3671.72799280065,9208.28505369741,"meninges_2",NA,NA,NA,"female","F1",4,"0422_F1_T"
"2656144900615100219","20240328",2719.83422851562,10744.1264580381,6572.39094149467,"oligodendrocyte_1",NA,NA,NA,"male","M1",2,"0328_M1_L"
"2787445900402100051","20240503",4243.146484375,8948.86014359642,2773.96241615657,"astrocyte_2",NA,NA,NA,"female","F4",1,"0503_F4_C"
"2656143800190100061","20240328",4792.46484375,5324.35813990852,4375.80556397402,"astrocyte_1",NA,NA,NA,"male","M3",4,"0328_M3_T"
"2796212800946100256","20240613",3787.18383789062,7687.98484004289,8253.32435164199,"M_in_Tfap2b",3,"inhibitory",12,"female","F3",1,"0613_F3_C"
"2795584800189100126","20240610",5461.44287109375,2576.86465288783,5309.37396900886,"DH_in_Pdyn",1,"inhibitory",2,"female","F3",1,"0610_F3_C"
"2787889600446100041","20240503",1256.42053222656,6276.82857258793,9151.2414585892,"oligodendrocyte_progenitor_2",NA,NA,NA,"male","M4",2,"0503_M4_L"
"2707604800385100203","20240415",2338.61157226562,1968.04544132599,8219.53721711016,"astrocyte_1",NA,NA,NA,"male","M1",1,"0415_M1_C"
"2787889600301100030","20240503",4981.0087890625,6088.45211537927,8088.54786614419,"oligodendrocyte_2",NA,NA,NA,"male","M5",4,"0503_M5_T"
"2707604700131100087","20240415",1838.36437988281,4934.74992996092,6659.98365278542,"oligodendrocyte_1",NA,NA,NA,"male","M2",2,"0415_M2_L"
"2656143800103100063","20240328",2115.75634765625,2039.52587327799,3528.54100189538,"MV_in_Esrrb",4,"inhibitory",14,"male","M3",1,"0328_M3_C"
"2795584800418100125","20240610",2205.85131835938,6177.63114159863,6971.73827125906,"oligodendrocyte_progenitor_2",NA,NA,NA,"female","F4",2,"0610_F4_L"
"2795903600346100138","20240613",4037.98852539062,2348.81561576203,7549.12840013104,"oligodendrocyte_progenitor_2",NA,NA,NA,"male","M4",2,"0613_M4_L"
"2796212800600100219","20240613",3845.26049804688,9385.35033322498,5177.48229693249,"oligodendrocyte_1",NA,NA,NA,"female","F5",1,"0613_F5_C"
"2795584800412100226","20240610",3298.9482421875,4747.27758301984,7029.30269374567,"MV_in_Gabra1",4,"inhibitory",16,"female","F4",4,"0610_F4_T"
"2795584800204100209","20240610",3469.30883789062,6761.14501786907,5333.63277478563,"oligodendrocyte_progenitor_2",NA,NA,NA,"female","F3",2,"0610_F3_L"
"2787445900620100087","20240503",2921.26806640625,7929.4943297758,4469.68143972402,"astrocyte_1",NA,NA,NA,"female","F3",1,"0503_F3_C"
"2796212800561100246","20240613",640.512512207031,7479.588679621,4891.69273216289,"MV_in_Gm26673",4,"inhibitory",19,"female","F4",4,"0613_F4_T"
"2796212800423100040","20240613",4085.56518554688,4686.62332764221,3667.23021945951,"astrocyte_2",NA,NA,NA,"female","F3",2,"0613_F3_L"
"2795103300145100127","20240610",1430.63500976562,1587.74230800386,1098.10806331621,"cholinergic_interneuron",NA,NA,21,"male","M4",1,"0610_M4_C"
"2946331700000006978","20240415",3263.50610351562,9565.41616199014,1613.79486441397,"meninges_1",NA,NA,NA,"female","F2",4,"0415_F2_T"
"2707604800384100110","20240415",3189.091796875,1882.37575577595,8081.89124368015,"oligodendrocyte_progenitor_2",NA,NA,NA,"male","M1",1,"0415_M1_C"
"2656143800394100142","20240328",1990.28723144531,6458.03046357824,6798.1488454284,"endothelial",NA,NA,NA,"male","M3",2,"0328_M3_L"
"2787889600279100240","20240503",4886.4931640625,10021.1226651813,7963.44030981741,"M_in_Tfap2b",3,"inhibitory",12,"male","M4",1,"0503_M4_C"
"2787889600195100160","20240503",1951.46008300781,6660.80663034786,7289.56664132621,"astrocyte_1",NA,NA,NA,"male","M5",4,"0503_M5_T"
"2796212800431100240","20240613",3550.681640625,6801.70248062257,3724.18962430442,"endothelial",NA,NA,NA,"female","F4",2,"0613_F4_L"
"2946331700000011054","20240415",2908.28344726562,10265.1077942137,1942.39251272101,"M_ex_Vsx2",3,"excitatory",20,"female","F2",4,"0415_F2_T"
"2787445900896100233","20240503",1359.98828125,2240.84790834578,6908.30459735285,"gamma_motoneuron",NA,NA,22,"female","F3",3,"0503_F3_S"
"2707604700226100081","20240415",5049.62744140625,4619.01736163578,7779.10613173107,"MV_in_Gabra1",4,"inhibitory",16,"male","M2",4,"0415_M2_T"
"2707604000085200113","20240415",5475.36572265625,7246.34741656121,8916.13449419347,"DM_ex_Zfhx3",2,"excitatory",11,"male","M3",2,"0415_M3_L"
"2795103300381100284","20240610",2646.71069335938,9016.71367881872,2934.11510640066,"DM_ex_Zfhx3",2,"excitatory",11,"male","M5",3,"0610_M5_S"
"2796212800657100043","20240613",955.446899414062,7451.29016493447,5516.25859478256,"alpha_motoneuron",NA,NA,22,"female","F4",4,"0613_F4_T"
"2656144900565100156","20240328",1632.94836425781,11194.4894693244,6056.97956444115,"oligodendrocyte_1",NA,NA,NA,"male","M1",2,"0328_M1_L"
"2787889600266100092","20240503",939.160766601562,6193.35247370775,7784.33791761627,"MV_in_Sema5b",4,"inhibitory",15,"male","M5",4,"0503_M5_T"
"2796212800297100156","20240613",2068.32641601562,5267.32135678735,2529.62629757798,"DH_ex_Rreb1",1,"excitatory",10,"female","F4",3,"0613_F4_S"
"2656144900165100167","20240328",2250.810546875,8322.83441796881,1746.14961681888,"DM_ex_Zfhx3",2,"excitatory",11,"male","M1",1,"0328_M1_C"
"2796212800882100193","20240613",2339.89624023438,7691.80627707951,7605.40712188138,"oligodendrocyte_precursor_cell",NA,NA,NA,"female","F3",1,"0613_F3_C"
"2945606900000005080","20240328",635.283508300781,1328.58990861107,5659.59604853179,"ependymal",NA,NA,NA,"female","F1",1,"0328_F1_C"
"2787445900290100191","20240503",2339.7138671875,8849.34654798126,2090.57914270888,"pericyte",NA,NA,NA,"female","F4",1,"0503_F4_C"
"2707737900133100071","20240415",979.2529296875,9099.23479288501,10680.4382072901,"MV_in_Gm26673",4,"inhibitory",19,"female","F1",4,"0415_F1_T"
"2946331700000018516","20240415",1967.4384765625,10806.0193416034,3460.23211360592,"M_in_Tfap2b",3,"inhibitory",12,"female","F2",2,"0415_F2_L"
"2795103300382100194","20240610",2236.54125976562,9154.88591875514,2876.1598213214,"DH_in_Cdh3",1,"inhibitory",10,"male","M5",3,"0610_M5_S"
"2946331700000000678","20240415",2960.12158203125,8075.35146773153,452.954929603904,"oligodendrocyte_2",NA,NA,NA,"female","F2",1,"0415_F2_C"
"2796212800792100241","20240613",4545.5595703125,9331.71200722456,6780.00802050193,"DH_ex_Maf/Cck",1,"excitatory",10,"female","F4",1,"0613_F4_C"
"2787445900618100098","20240503",3521.474609375,7429.32541348413,4557.70725232502,"oligodendrocyte_progenitor_2",NA,NA,NA,"female","F3",1,"0503_F3_C"
"2787445900094100074","20240503",2281.42138671875,5627.37152634817,622.873637136276,"astrocyte_2",NA,NA,NA,"female","F5",1,"0503_F5_C"
"2656144300188100135","20240328",2435.96704101562,9164.67643451274,12541.544949825,"astrocyte_1",NA,NA,NA,"female","F2",2,"0328_F2_L"
"2707604700250100107","20240415",866.050415039062,4802.84073273184,8047.74946755712,"DH_in_Npy",1,"inhibitory",4,"male","M2",4,"0415_M2_T"
"2787445900544100118","20240503",3275.61889648438,7350.90872723248,4050.84826611244,"DH_ex_Grpr",1,"excitatory",2,"female","F3",1,"0503_F3_C"
"2946331700000014482","20240415",4601.783203125,11144.2605394789,2760.58540360889,"oligodendrocyte_2",NA,NA,NA,"female","F2",2,"0415_F2_L"
"2656144300171100041","20240328",3334.59057617188,10756.392736214,12153.9064325359,"VH_in_Chat",5,"inhibitory",17,"female","F2",4,"0328_F2_T"
"2795584800224100074","20240610",1847.67163085938,2467.70126223602,5473.41964423872,"DH_ex_Reln",1,"excitatory",6,"female","F3",1,"0610_F3_C"
"2787889600441100176","20240503",2599.1455078125,4969.94608678797,9347.44047068973,"MV_in_Esrrb",4,"inhibitory",14,"male","M4",2,"0503_M4_L"
"2787445900437100053","20240503",4263.1220703125,8452.71024334047,3057.73700510606,"astrocyte_2",NA,NA,NA,"female","F4",1,"0503_F4_C"
"2707604800055100067","20240415",2246.87084960938,3770.75651864882,3558.39583334792,"MV_in_Gm26673",4,"inhibitory",19,"male","M1",3,"0415_M1_S"
"2656144900372100081","20240328",3497.78491210938,8053.98732803825,4028.27341615512,"astrocyte_1",NA,NA,NA,"male","M2",4,"0328_M2_T"
"2795584800413100082","20240610",2574.4912109375,4947.00886385437,6918.50188107911,"astrocyte_1",NA,NA,NA,"female","F4",4,"0610_F4_T"
"2795584800136100189","20240610",2428.642578125,7939.50325402804,4844.70271563882,"astrocyte_2",NA,NA,NA,"female","F3",3,"0610_F3_S"
"2795584800017100073","20240610",2122.83740234375,4843.87161413056,3947.3746343872,"oligodendrocyte_2",NA,NA,NA,"female","F3",4,"0610_F3_T"
"2787445900789100205","20240503",3677.48168945312,3326.62492957595,6049.43430751724,"endothelial",NA,NA,NA,"female","F3",2,"0503_F3_L"
"2796212800355100124","20240613",2016.72595214844,3649.61188206868,3132.30733131466,"DH_ex_Prkcg/Cck",1,"excitatory",8,"female","F3",3,"0613_F3_S"
"2946331700000020283","20240415",4558.4677734375,11193.6873159866,3709.47995034937,"astrocyte_1",NA,NA,NA,"female","F2",2,"0415_F2_L"
"2787889600231200090","20240503",768.188110351562,6394.94877725653,7511.32270744562,"oligodendrocyte_progenitor_2",NA,NA,NA,"male","M5",4,"0503_M5_T"
"2796212800946100284","20240613",1707.58801269531,7790.5937999282,8282.15696434042,"oligodendrocyte_precursor_cell",NA,NA,NA,"female","F3",1,"0613_F3_C"
"2707737900147100218","20240415",1057.54931640625,9526.14990209123,10966.3636811205,"oligodendrocyte_progenitor_2",NA,NA,NA,"female","F1",4,"0415_F1_T"
"2707604700271100136","20240415",2858.79638671875,3793.42257831671,8375.56654295605,"DH_ex_Reln/Nmur2",1,"excitatory",3,"male","M2",4,"0415_M2_T"
"2795903600354100080","20240613",1462.0625,4645.95686763601,7453.87477073894,"DH_in_Rorb",1,"inhibitory",7,"male","M5",4,"0613_M5_T"
"2656143800052100097","20240328",2019.94921875,1605.1383206705,2975.98946271336,"astrocyte_1",NA,NA,NA,"male","M3",1,"0328_M3_C"
"2787445900265100059","20240503",2672.14697265625,1669.04297143526,1895.01063521352,"astrocyte_2",NA,NA,NA,"female","F5",2,"0503_F5_L"
"2707604800425100074","20240415",1950.80053710938,1435.24866929161,8622.12102562492,"DH_in_Cdh3",1,"inhibitory",10,"male","M1",1,"0415_M1_C"
"2787889600523100074","20240503",2575.89697265625,7550.64193988079,9921.33198207102,"astrocyte_2",NA,NA,NA,"male","M4",4,"0503_M4_T"
"2796212800328100098","20240613",4529.1845703125,5008.52438076586,2782.32887705998,"oligodendrocyte_1",NA,NA,NA,"female","F4",3,"0613_F4_S"
"2795103300232100120","20240610",3589.22778320312,6575.61399524234,1673.10895493015,"DH_in_Npy2r",1,"inhibitory",9,"male","M4",2,"0610_M4_L"
"2656143800078100256","20240328",1627.96325683594,1954.45260234455,3434.13441387052,"MV_ex_Syt2",4,"excitatory",14,"male","M3",1,"0328_M3_C"
"2787889600414100171","20240503",1663.07495117188,7409.44565983466,9007.49004980321,"oligodendrocyte_progenitor_2",NA,NA,NA,"male","M4",4,"0503_M4_T"
"2796212800046100161","20240613",4999.23876953125,6493.8043709537,391.037079851725,"MV_in_Esrrb",4,"inhibitory",14,"female","F5",3,"0613_F5_S"
"2795103300267100029","20240610",1666.59362792969,6537.01130590483,1855.17265639757,"meninges_3",NA,NA,NA,"male","M4",2,"0610_M4_L"
"2707604700177100040","20240415",4036.84057617188,4340.40845306528,7244.55803726811,"oligodendrocyte_2",NA,NA,NA,"male","M2",4,"0415_M2_T"
"2707604700271100311","20240415",2465.52612304688,3969.56339660227,8491.05362499348,"astrocyte_2",NA,NA,NA,"male","M2",4,"0415_M2_T"
"2795903600616100063","20240613",4405.998046875,5037.89107176175,10282.1841847528,"DH_in_Cdh3",1,"inhibitory",10,"male","M4",1,"0613_M4_C"
"2656144900584100151","20240328",1853.16674804688,9201.84227796618,6235.24584812907,"astrocyte_1",NA,NA,NA,"male","M2",2,"0328_M2_L"
"2946331700000003300","20240415",2283.08642578125,8607.71735270362,1027.07973900676,"oligodendrocyte_progenitor_2",NA,NA,NA,"female","F2",1,"0415_F2_C"
"2946331700000003208","20240415",1855.35717773438,8814.97859232622,1003.54700512474,"MV_in_Gabra1",4,"inhibitory",16,"female","F2",1,"0415_F2_C"
"2787445900245100152","20240503",5047.64013671875,6568.37607163482,1850.02509870686,"oligodendrocyte_2",NA,NA,NA,"female","F5",1,"0503_F5_C"
"2796212800595100096","20240613",1418.41125488281,7921.76812126487,5074.21228033456,"DH_ex_Prkcg/Nts",1,"excitatory",8,"female","F4",4,"0613_F4_T"
"2787889600387100019","20240503",1022.95440673828,9914.34621037077,8543.49567002206,"MV_in_Gm26673",4,"inhibitory",19,"male","M4",1,"0503_M4_C"
"2795584800435100204","20240610",1968.93103027344,1075.28914562057,7282.92484468326,"oligodendrocyte_progenitor_1",NA,NA,NA,"female","F4",1,"0610_F4_C"
"2796212801010100018","20240613",4759.0673828125,7642.73677168414,8587.39910037097,"MV_ex_Shox2",4,"excitatory",18,"female","F3",1,"0613_F3_C"
"2795584800088100011","20240610",1213.82104492188,4677.17451205107,4308.45439552443,"oligodendrocyte_1",NA,NA,NA,"female","F3",4,"0610_F3_T"
"2787445900546100109","20240503",1251.92065429688,7871.93440944445,3987.07586367337,"DH_ex_Reln/Nmur2",1,"excitatory",3,"female","F3",1,"0503_F3_C"
"2795903600320100064","20240613",1998.71520996094,2404.42899349636,7156.86981651469,"oligodendrocyte_progenitor_2",NA,NA,NA,"male","M4",2,"0613_M4_L"
"2946331700000010656","20240415",3316.62670898438,9929.47442520643,1998.20762825973,"MV_in_Gm26673",4,"inhibitory",19,"female","F2",4,"0415_F2_T"
"2787889600317100098","20240503",1579.29467773438,10502.9954905631,8104.66831006817,"astrocyte_1",NA,NA,NA,"male","M4",1,"0503_M4_C"
"2796212800295100034","20240613",1139.931640625,4692.76651758142,2415.96409287106,"gamma_motoneuron",NA,NA,22,"female","F4",3,"0613_F4_S"
"2787445900876100003","20240503",2554.50122070312,7231.63748376409,6376.14574753542,"oligodendrocyte_2",NA,NA,NA,"male","M5",1,"0503_M5_C"
"2787889600127100176","20240503",1539.02526855469,7764.13575054193,6823.3743661679,"astrocyte_1",NA,NA,NA,"male","M5",1,"0503_M5_C"
"2656144900325100207","20240328",2463.97900390625,9478.12176604476,3476.58240947433,"visceral_motoneuron",NA,NA,20,"male","M1",4,"0328_M1_T"
"2795903600294100147","20240613",2083.36352539062,2414.99733223197,6952.26810262658,"oligodendrocyte_progenitor_2",NA,NA,NA,"male","M4",2,"0613_M4_L"
"2796212800364100180","20240613",1229.92724609375,6038.12763921171,3110.69604710781,"MV_in_Gm26673",4,"inhibitory",19,"female","F4",2,"0613_F4_L"
"2707604800058100079","20240415",986.352355957031,4674.77578972664,3714.99987160275,"oligodendrocyte_precursor_cell",NA,NA,NA,"male","M1",2,"0415_M1_L"
"2795103300344100214","20240610",2551.486328125,8359.89322733972,2654.90090085226,"oligodendrocyte_progenitor_2",NA,NA,NA,"male","M5",3,"0610_M5_S"
"2787445900358100146","20240503",3750.27905273438,7186.83164327766,2677.94871185499,"oligodendrocyte_progenitor_2",NA,NA,NA,"female","F4",1,"0503_F4_C"
"2707604700059100090","20240415",2659.587890625,5073.77821859371,5810.52272796992,"oligodendrocyte_2",NA,NA,NA,"male","M2",2,"0415_M2_L"
"2707604700092100290","20240415",2734.04272460938,7499.29533185469,6251.18249381904,"DH_in_Npy",1,"inhibitory",4,"male","M3",3,"0415_M3_S"
"2707737900076100027","20240415",2954.43310546875,11349.2055941573,9242.29407968931,"astrocyte_2",NA,NA,NA,"female","F1",2,"0415_F1_L"
"2707604700116100020","20240415",4480.02685546875,7631.44541628836,6272.99823386373,"oligodendrocyte_progenitor_2",NA,NA,NA,"male","M3",3,"0415_M3_S"
"2795584800237100138","20240610",1969.62463378906,6029.42371242703,5532.37319869816,"DH_ex_Reln/Nmur2",1,"excitatory",3,"female","F3",2,"0610_F3_L"
"2787889600396100108","20240503",5832.638671875,2401.26604953785,8940.39544487202,"MV_in_Gm26673",4,"inhibitory",19,"male","M5",3,"0503_M5_S"
"2787445900660100104","20240503",2131.53076171875,8715.39084083587,4764.76222049608,"MV_ex_Shox2",4,"excitatory",18,"female","F3",1,"0503_F3_C"
"2787445900288100242","20240503",1210.65588378906,8237.82250131376,2117.2197861147,"M_in_Tfap2b",3,"inhibitory",12,"female","F4",1,"0503_F4_C"
"2787445900364100179","20240503",2741.87060546875,8865.0630127117,2693.85006790125,"oligodendrocyte_2",NA,NA,NA,"female","F4",1,"0503_F4_C"
"2946331700000015862","20240415",2030.3837890625,10860.7685013372,2914.97057647491,"oligodendrocyte_progenitor_2",NA,NA,NA,"female","F2",2,"0415_F2_L"
"2787445900463100036","20240503",2248.35107421875,5462.97794565023,3298.99810897969,"MV_in_Gm26673",4,"inhibitory",19,"female","F4",4,"0503_F4_T"
"2796212800889100168","20240613",1751.42797851562,9705.59621879086,7615.33880129247,"astrocyte_1",NA,NA,NA,"female","F4",1,"0613_F4_C"
"2795103300088100150","20240610",4802.90087890625,5402.87763021287,725.975067831518,"oligodendrocyte_2",NA,NA,NA,"male","M4",2,"0610_M4_L"
"2707604700248100186","20240415",1436.80090332031,4165.98425424016,8111.12950994907,"oligodendrocyte_progenitor_2",NA,NA,NA,"male","M2",4,"0415_M2_T"
"2787889600230100272","20240503",1361.41003417969,6135.79215522832,7648.59293297274,"astrocyte_1",NA,NA,NA,"male","M5",4,"0503_M5_T"
"2707604700250100283","20240415",1894.16345214844,4742.34226905169,8202.63638178102,"DH_in_Npy",1,"inhibitory",4,"male","M2",4,"0415_M2_T"
"2707737900035100070","20240415",4097.390625,10858.4041078205,8528.30094258557,"astrocyte_2",NA,NA,NA,"female","F1",2,"0415_F1_L"
"2787889600412100156","20240503",1672.61096191406,6824.75275951286,8968.60894797984,"DM_ex_Zfhx3",2,"excitatory",11,"male","M4",4,"0503_M4_T"
"2656144300211100126","20240328",3170.05810546875,8994.58666634803,12667.5543790529,"endothelial",NA,NA,NA,"female","F2",2,"0328_F2_L"
"2946331700000003534","20240415",2342.56811523438,9163.33635018294,1016.25927585398,"astrocyte_1",NA,NA,NA,"female","F2",1,"0415_F2_C"
"2707604700362100129","20240415",2415.9775390625,2632.63960986526,9529.30950709907,"MV_in_Gm26673",4,"inhibitory",19,"male","M2",1,"0415_M2_C"
"2795103300120100144","20240610",3891.85302734375,4574.42182017409,886.454893971735,"MV_ex_Shox2",4,"excitatory",18,"male","M4",4,"0610_M4_T"
"2796212800109100042","20240613",3183.0634765625,6312.60212845076,757.830375540187,"MV_in_Gm26673",4,"inhibitory",19,"female","F5",3,"0613_F5_S"
"2707604700068100033","20240415",2003.72229003906,7452.82954160115,5739.71314215986,"oligodendrocyte_precursor_cell",NA,NA,NA,"male","M3",3,"0415_M3_S"
"2946331700000020146","20240415",2163.86474609375,11052.7747721679,3751.45577049206,"endothelial",NA,NA,NA,"female","F2",2,"0415_F2_L"
"2787889600479100028","20240503",2941.04150390625,5376.14564896526,9393.89288861513,"oligodendrocyte_2",NA,NA,NA,"male","M4",2,"0503_M4_L"
"2945606900000017121","20240328",3925.1845703125,3218.56620901678,7221.09754539502,"astrocyte_1",NA,NA,NA,"female","F1",4,"0328_F1_T"
"2795103300179100161","20240610",2872.03051757812,1556.60911651689,1472.68196058291,"DH_ex_Grp",1,"excitatory",6,"male","M4",1,"0610_M4_C"
"2796212800295100086","20240613",3925.13012695312,4626.07276676828,2471.89582299232,"astrocyte_1",NA,NA,NA,"female","F4",3,"0613_F4_S"
"2945606900000014636","20240328",3586.09252929688,2933.87780098562,6982.29943168498,"endothelial",NA,NA,NA,"female","F1",4,"0328_F1_T"
"2787445900656200131","20240503",1981.02514648438,7782.55609863822,4915.38240516224,"oligodendrocyte_progenitor_2",NA,NA,NA,"female","F3",1,"0503_F3_C"
"2787445900226100204","20240503",2166.10278320312,1075.64744565968,1826.29098849848,"oligodendrocyte_1",NA,NA,NA,"female","F5",3,"0503_F5_S"
"2795584800384100257","20240610",3155.25122070312,6876.27997740166,6832.23149879927,"MV_in_Esrrb",4,"inhibitory",14,"female","F4",2,"0610_F4_L"
"2795103300346100246","20240610",2334.46337890625,8958.40148027992,2622.99038976332,"oligodendrocyte_progenitor_2",NA,NA,NA,"male","M5",3,"0610_M5_S"
"2787889600060100077","20240503",2508.93432617188,9160.5844830398,6137.37183386297,"oligodendrocyte_progenitor_2",NA,NA,NA,"male","M5",1,"0503_M5_C"
"2656143800216100133","20240328",3054.77490234375,5631.03866346664,4706.87727764528,"oligodendrocyte_precursor_cell",NA,NA,NA,"male","M3",4,"0328_M3_T"
"2787445900323100118","20240503",1721.15454101562,7526.46589927829,2248.06500921788,"oligodendrocyte_progenitor_2",NA,NA,NA,"female","F4",1,"0503_F4_C"
"2787889600129100078","20240503",2521.85571289062,8133.37600517669,6644.82049362676,"oligodendrocyte_progenitor_2",NA,NA,NA,"male","M5",1,"0503_M5_C"
"2787445900623100048","20240503",1518.86975097656,8763.01066987496,4405.94480107886,"endothelial",NA,NA,NA,"female","F3",1,"0503_F3_C"
"2795584800089100161","20240610",3940.48950195312,4771.72435266338,4482.86145668678,"MV_in_Esrrb",4,"inhibitory",14,"female","F3",4,"0610_F3_T"
"2795103300346100289","20240610",2655.5224609375,8942.05114490353,2679.36884802501,"endothelial",NA,NA,NA,"male","M5",3,"0610_M5_S"
"2787445900826100009","20240503",5820.298828125,3390.6397825107,6083.27942221908,"oligodendrocyte_progenitor_2",NA,NA,NA,"female","F3",2,"0503_F3_L"
"2726544200026100175","20240422",3601.19287109375,6240.76060272341,748.562707005476,"endothelial",NA,NA,NA,"male","M1",1,"0422_M1_C"
"2795103300268100072","20240610",1647.65234375,6844.84268123499,1890.98490392143,"meninges_1",NA,NA,NA,"male","M4",2,"0610_M4_L"
"2795903600491200037","20240613",4877.95556640625,6408.25958828171,8912.28461777096,"oligodendrocyte_2",NA,NA,NA,"male","M5",1,"0613_M5_C"
"2796212800625100295","20240613",3724.81103515625,7538.62826055661,5473.38140789227,"oligodendrocyte_progenitor_1",NA,NA,NA,"female","F4",4,"0613_F4_T"
"2787445900620100233","20240503",3812.09326171875,7853.62993729895,4643.81366077012,"astrocyte_1",NA,NA,NA,"female","F3",1,"0503_F3_C"
"2945606900000003759","20240328",1349.91015625,2104.68509523725,5299.24530117787,"meninges_2",NA,NA,NA,"female","F1",1,"0328_F1_C"
"2946331700000013083","20240415",2096.04296875,11403.9849804912,2250.03990900604,"meninges_2",NA,NA,NA,"female","F2",2,"0415_F2_L"
"2946331700000016051","20240415",1746.01232910156,11089.5561028074,2812.2667369628,"oligodendrocyte_progenitor_2",NA,NA,NA,"female","F2",2,"0415_F2_L"
"2707604000070100198","20240415",1855.33093261719,7323.66229500403,8667.99531291945,"oligodendrocyte_1",NA,NA,NA,"male","M3",2,"0415_M3_L"
"2787889600482100147","20240503",4417.54345703125,6250.54076423461,9594.08856980884,"oligodendrocyte_2",NA,NA,NA,"male","M4",2,"0503_M4_L"
"2945606900000001874","20240328",2282.69116210938,1319.90871680396,5201.07986385832,"microglia",NA,NA,NA,"female","F1",1,"0328_F1_C"
"2707604700069100159","20240415",1286.12963867188,7864.50060670258,5895.6779582724,"MV_ex_Syt2",4,"excitatory",14,"male","M3",3,"0415_M3_S"
"2656144300125100079","20240328",844.201416015625,10685.0913036046,11616.9315799029,"DH_in_Cdh3",1,"inhibitory",10,"female","F2",4,"0328_F2_T"
"2656144900314100067","20240328",1535.54931640625,6446.34805849565,3309.94981554392,"DH_ex_Sox5",1,"excitatory",5,"male","M2",1,"0328_M2_C"
"2795584800398100095","20240610",3014.47338867188,648.740230714153,7026.14401978794,"oligodendrocyte_precursor_cell",NA,NA,NA,"female","F4",1,"0610_F4_C"
"2787445900265100296","20240503",4019.04760742188,1629.04369432785,2113.5066343761,"astrocyte_2",NA,NA,NA,"female","F5",2,"0503_F5_L"
"2787889600481100179","20240503",2497.93505859375,5923.99212075793,9568.170198002,"endothelial",NA,NA,NA,"male","M4",2,"0503_M4_L"
"2787445900726100287","20240503",1698.85083007812,6451.51426738012,5494.70173761566,"astrocyte_1",NA,NA,NA,"female","F3",4,"0503_F3_T"
"2787445900351100073","20240503",2108.1279296875,5136.79480123229,2659.19736806923,"oligodendrocyte_2",NA,NA,NA,"female","F4",4,"0503_F4_T"
"2707604700104100066","20240415",5878.35205078125,4315.2697267464,6522.53350218362,"astrocyte_2",NA,NA,NA,"male","M2",2,"0415_M2_L"
"2787889600094100023","20240503",7003.73095703125,8587.47882029088,6306.90984614781,"DM_ex_Zfhx3",2,"excitatory",11,"male","M5",1,"0503_M5_C"
"2946331700000010492","20240415",1699.17370605469,9550.64247433475,2067.52017353621,"astrocyte_1",NA,NA,NA,"female","F2",4,"0415_F2_T"
"2787889600061100027","20240503",469.836395263672,9424.21489633247,6033.75577944296,"meninges_3",NA,NA,NA,"male","M5",1,"0503_M5_C"
"2707737900034100153","20240415",3830.39038085938,10717.1028772533,8566.75787756499,"astrocyte_1",NA,NA,NA,"female","F1",2,"0415_F1_L"
"2796212800980100276","20240613",1792.22534179688,8402.43090630881,8531.10677437217,"astrocyte_2",NA,NA,NA,"female","F3",1,"0613_F3_C"
"2795903600349100051","20240613",1885.03686523438,3067.57090337698,7461.16235393728,"DH_ex_Grp",1,"excitatory",6,"male","M4",2,"0613_M4_L"
"2796212800399100109","20240613",1752.82360839844,6830.71994002908,3482.65908621682,"DH_ex_Prkcg/Cck",1,"excitatory",8,"female","F4",2,"0613_F4_L"
"2707604800240100022","20240415",1430.59375,2685.72497441003,6030.83992376924,"astrocyte_1",NA,NA,NA,"male","M1",4,"0415_M1_T"
"2787445900094100143","20240503",3085.947265625,5629.19907952636,671.377074398537,"astrocyte_1",NA,NA,NA,"female","F5",1,"0503_F5_C"
"2787889600127100032","20240503",2569.30249023438,7640.29033413297,6613.40692900354,"oligodendrocyte_progenitor_2",NA,NA,NA,"male","M5",1,"0503_M5_C"
"2656144900139100232","20240328",1825.34887695312,8453.35783352621,1534.30284681253,"MV_in_Gabra1",4,"inhibitory",16,"male","M1",1,"0328_M1_C"
"2787889600396100026","20240503",3148.48388671875,2414.01969742649,8833.02044956137,"MV_in_Sema5b",4,"inhibitory",15,"male","M5",3,"0503_M5_S"
"2945606900000007993","20240328",994.584045410156,1035.61535432233,6209.17867411059,"DH_ex_Reln/Nmur2",1,"excitatory",3,"female","F1",1,"0328_F1_C"
"2656144900111100285","20240328",936.796020507812,7939.99911874035,1264.53556879412,"DH_ex_Maf/Cpne4",1,"excitatory",10,"male","M1",1,"0328_M1_C"
"2707604700092100300","20240415",2176.77612304688,7494.68786718731,6262.18356834329,"oligodendrocyte_precursor_cell",NA,NA,NA,"male","M3",3,"0415_M3_S"
"2795584800412100193","20240610",4544.306640625,4521.64900149635,7001.50666792343,"DM_ex_Zfhx3",2,"excitatory",11,"female","F4",4,"0610_F4_T"
"2656144900212100090","20240328",2937.07299804688,6952.07780503734,2286.75789985052,"oligodendrocyte_progenitor_2",NA,NA,NA,"male","M2",1,"0328_M2_C"
"2795103300195100284","20240610",4409.39599609375,5890.45551166206,1563.32757074077,"oligodendrocyte_1",NA,NA,NA,"male","M4",2,"0610_M4_L"
"2795903600401100121","20240613",3232.078125,3140.37090040096,8091.57401057545,"DM_ex_Zfhx3",2,"excitatory",11,"male","M4",4,"0613_M4_T"
"2795584800511100042","20240610",1131.41687011719,2166.36497004243,7714.53228316405,"DM_ex_Zfhx3",2,"excitatory",11,"female","F4",1,"0610_F4_C"
"2787445900243100030","20240503",1397.18981933594,5873.49762007152,1605.40461467768,"alpha_motoneuron",NA,NA,22,"female","F5",1,"0503_F5_C"
"2787445900202100061","20240503",2378.12133789062,4725.62058199011,1336.24195201544,"endothelial",NA,NA,NA,"female","F5",4,"0503_F5_T"
"2946331700000022386","20240415",3545.01538085938,11196.8348709022,4327.41359865289,"astrocyte_2",NA,NA,NA,"female","F2",2,"0415_F2_L"
"2726542200027100086","20240422",4425.291015625,10907.5177042087,4434.74663774989,"oligodendrocyte_1",NA,NA,NA,"male","M1",3,"0422_M1_S"
"2795584800240200158","20240610",1491.49389648438,6983.61022967141,5646.23254175135,"DH_ex_Prkcg/Rxfp1",1,"excitatory",6,"female","F3",2,"0610_F3_L"
"2796212800363100236","20240613",732.157287597656,5665.41845707502,3238.09320605779,"gamma_motoneuron",NA,NA,22,"female","F4",2,"0613_F4_L"
"2707604800341100175","20240415",1966.44250488281,1549.04321335215,7635.11253396492,"astrocyte_1",NA,NA,NA,"male","M1",1,"0415_M1_C"
"2795103300447100274","20240610",1442.41186523438,7797.26695309859,3513.88280934644,"DH_ex_Reln/Nmur2",1,"excitatory",3,"male","M5",2,"0610_M5_L"
"2795103300145100343","20240610",3199.42456054688,1681.79367110791,1275.27716208418,"pericyte",NA,NA,NA,"male","M4",1,"0610_M4_C"
"2795584800188100277","20240610",1489.09509277344,2440.90578404046,5411.32419114056,"DH_ex_Maf/Cck",1,"excitatory",10,"female","F3",1,"0610_F3_C"
"2787889600544100140","20240503",4036.22192382812,3489.76461817656,10204.658016904,"astrocyte_1",NA,NA,NA,"male","M4",3,"0503_M4_S"
"2656144900289100211","20240328",3225.13549804688,6868.37740817774,3220.23165641556,"endothelial",NA,NA,NA,"male","M2",1,"0328_M2_C"
"2707604000067100058","20240415",4008.71630859375,6621.78477837885,8573.78019623106,"oligodendrocyte_2",NA,NA,NA,"male","M3",2,"0415_M3_L"
"2787889600478100185","20240503",3896.53002929688,5077.4872821396,9592.12222315495,"astrocyte_1",NA,NA,NA,"male","M4",2,"0503_M4_L"
"2796212800080100018","20240613",2448.80541992188,7174.78748081252,462.294840589166,"DH_in_Pdyn",1,"inhibitory",2,"female","F5",3,"0613_F5_S"
"2787445900821100145","20240503",3232.99780273438,2072.13928863691,6318.94772117185,"DH_in_Cdh3",1,"inhibitory",10,"female","F3",3,"0503_F3_S"
"2707737900089200051","20240415",3377.27001953125,11428.5830759451,9560.9521957133,"DH_ex_Reln/Nmur2",1,"excitatory",3,"female","F1",2,"0415_F1_L"
"2787445900719100029","20240503",3400.90454101562,4669.26568914182,5253.4242017286,"oligodendrocyte_progenitor_2",NA,NA,NA,"female","F3",2,"0503_F3_L"
"2796212800617100009","20240613",3002.20385742188,5263.13606196083,5215.11664876284,"oligodendrocyte_1",NA,NA,NA,"female","F3",2,"0613_F3_L"
"2656144900111100294","20240328",2671.02661132812,7798.90799020851,1274.31530761905,"oligodendrocyte_progenitor_2",NA,NA,NA,"male","M1",1,"0328_M1_C"
"2787445900723100162","20240503",1098.32116699219,5826.42581068492,5449.09758413315,"M_ex_Neurod2",3,"excitatory",13,"female","F3",4,"0503_F3_T"
"2945606900000014513","20240328",2410.44970703125,2573.92454093456,7054.52301928063,"DH_ex_Grpr",1,"excitatory",2,"female","F1",4,"0328_F1_T"
"2795584800639100140","20240610",4298.66064453125,7743.89713755919,8671.10452162375,"oligodendrocyte_progenitor_2",NA,NA,NA,"female","F5",2,"0610_F5_L"
"2787445900619100052","20240503",2948.18359375,7590.11006925709,4440.19105022597,"M_in_Tfap2b",3,"inhibitory",12,"female","F3",1,"0503_F3_C"
"2787889600166100025","20240503",2472.54248046875,8479.9671744192,6885.3778071774,"oligodendrocyte_2",NA,NA,NA,"male","M5",1,"0503_M5_C"
"2795903600669100153","20240613",3636.15014648438,5458.50877529837,10886.8301166914,"oligodendrocyte_progenitor_2",NA,NA,NA,"male","M4",1,"0613_M4_C"
"2707604700044100041","20240415",1932.26696777344,7578.31349002654,5519.4077867358,"oligodendrocyte_progenitor_2",NA,NA,NA,"male","M3",3,"0415_M3_S"
"2787445900622100096","20240503",1009.3916015625,8467.70689349365,4485.00018423561,"MV_ex_Syt2",4,"excitatory",14,"female","F3",1,"0503_F3_C"
"2787889600406100073","20240503",1466.03857421875,5150.13586057641,8864.7642528268,"DH_ex_Nmu/Tac2",1,"excitatory",8,"male","M4",2,"0503_M4_L"
"2656144900111100129","20240328",1247.83166503906,7781.09355283542,1115.98517388216,"DH_ex_Prkcg/Nts",1,"excitatory",8,"male","M1",1,"0328_M1_C"
"2787445900621100304","20240503",3347.41723632812,8174.78238445753,4633.40615509331,"MV_in_Gabra1",4,"inhibitory",16,"female","F3",1,"0503_F3_C"
"2946331700000022166","20240415",2243.63916015625,11077.8362888045,4225.53793435796,"DH_in_Kcnip2",1,"inhibitory",9,"female","F2",2,"0415_F2_L"
"2796212801050100028","20240613",1770.66015625,9998.27981032617,8903.74630326798,"DH_ex_Sox5/Tac1",1,"excitatory",5,"female","F4",1,"0613_F4_C"
"2795903600354100173","20240613",3795.49438476562,4546.74647884842,7564.16642282961,"astrocyte_1",NA,NA,NA,"male","M5",4,"0613_M5_T"
"2787445900131100077","20240503",2477.38989257812,5744.76534069248,785.495474428317,"astrocyte_1",NA,NA,NA,"female","F5",1,"0503_F5_C"
"2656143800080100205","20240328",3307.76098632812,2433.62418487085,3464.68285674276,"oligodendrocyte_1",NA,NA,NA,"male","M3",1,"0328_M3_C"
"2795584800163100102","20240610",3473.85717773438,5578.23529206938,5019.07317610513,"oligodendrocyte_2",NA,NA,NA,"female","F3",2,"0610_F3_L"
"2795584800449100183","20240610",2066.38671875,4967.99528329875,7296.90648001798,"DH_ex_Maf/Slc17a8",1,"excitatory",10,"female","F4",4,"0610_F4_T"
"2795103300332100065","20240610",3196.35717773438,5150.0670656155,2481.23849853777,"astrocyte_1",NA,NA,NA,"male","M5",4,"0610_M5_T"
"2795584800713100117","20240610",1469.92224121094,8230.85286157869,9280.86325340885,"DH_ex_Prkcg/Cck",1,"excitatory",8,"female","F5",3,"0610_F5_S"
"2796212800553100039","20240613",4301.8603515625,5289.97489294969,4674.17828732717,"M_in_Tfap2b",3,"inhibitory",12,"female","F3",2,"0613_F3_L"
"2787889600350100266","20240503",2293.26440429688,9494.76841664081,8539.73236714606,"astrocyte_1",NA,NA,NA,"male","M4",1,"0503_M4_C"
"2796212800812100072","20240613",2288.35205078125,6131.56334288046,6958.67943502433,"DH_ex_Prkcg/Nts",1,"excitatory",8,"female","F3",4,"0613_F3_T"
"2707604700094100140","20240415",3382.40502929688,8072.49995030643,6104.17544792243,"astrocyte_1",NA,NA,NA,"male","M3",3,"0415_M3_S"
"2796212800821100152","20240613",2466.18041992188,8538.48288882896,7085.44825683406,"gamma_motoneuron",NA,NA,22,"female","F4",1,"0613_F4_C"
"2656144900515100215","20240328",669.440307617188,11828.1774134614,5422.17283126208,"MV_in_Gabra1",4,"inhibitory",16,"male","M1",3,"0328_M1_S"
"2796212800295100043","20240613",3444.57592773438,4704.05182341626,2431.52351481642,"oligodendrocyte_progenitor_2",NA,NA,NA,"female","F4",3,"0613_F4_S"
"2656143800052200085","20240328",2145.51098632812,1581.60754393438,2975.4718395333,"DH_ex_Reln/Npff",1,"excitatory",1,"male","M3",1,"0328_M3_C"
"2796212800420100106","20240613",2757.04077148438,3699.63900588406,3600.91132039763,"MV_ex_Syt2",4,"excitatory",14,"female","F3",3,"0613_F3_S"
"2796212800625100259","20240613",2392.48364257812,7576.73259649985,5448.08793629037,"oligodendrocyte_2",NA,NA,NA,"female","F4",4,"0613_F4_T"
"2656144900217100111","20240328",3174.54248046875,8417.39313337185,2217.58133866321,"DH_ex_Nmu/Tac2",1,"excitatory",8,"male","M1",1,"0328_M1_C"
"2795584800172100130","20240610",2028.48645019531,8077.70560687227,4988.58852415299,"DH_ex_Cpne4",1,"excitatory",3,"female","F3",3,"0610_F3_S"
"2707604800360100107","20240415",2846.36669921875,1098.79787491815,7885.74225590401,"oligodendrocyte_precursor_cell",NA,NA,NA,"male","M1",1,"0415_M1_C"
"2946331700000012764","20240415",2874.880859375,10389.3670959212,2397.62595502532,"oligodendrocyte_precursor_cell",NA,NA,NA,"female","F2",4,"0415_F2_T"
"2656143800027100179","20240328",1034.10229492188,1718.82056153256,2749.92946729023,"DH_ex_Prkcg/Nts",1,"excitatory",8,"male","M3",1,"0328_M3_C"
"2796212800398100110","20240613",1882.98913574219,6626.30309212022,3362.70221697853,"oligodendrocyte_1",NA,NA,NA,"female","F4",2,"0613_F4_L"
"2707737900048100228","20240415",654.597473144531,10922.7431937827,8898.36508554011,"MV_in_Sema5b",4,"inhibitory",15,"female","F1",2,"0415_F1_L"
"2945606900000006347","20240328",1969.58166503906,1172.13969897742,5839.0213155807,"DH_ex_Sox5/Tac1",1,"excitatory",5,"female","F1",1,"0328_F1_C"
"2656144900541100283","20240328",2174.03857421875,11929.972828624,5792.5507876128,"oligodendrocyte_progenitor_2",NA,NA,NA,"male","M1",3,"0328_M1_S"
"2707604700094100196","20240415",2244.73510742188,8036.65227722959,6158.46657972911,"DH_ex_Reln",1,"excitatory",6,"male","M3",3,"0415_M3_S"
"2946331700000012697","20240415",3418.14013671875,10295.5482755264,2287.46582174546,"oligodendrocyte_1",NA,NA,NA,"female","F2",4,"0415_F2_T"
"2796212800593100063","20240613",3133.5751953125,7365.7466403842,4977.43330323044,"astrocyte_1",NA,NA,NA,"female","F4",4,"0613_F4_T"
"2707604800405100081","20240415",3592.82299804688,1923.36231224303,8424.122751449,"DM_ex_Zfhx3",2,"excitatory",11,"male","M1",1,"0415_M1_C"
"2795584800701100074","20240610",2620.64819335938,4800.16362534233,9236.40826616329,"oligodendrocyte_1",NA,NA,NA,"female","F5",4,"0610_F5_T"
"2787445900253100203","20240503",968.09228515625,8720.4905023661,1750.66844626315,"DH_in_Cdh3",1,"inhibitory",10,"female","F4",1,"0503_F4_C"
"2656144900238100084","20240328",3945.10302734375,6951.72596199937,2541.61208865605,"endothelial",NA,NA,NA,"male","M2",1,"0328_M2_C"
"2787445900754100069","20240503",1013.56774902344,4114.52786989178,5552.20073563681,"astrocyte_1",NA,NA,NA,"female","F3",2,"0503_F3_L"
"2795103300347200110","20240610",3613.90673828125,9349.80490575143,2636.84158743839,"oligodendrocyte_progenitor_2",NA,NA,NA,"male","M5",3,"0610_M5_S"
"2945606900000001974","20240328",2099.921875,1439.74222802823,5117.51766765144,"MV_ex_Syt2",4,"excitatory",14,"female","F1",1,"0328_F1_C"
"2787445900396100203","20240503",1955.67468261719,7411.35775791155,2927.74044716661,"endothelial",NA,NA,NA,"female","F4",1,"0503_F4_C"
"2796212800952100106","20240613",499.301635742188,9359.37423590012,8128.21985469377,"gamma_motoneuron",NA,NA,22,"female","F4",1,"0613_F4_C"
"2795584800203100229","20240610",1398.44860839844,6605.60382915713,5315.47103495742,"oligodendrocyte_progenitor_2",NA,NA,NA,"female","F3",2,"0610_F3_L"
"2946331700000010782","20240415",3512.38745117188,9695.56823537365,2177.08230604872,"oligodendrocyte_progenitor_2",NA,NA,NA,"female","F2",4,"0415_F2_T"
"2707604000110100019","20240415",1992.96154785156,6004.11644133386,9340.69935535515,"DH_in_Pdyn/Gal",1,"inhibitory",5,"male","M3",4,"0415_M3_T"
"2726544600405100096","20240422",3129.6123046875,4227.51543630421,10725.0360828838,"astrocyte_1",NA,NA,NA,"female","F1",2,"0422_F1_L"
"2795584800450100076","20240610",1585.11804199219,5091.06127986097,7200.86659250596,"microglia",NA,NA,NA,"female","F4",4,"0610_F4_T"
"2726562700298100134","20240422",1977.29235839844,9925.96946802574,11829.3468612591,"alpha_motoneuron",NA,NA,22,"female","F2",2,"0422_F2_L"
"2707604000056100217","20240415",4270.57080078125,7620.58456203353,8404.33620937042,"MV_in_Esrrb",4,"inhibitory",14,"male","M3",2,"0415_M3_L"
"2787889600267100014","20240503",2785.23046875,6409.9244536953,7701.32788207338,"oligodendrocyte_progenitor_2",NA,NA,NA,"male","M5",4,"0503_M5_T"
"2787445900224100201","20240503",3093.15844726562,679.840790433795,1837.35939942097,"MV_in_Esrrb",4,"inhibitory",14,"female","F5",3,"0503_F5_S"
"2656143800214100038","20240328",1688.85827636719,4885.77179368091,4763.03035596403,"DH_ex_Nmu/Tac2",1,"excitatory",8,"male","M3",4,"0328_M3_T"
"2726543700466100088","20240422",2142.28588867188,5462.08043987479,7553.11950350262,"MV_in_Chrna2",4,"inhibitory",19,"male","M3",2,"0422_M3_L"
"2656144900635100149","20240328",1420.615234375,8916.65916699549,6785.7984004468,"meninges_1",NA,NA,NA,"male","M2",2,"0328_M2_L"
"2707604800058100096","20240415",3575.91088867188,4547.60077032447,3749.04302955745,"oligodendrocyte_2",NA,NA,NA,"male","M1",2,"0415_M1_L"
"2795903600112100070","20240613",3918.7392578125,2286.34240166868,5045.39765454963,"oligodendrocyte_2",NA,NA,NA,"male","M5",2,"0613_M5_L"
"2796212800264100108","20240613",2612.21630859375,4884.49458919559,2205.96208829235,"oligodendrocyte_progenitor_2",NA,NA,NA,"female","F4",3,"0613_F4_S"
"2945606900000000572","20240328",2125.9765625,1123.07502355786,4433.61549826676,"endothelial",NA,NA,NA,"female","F1",1,"0328_F1_C"
"2795584800222100031","20240610",4171.29736328125,1711.80695189565,5467.11314097393,"oligodendrocyte_2",NA,NA,NA,"female","F3",1,"0610_F3_C"
"2656143800077100029","20240328",1429.81555175781,1652.83423054615,3189.05971889169,"DH_in_Pdyn/Gal",1,"inhibitory",5,"male","M3",1,"0328_M3_C"
"2946331700000016260","20240415",3331.81176757812,12157.8731715801,2985.80438619715,"oligodendrocyte_progenitor_2",NA,NA,NA,"female","F2",3,"0415_F2_S"
"2796212800880100067","20240613",578.703063964844,7105.37808575667,7539.00697503152,"beta_motoneuron",NA,NA,22,"female","F3",1,"0613_F3_C"
"2787889600093100257","20240503",3274.24267578125,8290.77308310033,6509.17874263693,"MV_ex_Syt2",4,"excitatory",14,"male","M5",1,"0503_M5_C"
"2946331700000000664","20240415",2540.5654296875,8144.5084838591,408.018235899101,"endothelial",NA,NA,NA,"female","F2",1,"0415_F2_C"
"2795584800166100182","20240610",3456.63647460938,6326.1014814066,5109.00684749457,"astrocyte_1",NA,NA,NA,"female","F3",2,"0610_F3_L"
"2707604800241100041","20240415",2007.24291992188,3011.5499996104,6050.92952482309,"M_in_Tfap2b",3,"inhibitory",12,"male","M1",4,"0415_M1_T"
"2795903600194100041","20240613",1496.62744140625,3398.64785600376,5740.95667904435,"MV_in_Gm26673",4,"inhibitory",19,"male","M5",2,"0613_M5_L"
"2945606900000018159","20240328",3557.23193359375,2687.00112913107,7461.27151676023,"oligodendrocyte_1",NA,NA,NA,"female","F1",4,"0328_F1_T"
"2707604000109100025","20240415",2833.04443359375,5658.27796087874,9350.4481874759,"astrocyte_1",NA,NA,NA,"male","M3",4,"0415_M3_T"
"2946331700000013295","20240415",4356.931640625,12394.9037077697,2407.29901741247,"oligodendrocyte_1",NA,NA,NA,"female","F2",3,"0415_F2_S"
"2796212800210100126","20240613",1954.19384765625,7710.82628523186,1833.1087741938,"DH_ex_Sox5",1,"excitatory",5,"female","F5",2,"0613_F5_L"
"2787889600312100274","20240503",2272.19604492188,9174.11400792981,8255.60645324626,"MV_in_Gabra1",4,"inhibitory",16,"male","M4",1,"0503_M4_C"
"2707604800341100137","20240415",3124.82373046875,1497.26098855492,7588.65456030634,"oligodendrocyte_progenitor_2",NA,NA,NA,"male","M1",1,"0415_M1_C"
"2787889600355100079","20240503",2596.46948242188,10914.0376215146,8541.63528326273,"oligodendrocyte_progenitor_2",NA,NA,NA,"male","M4",1,"0503_M4_C"
"2656144900503100206","20240328",3178.99389648438,8477.12341966417,5450.93902369855,"astrocyte_1",NA,NA,NA,"male","M2",2,"0328_M2_L"
"2707604700035100019","20240415",2635.88403320312,5065.84603349859,5459.58488598303,"microglia",NA,NA,NA,"male","M2",2,"0415_M2_L"
"2795903600669100212","20240613",2215.34692382812,5551.26925380898,10950.4733446356,"oligodendrocyte_progenitor_2",NA,NA,NA,"male","M4",1,"0613_M4_C"
"2726562800258100105","20240422",4772.84521484375,7296.10028055913,5490.44285479766,"DH_in_Pdyn",1,"inhibitory",2,"male","M2",2,"0422_M2_L"
"2787889600546100097","20240503",2287.60375976562,4077.36814227345,10008.8424960171,"DH_ex_Prkcg/Nts",1,"excitatory",8,"male","M4",3,"0503_M4_S"
"2796212800715100159","20240613",1887.02575683594,5924.29197878204,6304.84774273634,"oligodendrocyte_progenitor_2",NA,NA,NA,"female","F3",4,"0613_F3_T"
"2787445900718100196","20240503",2422.76416015625,4365.04643349268,5480.26210582208,"endothelial",NA,NA,NA,"female","F3",2,"0503_F3_L"
"2795903600435100030","20240613",2379.8291015625,5461.55686541102,8257.56453560828,"oligodendrocyte_precursor_cell",NA,NA,NA,"male","M5",1,"0613_M5_C"
"2707604000040200169","20240415",3222.61767578125,7488.06164584184,8200.80746541973,"oligodendrocyte_progenitor_2",NA,NA,NA,"male","M3",2,"0415_M3_L"
"2656144900504100170","20240328",2095.5615234375,8737.76708594761,5471.32850629749,"astrocyte_1",NA,NA,NA,"male","M2",2,"0328_M2_L"
"2707737900100100230","20240415",3059.10107421875,10908.76919776,10009.0345544957,"oligodendrocyte_progenitor_2",NA,NA,NA,"female","F1",2,"0415_F1_L"
"2946331700000015672","20240415",4263.06787109375,10647.4195042631,2800.41282826383,"oligodendrocyte_2",NA,NA,NA,"female","F2",2,"0415_F2_L"
"2707737900062100244","20240415",3281.33569335938,11120.9491439544,9152.82612408209,"MV_in_Gabra1",4,"inhibitory",16,"female","F1",2,"0415_F1_L"
"2707604700058100182","20240415",4042.232421875,4633.01843352318,5987.84118601773,"oligodendrocyte_2",NA,NA,NA,"male","M2",2,"0415_M2_L"
"2726544600245100298","20240422",2727.63037109375,3163.30390738667,9175.44283278659,"DH_in_Pdyn",1,"inhibitory",2,"female","F1",4,"0422_F1_T"
"2795584800086100119","20240610",2681.04418945312,4122.83467132752,4466.99031041903,"DH_ex_Gpr83",1,"excitatory",2,"female","F3",4,"0610_F3_T"
"2795584800436100303","20240610",2406.080078125,1244.71409630396,7379.99514345739,"DH_in_Rorb",1,"inhibitory",7,"female","F4",1,"0610_F4_C"
"2656143800192100137","20240328",1235.38208007812,5732.62329891569,4525.59674785897,"MV_in_Sema5b",4,"inhibitory",15,"male","M3",4,"0328_M3_T"
"2787445900584100130","20240503",2116.35717773438,8120.33201383974,4292.62407864176,"DH_in_Cdh3",1,"inhibitory",10,"female","F3",1,"0503_F3_C"
"2796212800232100166","20240613",2973.27368164062,5058.64001053013,2106.03044605616,"oligodendrocyte_progenitor_2",NA,NA,NA,"female","F4",3,"0613_F4_S"
"2707604800014100240","20240415",2543.12353515625,4139.21139010787,3162.72833951563,"endothelial",NA,NA,NA,"male","M1",3,"0415_M1_S"
"2656143800392100281","20240328",1764.3330078125,5821.01817473536,6831.62753432657,"MV_in_Gabra1",4,"inhibitory",16,"male","M3",2,"0328_M3_L"
"2707604000027100015","20240415",1182.93151855469,7871.43909412727,7656.24261853221,"Schwann_cell",NA,NA,NA,"male","M3",2,"0415_M3_L"
"2795584800125100087","20240610",3465.1630859375,4914.1872447308,4673.30606172571,"DH_ex_Sox5/Tac1",1,"excitatory",5,"female","F3",4,"0610_F3_T"
"2707604800143100139","20240415",3144.54321289062,4937.56211617216,4749.43211193616,"astrocyte_1",NA,NA,NA,"male","M1",2,"0415_M1_L"
"2946331700000002516","20240415",403.670288085938,7666.30997764827,1027.3622875773,"meninges_1",NA,NA,NA,"female","F2",1,"0415_F2_C"
"2707604700199100046","20240415",3222.69165039062,3992.95847321332,7506.00876533089,"astrocyte_2",NA,NA,NA,"male","M2",4,"0415_M2_T"
"2946331700000006518","20240415",1585.93078613281,8979.89403756801,1519.02789273404,"DH_ex_Maf/Cck",1,"excitatory",10,"female","F2",1,"0415_F2_C"
"2656144900185100079","20240328",3074.56079101562,6833.75895166974,2002.44010230945,"endothelial",NA,NA,NA,"male","M2",1,"0328_M2_C"
"2656144900085100059","20240328",1483.90209960938,7779.90388969248,781.81500821744,"DH_ex_Reln/Nmur2",1,"excitatory",3,"male","M1",1,"0328_M1_C"
"2656144900421100083","20240328",2019.990234375,7306.44857753651,4452.34615970685,"astrocyte_1",NA,NA,NA,"male","M2",4,"0328_M2_T"
"2707737900008100115","20240415",3117.66162109375,10533.1157638155,7913.40909393295,"MV_in_Gabra1",4,"inhibitory",16,"female","F1",3,"0415_F1_S"
"2707604800199100173","20240415",2130.36254882812,2802.64283421834,5687.35142773576,"oligodendrocyte_1",NA,NA,NA,"male","M1",4,"0415_M1_T"
"2946331700000002071","20240415",2572.77319335938,9322.10898117308,580.529533488327,"astrocyte_1",NA,NA,NA,"female","F2",1,"0415_F2_C"
"2795584800413100228","20240610",2534.560546875,4870.3402630488,7086.98081561674,"oligodendrocyte_progenitor_2",NA,NA,NA,"female","F4",4,"0610_F4_T"
"2796212800593100137","20240613",2068.62231445312,7410.19735785201,5037.22477382782,"MV_in_Gabra1",4,"inhibitory",16,"female","F4",4,"0613_F4_T"
"2656144900112100033","20240328",3125.99829101562,8208.11375623944,1052.05912323535,"microglia",NA,NA,NA,"male","M1",1,"0328_M1_C"
"2707604800219100169","20240415",1245.15161132812,2674.71488042222,6000.67672991799,"endothelial",NA,NA,NA,"male","M1",4,"0415_M1_T"
"2946331700000005061","20240415",2408.97021484375,8937.77524660953,1285.3590174251,"astrocyte_1",NA,NA,NA,"female","F2",1,"0415_F2_C"
"2795584800446100124","20240610",3234.12866210938,4146.66607330038,7310.26658131069,"astrocyte_1",NA,NA,NA,"female","F4",4,"0610_F4_T"
"2707604800340100075","20240415",2325.54663085938,1252.48231392881,7527.6406543171,"oligodendrocyte_progenitor_2",NA,NA,NA,"male","M1",1,"0415_M1_C"
"2796212801010100253","20240613",3449.6220703125,7714.88161186315,8853.57297090761,"oligodendrocyte_progenitor_2",NA,NA,NA,"female","F3",1,"0613_F3_C"
"2795903600589100275","20240613",4066.89233398438,4941.65471630261,10200.319738325,"MV_ex_Syt2",4,"excitatory",14,"male","M4",1,"0613_M4_C"
"2787445900207100232","20240503",3707.58764648438,6182.32270381122,1558.82323969115,"oligodendrocyte_2",NA,NA,NA,"female","F5",1,"0503_F5_C"
"2707737900034200090","20240415",4368.2275390625,10590.5011270979,8516.48418907612,"oligodendrocyte_2",NA,NA,NA,"female","F1",2,"0415_F1_L"
"2787445900402100112","20240503",5204.91552734375,8957.73744621431,2909.17758824068,"oligodendrocyte_2",NA,NA,NA,"female","F4",1,"0503_F4_C"
"2787445900550100022","20240503",436.317169189453,8926.50956230878,3830.13297854902,"DH_in_Rorb",1,"inhibitory",7,"female","F3",1,"0503_F3_C"
"2656143800027200224","20240328",2281.60473632812,1729.00928785742,2829.15364692907,"DH_in_Cdh3",1,"inhibitory",10,"male","M3",1,"0328_M3_C"
"2787445900326100061","20240503",2850.24951171875,8602.49263489922,2208.86064166829,"astrocyte_1",NA,NA,NA,"female","F4",1,"0503_F4_C"
"2796212800375100106","20240613",2164.56787109375,9253.70823269896,3073.38480424124,"endothelial",NA,NA,NA,"female","F5",4,"0613_F5_T"
"2795103300332100037","20240610",1933.46813964844,5151.92046283279,2442.35672502924,"MV_ex_Shox2",4,"excitatory",18,"male","M5",4,"0610_M5_T"
"2796212800585100162","20240613",3629.5224609375,5291.41623757686,5076.97407772986,"oligodendrocyte_1",NA,NA,NA,"female","F3",2,"0613_F3_L"
"2707604700034200011","20240415",2260.49731445312,4737.68730269957,5566.83285356918,"oligodendrocyte_2",NA,NA,NA,"male","M2",2,"0415_M2_L"
"2796212800395100111","20240613",3659.29565429688,5753.88400685694,3379.86902759422,"endothelial",NA,NA,NA,"female","F4",2,"0613_F4_L"
"2787445900545100071","20240503",4568.05712890625,7721.22531049582,3887.05685610045,"DH_in_Npy",1,"inhibitory",4,"female","F3",1,"0503_F3_C"
"2707604700250100221","20240415",937.335693359375,4775.1335366564,8157.93304991978,"DH_ex_Tac2",1,"excitatory",8,"male","M2",4,"0415_M2_T"
"2787445900622100025","20240503",1616.84130859375,8394.02226457838,4400.26294914409,"endothelial",NA,NA,NA,"female","F3",1,"0503_F3_C"
"2946331700000003192","20240415",1868.48559570312,8798.28520110226,986.04167221277,"oligodendrocyte_progenitor_2",NA,NA,NA,"female","F2",1,"0415_F2_C"
"2707604700034100014","20240415",2046.4892578125,4691.75118604359,5567.78452058858,"oligodendrocyte_2",NA,NA,NA,"male","M2",2,"0415_M2_L"
"2787889600584100191","20240503",3379.47436523438,4562.56410217047,10466.7891648352,"oligodendrocyte_2",NA,NA,NA,"male","M4",3,"0503_M4_S"
"2707604000057100100","20240415",1504.31823730469,8004.27822609671,8281.6431429058,"DH_ex_Tac2",1,"excitatory",8,"male","M3",2,"0415_M3_L"
"2795103300153100228","20240610",2473.7197265625,3954.39121655311,1256.39817070682,"astrocyte_1",NA,NA,NA,"male","M4",4,"0610_M4_T"
"2707604700086100252","20240415",2124.4814453125,5866.41200025467,6183.32961643592,"DH_in_Pdyn/Gal",1,"inhibitory",5,"male","M2",2,"0415_M2_L"
"2656144900376200073","20240328",2794.32983398438,9195.09918271634,3975.71021281439,"meninges_2",NA,NA,NA,"male","M1",4,"0328_M1_T"
"2707604700338100114","20240415",3710.27783203125,2517.4283479552,9325.8013198424,"oligodendrocyte_1",NA,NA,NA,"male","M2",1,"0415_M2_C"
"2787445900694100067","20240503",3742.60107421875,7958.27829233219,5004.26993187881,"gamma_motoneuron",NA,NA,22,"female","F3",1,"0503_F3_C"
"2656144900166100142","20240328",715.349914550781,8859.78699246717,1740.27328785032,"M_ex_Vsx2",3,"excitatory",20,"male","M1",1,"0328_M1_C"
"2787889600389100058","20240503",455.606811523438,10554.5924284938,8620.39710855624,"alpha_motoneuron",NA,NA,22,"male","M4",1,"0503_M4_C"
"2726544200046100231","20240422",1625.20629882812,5648.64065398102,1244.31446986229,"oligodendrocyte_1",NA,NA,NA,"male","M1",1,"0422_M1_C"
"2795903600563100287","20240613",1140.40319824219,4998.38613366452,9900.82378396371,"DH_ex_Prkcg/Nts",1,"excitatory",8,"male","M4",1,"0613_M4_C"
"2787445900128100098","20240503",1057.95178222656,4827.85518754274,970.369157659268,"oligodendrocyte_2",NA,NA,NA,"female","F5",4,"0503_F5_T"
"2787445900266200023","20240503",2429.0078125,2139.31710780752,1881.15554813266,"DH_in_Klhl14",1,"inhibitory",10,"female","F5",2,"0503_F5_L"
"2796212800375100176","20240613",2857.83374023438,9054.52041193284,3173.0171785634,"oligodendrocyte_progenitor_2",NA,NA,NA,"female","F5",4,"0613_F5_T"
"2787889600396100207","20240503",3490.0078125,2317.98979748427,9070.85770173646,"oligodendrocyte_progenitor_2",NA,NA,NA,"male","M5",3,"0503_M5_S"
"2707737900061100018","20240415",2538.93432617188,11019.4867013781,8901.954549802,"MV_in_Gabra1",4,"inhibitory",16,"female","F1",2,"0415_F1_L"
"2946331700000004265","20240415",1363.25158691406,7999.65734596015,1204.43632196536,"DH_in_Cdh3",1,"inhibitory",10,"female","F2",1,"0415_F2_C"
"2707737900113100018","20240415",4475.8564453125,10749.670594495,10027.7625575531,"oligodendrocyte_progenitor_2",NA,NA,NA,"female","F1",2,"0415_F1_L"
"2787445900265100036","20240503",3073.69091796875,1864.66120333853,1870.97833229101,"oligodendrocyte_progenitor_2",NA,NA,NA,"female","F5",2,"0503_F5_L"
"2707604000039100163","20240415",1883.97705078125,7146.19470510707,8086.67108817652,"oligodendrocyte_1",NA,NA,NA,"male","M3",2,"0415_M3_L"
"2707604800013100183","20240415",1963.13342285156,3850.68560328626,3213.75523517793,"MV_ex_Shox2",4,"excitatory",18,"male","M1",3,"0415_M1_S"
"2946331700000013032","20240415",2858.86328125,11123.2203715283,2428.67037547712,"astrocyte_2",NA,NA,NA,"female","F2",2,"0415_F2_L"
"2795584800713100064","20240610",2605.58837890625,8373.43243531615,9226.86671040494,"endothelial",NA,NA,NA,"female","F5",3,"0610_F5_S"
"2795103300409100112","20240610",1554.21459960938,7039.67302497581,3128.03080725708,"oligodendrocyte_1",NA,NA,NA,"male","M5",2,"0610_M5_L"
"2656144900505100087","20240328",2678.77807617188,9101.11078210449,5318.92701377835,"oligodendrocyte_progenitor_1",NA,NA,NA,"male","M2",2,"0328_M2_L"
"2656143800053100117","20240328",2530.68920898438,1871.92930224787,3015.5912506748,"oligodendrocyte_2",NA,NA,NA,"male","M3",1,"0328_M3_C"
"2707604700227100146","20240415",4708.40966796875,4980.12695775014,7887.02271898085,"endothelial",NA,NA,NA,"male","M2",4,"0415_M2_T"
"2946331700000010921","20240415",3044.31860351562,10150.2064544836,2067.5455304592,"DH_in_Pdyn",1,"inhibitory",2,"female","F2",4,"0415_F2_T"
"2946331700000017554","20240415",3724.66088867188,10994.2522734572,3264.29403784862,"astrocyte_1",NA,NA,NA,"female","F2",2,"0415_F2_L"
"2707604800079100114","20240415",3796.81030273438,4572.01980169152,3949.54211808182,"oligodendrocyte_2",NA,NA,NA,"male","M1",2,"0415_M1_L"
"2656144900394100123","20240328",3187.4091796875,7055.3728844092,4296.93297627024,"endothelial",NA,NA,NA,"male","M2",4,"0328_M2_T"
"2796212800946100203","20240613",1601.8369140625,7613.6892787274,8203.76759274601,"MV_ex_Syt2",4,"excitatory",14,"female","F3",1,"0613_F3_C"
"2707604800034100082","20240415",1204.93969726562,3811.04095331673,3268.82250902196,"oligodendrocyte_progenitor_2",NA,NA,NA,"male","M1",3,"0415_M1_S"
"2726562700178100238","20240422",1507.353515625,11542.8665035557,10218.222888561,"DH_ex_Prkcg/Cck",1,"excitatory",8,"female","F2",4,"0422_F2_T"
"2656144900503100227","20240328",1313.2109375,8347.28799944333,5463.8936580156,"DH_ex_Reln/Nmur2",1,"excitatory",3,"male","M2",2,"0328_M2_L"
"2796212801050100127","20240613",3652.13012695312,9902.52328399755,9004.63158749437,"DM_ex_Zfhx3",2,"excitatory",11,"female","F4",1,"0613_F4_C"
"2707604800141100181","20240415",2423.2705078125,4446.76273947465,4772.06736101676,"astrocyte_1",NA,NA,NA,"male","M1",2,"0415_M1_L"
"2796212800242100045","20240613",2660.70849609375,7672.68261331134,1893.71648704726,"MV_ex_Syt2",4,"excitatory",14,"female","F5",2,"0613_F5_L"
"2787889600351100314","20240503",2777.66943359375,9826.30826277588,8541.75196637132,"oligodendrocyte_progenitor_1",NA,NA,NA,"male","M4",1,"0503_M4_C"
"2795903600269100167","20240613",1534.24475097656,2647.37793727925,6697.4270226213,"oligodendrocyte_2",NA,NA,NA,"male","M4",2,"0613_M4_L"
"2656144300187100018","20240328",2819.63403320312,8870.19227520086,12425.7774624671,"M_ex_Vsx2",3,"excitatory",20,"female","F2",2,"0328_F2_L"
"2787445900550100129","20240503",1181.85205078125,8964.42205446982,3927.36120196022,"DH_ex_Prkcg/Nts",1,"excitatory",8,"female","F3",1,"0503_F3_C"
"2726544600108100122","20240422",2260.50048828125,1164.81192631563,7605.34330836078,"oligodendrocyte_progenitor_2",NA,NA,NA,"female","F1",1,"0422_F1_C"
"2656144300188100154","20240328",3346.33544921875,9116.32249736721,12572.7786272144,"M_ex_Vsx2",3,"excitatory",20,"female","F2",2,"0328_F2_L"
"2707604700222100065","20240415",4373.98291015625,3736.21564351053,7800.10363435908,"oligodendrocyte_2",NA,NA,NA,"male","M2",4,"0415_M2_T"
"2796212800823100133","20240613",3597.87866210938,9080.19351591915,7012.79265770572,"astrocyte_1",NA,NA,NA,"female","F4",1,"0613_F4_C"
"2795903600144100058","20240613",930.217529296875,3894.72049227846,5358.56137551501,"astrocyte_2",NA,NA,NA,"male","M5",2,"0613_M5_L"
"2787889600244100030","20240503",2265.92578125,10169.4309140618,7638.39570167934,"DH_in_Cdh3",1,"inhibitory",10,"male","M4",1,"0503_M4_C"
"2656143800153100282","20240328",1169.35522460938,1954.26750888918,4284.22855294181,"DH_in_Cdh3",1,"inhibitory",10,"male","M3",1,"0328_M3_C"
"2945606900000014601","20240328",1598.58483886719,2557.33735132348,7170.49911869181,"DH_in_Npy",1,"inhibitory",4,"female","F1",4,"0328_F1_T"
"2707737900033100017","20240415",1825.79565429688,10450.0710118461,8339.74141817051,"oligodendrocyte_2",NA,NA,NA,"female","F1",3,"0415_F1_S"
"2795903600300100103","20240613",2107.98706054688,4120.76401473765,6920.06044601122,"DH_ex_Tac2",1,"excitatory",8,"male","M5",4,"0613_M5_T"
"2787445900252100162","20240503",540.163452148438,8470.74563167908,1729.74952658938,"DH_ex_Prkcg/Cck",1,"excitatory",8,"female","F4",1,"0503_F4_C"
"2945606900000001470","20240328",2107.22094726562,573.751106551143,5083.89795215047,"DH_in_Npy",1,"inhibitory",4,"female","F1",1,"0328_F1_C"
"2795903600032100139","20240613",3396.14990234375,1752.26709094596,4163.88988778697,"MV_ex_Shox2",4,"excitatory",18,"male","M5",3,"0613_M5_S"
"2707737900063100081","20240415",2975.3857421875,11316.3710580535,8995.00808181381,"DH_ex_Tac2",1,"excitatory",8,"female","F1",2,"0415_F1_L"
"2656144300212100072","20240328",1163.4736328125,9215.89655340752,12739.9663748534,"oligodendrocyte_precursor_cell",NA,NA,NA,"female","F2",2,"0328_F2_L"
"2796212800232100155","20240613",2657.33374023438,4922.06283955649,2090.33299698064,"astrocyte_1",NA,NA,NA,"female","F4",3,"0613_F4_S"
"2795103300164100105","20240610",4975.59130859375,6949.61031868402,1109.99126059777,"alpha_motoneuron",NA,NA,22,"male","M4",2,"0610_M4_L"
"2707604700410100048","20240415",3405.865234375,2630.39580120499,9996.26769986343,"oligodendrocyte_2",NA,NA,NA,"male","M2",1,"0415_M2_C"
"2796212800887100043","20240613",3567.63208007812,9035.08631288446,7495.62849870033,"MV_in_Gm26673",4,"inhibitory",19,"female","F4",1,"0613_F4_C"
"2795103300331100141","20240610",2849.91064453125,4917.15720155474,2559.8911854928,"endothelial",NA,NA,NA,"male","M5",4,"0610_M5_T"
"2946331700000018966","20240415",6272.0947265625,11224.8159225989,3467.07003050749,"astrocyte_1",NA,NA,NA,"female","F2",2,"0415_F2_L"
"2787445900325100182","20240503",3831.90600585938,8356.07713753916,2312.70275048137,"MV_in_Gabra1",4,"inhibitory",16,"female","F4",1,"0503_F4_C"
"2787445900619100155","20240503",3025.42309570312,7569.42879277607,4574.58800470062,"MV_in_Gabra1",4,"inhibitory",16,"female","F3",1,"0503_F3_C"
"2726562700255100114","20240422",955.969848632812,9658.73731647716,11210.3637929559,"MV_in_Sema5b",4,"inhibitory",15,"female","F2",2,"0422_F2_L"
"2787889600195100212","20240503",3612.55981445312,6480.91648828611,7359.64956973307,"DH_ex_Grp",1,"excitatory",6,"male","M5",4,"0503_M5_T"
"2707604700109100199","20240415",3748.88891601562,5517.78699964896,6520.42217494058,"DH_ex_Reln/Npff",1,"excitatory",1,"male","M2",2,"0415_M2_L"
"2787445900204100101","20240503",1013.15008544922,5303.33427910879,1482.33946663476,"oligodendrocyte_2",NA,NA,NA,"female","F5",1,"0503_F5_C"
"2796212800461200087","20240613",1190.81604003906,6239.80904199742,3958.86209621117,"oligodendrocyte_1",NA,NA,NA,"female","F4",2,"0613_F4_L"
"2795584800493100180","20240610",1680.5830078125,7062.32784502377,7505.6397411876,"DH_in_Npy",1,"inhibitory",4,"female","F4",2,"0610_F4_L"
"2787445900321100105","20240503",2320.0859375,7138.14594680211,2344.08402975911,"oligodendrocyte_1",NA,NA,NA,"female","F4",1,"0503_F4_C"
"2945606900000016601","20240328",2147.19921875,2532.70427654439,7247.72275497075,"DH_ex_Reln/Npff",1,"excitatory",1,"female","F1",4,"0328_F1_T"
"2795584800161100313","20240610",3266.65307617188,4840.50744339585,5146.96143039208,"meninges_2",NA,NA,NA,"female","F3",4,"0610_F3_T"
"2795903600453100037","20240613",7659.07373046875,3073.99271563877,8548.22204057676,"M_ex_Vsx2/Shox2",3,"excitatory",20,"male","M4",4,"0613_M4_T"
"2796212800421100119","20240613",3238.97265625,4224.83224348491,3735.56180503755,"oligodendrocyte_2",NA,NA,NA,"female","F3",2,"0613_F3_L"
"2656143800442200162","20240328",4766.28466796875,5789.10518379876,7351.84705369767,"oligodendrocyte_progenitor_2",NA,NA,NA,"male","M3",2,"0328_M3_L"
"2656144900087100128","20240328",2359.8701171875,8545.64160964565,919.124296311056,"endothelial",NA,NA,NA,"male","M1",1,"0328_M1_C"
"2787445900134100141","20240503",1352.83825683594,6656.44714005652,857.723356008704,"oligodendrocyte_1",NA,NA,NA,"female","F5",1,"0503_F5_C"
"2787445900260100123","20240503",3182.54467773438,368.959555430527,2120.15870004447,"oligodendrocyte_2",NA,NA,NA,"female","F5",3,"0503_F5_S"
"2795584800227100019","20240610",3298.58276367188,3073.02767623487,5440.70370540951,"oligodendrocyte_1",NA,NA,NA,"female","F3",1,"0610_F3_C"
"2707604700226200053","20240415",3377.50415039062,4703.58824812603,7770.18270001584,"oligodendrocyte_2",NA,NA,NA,"male","M2",4,"0415_M2_T"
"2787445900288100031","20240503",3960.57934570312,8093.00061123865,1893.34423573484,"oligodendrocyte_2",NA,NA,NA,"female","F4",1,"0503_F4_C"
"2707604800242100179","20240415",2282.1845703125,3264.88064347231,6161.81842999719,"astrocyte_1",NA,NA,NA,"male","M1",4,"0415_M1_T"
"2796212801042200051","20240613",3214.47827148438,7638.17592458799,8952.79455766853,"oligodendrocyte_progenitor_2",NA,NA,NA,"female","F3",1,"0613_F3_C"
"2787445900126100121","20240503",2683.05908203125,4236.23071966093,964.193137085589,"DM_ex_Zfhx3",2,"excitatory",11,"female","F5",4,"0503_F5_T"
"2656143800005200064","20240328",4467.22509765625,2417.13276931654,2558.21586638241,"oligodendrocyte_2",NA,NA,NA,"male","M3",1,"0328_M3_C"
"2787889600546100314","20240503",711.905456542969,4117.63315013802,10196.4898358042,"MV_in_Gm26673",4,"inhibitory",19,"male","M4",3,"0503_M4_S"
"2787889600132100205","20240503",2903.712890625,9134.29903864488,6807.81552786002,"oligodendrocyte_1",NA,NA,NA,"male","M5",1,"0503_M5_C"
"2795903600031100190","20240613",4909.67529296875,1435.01882697985,4275.25604407204,"MV_ex_Shox2",4,"excitatory",18,"male","M5",3,"0613_M5_S"
"2787445900715100108","20240503",3102.32055664062,3420.537333316,5347.29328663151,"oligodendrocyte_2",NA,NA,NA,"female","F3",2,"0503_F3_L"
"2656144900114100017","20240328",3508.78515625,8860.50920233266,1025.62962495265,"oligodendrocyte_2",NA,NA,NA,"male","M1",1,"0328_M1_C"
"2656144900504100138","20240328",3853.96533203125,8868.12923557246,5423.41217353429,"M_ex_Vsx2",3,"excitatory",20,"male","M2",2,"0328_M2_L"
"2787889600349100193","20240503",1065.2314453125,9216.32780399709,8509.61467567584,"MV_ex_Shox2",4,"excitatory",18,"male","M4",1,"0503_M4_C"
"2796212800364200078","20240613",3821.94506835938,5968.79186622147,3105.27409047668,"oligodendrocyte_progenitor_2",NA,NA,NA,"female","F4",2,"0613_F4_L"
"2787445900860100153","20240503",1585.54797363281,2667.45611589641,6531.02907309526,"oligodendrocyte_progenitor_2",NA,NA,NA,"female","F3",3,"0503_F3_S"
"2656144900480100142","20240328",1568.95483398438,9183.82930915451,5196.39388698268,"alpha_motoneuron",NA,NA,22,"male","M2",2,"0328_M2_L"
"2795103300382100163","20240610",3364.896484375,9206.71615165874,2852.82513092968,"DH_in_Cdh3",1,"inhibitory",10,"male","M5",3,"0610_M5_S"
"2946331700000017344","20240415",2677.30126953125,10796.6566362709,3111.56295140597,"oligodendrocyte_progenitor_1",NA,NA,NA,"female","F2",2,"0415_F2_L"
"2787445900399100081","20240503",1363.7236328125,8279.8802387563,2781.21086725322,"astrocyte_1",NA,NA,NA,"female","F4",1,"0503_F4_C"
"2787889600276100013","20240503",2185.52465820312,9151.72141202353,7857.79447820628,"meninges_1",NA,NA,NA,"male","M4",1,"0503_M4_C"
"2656144900369100130","20240328",2949.9560546875,7262.43158606504,3956.50920666011,"DH_in_Cdh3",1,"inhibitory",10,"male","M2",4,"0328_M2_T"
"2946331700000013514","20240415",2536.95458984375,12672.5448174035,2424.05692483229,"DH_ex_Maf/Cck",1,"excitatory",10,"female","F2",3,"0415_F2_S"
"2656144900589100107","20240328",2249.82421875,10757.4727394449,6156.16190140741,"astrocyte_1",NA,NA,NA,"male","M1",2,"0328_M1_L"
"2795903600481100047","20240613",3002.232421875,3689.97352281876,8848.70528436938,"astrocyte_1",NA,NA,NA,"male","M4",4,"0613_M4_T"
"2726544600107200114","20240422",4496.9794921875,932.899499201689,7679.72518420964,"oligodendrocyte_precursor_cell",NA,NA,NA,"female","F1",1,"0422_F1_C"
"2726562800241100012","20240422",1583.50317382812,7800.91159008714,5143.49987037416,"oligodendrocyte_progenitor_2",NA,NA,NA,"male","M2",2,"0422_M2_L"
"2796212800890100038","20240613",3249.52270507812,10002.7396596428,7524.92162009666,"meninges_2",NA,NA,NA,"female","F4",1,"0613_F4_C"
"2795103300110100181","20240610",3837.07763671875,1679.968807749,965.324766255741,"MV_in_Sema5b",4,"inhibitory",15,"male","M4",1,"0610_M4_C"
"2707604700083100291","20240415",1610.42358398438,4967.16814040142,6266.4997543646,"MV_in_Gabra1",4,"inhibitory",16,"male","M2",2,"0415_M2_L"
"2707604800283100110","20240415",2043.85034179688,2937.83716367988,6717.17423122772,"DH_in_Rorb",1,"inhibitory",7,"male","M1",4,"0415_M1_T"
"2787445900677100038","20240503",1061.42846679688,3239.09541540634,5077.52529759251,"DH_in_Pdyn/Gal",1,"inhibitory",5,"female","F3",2,"0503_F3_L"
"2946331700000013128","20240415",1523.02392578125,12198.0182186031,2366.28177951952,"DH_ex_Prkcg/Nts",1,"excitatory",8,"female","F2",3,"0415_F2_S"
"2787889600316100216","20240503",3709.51293945312,10285.0887605662,8206.36218293614,"astrocyte_1",NA,NA,NA,"male","M4",1,"0503_M4_C"
"2796212800918100051","20240613",4013.00146484375,8843.28568233922,7805.21033318233,"M_ex_Vsx2",3,"excitatory",20,"female","F4",1,"0613_F4_C"
"2795903600542100082","20240613",4442.95849609375,6186.51876498541,9495.37505474919,"alpha_motoneuron",NA,NA,22,"male","M5",1,"0613_M5_C"
"2795584800435100297","20240610",1415.96325683594,915.740001843275,7337.04761560851,"DH_ex_Nmu/Tac2",1,"excitatory",8,"female","F4",1,"0610_F4_C"
"2707737900086100089","20240415",2284.56225585938,10537.7648616809,9582.12245353672,"astrocyte_1",NA,NA,NA,"female","F1",2,"0415_F1_L"
"2787889600422100054","20240503",2785.95263671875,9501.33549306495,8874.52492208465,"oligodendrocyte_progenitor_1",NA,NA,NA,"male","M4",1,"0503_M4_C"
"2795903600355100061","20240613",1712.70812988281,4825.21610573778,7459.47070800702,"DH_ex_Nmu/Tac2",1,"excitatory",8,"male","M5",4,"0613_M5_T"
"2787445900300100056","20240503",2552.11840820312,1122.85094909479,2208.06707207896,"MV_ex_Syt2",4,"excitatory",14,"female","F5",3,"0503_F5_S"
"2656144900642100137","20240328",3034.0263671875,10864.7124053196,6836.70701797051,"oligodendrocyte_precursor_cell",NA,NA,NA,"male","M1",2,"0328_M1_L"
"2707604700012100151","20240415",2133.5888671875,5265.51250834027,5403.79953884589,"astrocyte_1",NA,NA,NA,"male","M2",2,"0415_M2_L"
"2796212800431100265","20240613",2459.48876953125,6989.99104627687,3744.68539834116,"astrocyte_1",NA,NA,NA,"female","F4",2,"0613_F4_L"
"2656144900582100162","20240328",1569.08557128906,8758.20340228621,6262.18352254673,"MV_in_Sema5b",4,"inhibitory",15,"male","M2",2,"0328_M2_L"
"2656144900447100099","20240328",898.395690917969,7240.69293835765,4768.49415285104,"DH_ex_Sox5",1,"excitatory",5,"male","M2",4,"0328_M2_T"
"2707604000086200254","20240415",2265.13623046875,7730.96029525864,9030.87163980266,"astrocyte_1",NA,NA,NA,"male","M3",2,"0415_M3_L"
"2796212800273100138","20240613",2334.3486328125,7357.77206834033,2247.46747372765,"MV_in_Sema5b",4,"inhibitory",15,"female","F5",2,"0613_F5_L"
"2787445900859100074","20240503",1870.08056640625,2186.01146096157,6417.57931102336,"MV_in_Gm26673",4,"inhibitory",19,"female","F3",3,"0503_F3_S"
"2795903600696100023","20240613",3191.56127929688,5694.80132106476,11056.6143980785,"DH_in_Npy",1,"inhibitory",4,"male","M4",1,"0613_M4_C"
"2795584800741100095","20240610",4768.92041015625,5883.19474609476,9326.37593299089,"Schwann_cell",NA,NA,NA,"female","F5",4,"0610_F5_T"
"2787445900471100057","20240503",3965.19165039062,7620.86012928584,3294.32320116146,"oligodendrocyte_precursor_cell",NA,NA,NA,"female","F4",1,"0503_F4_C"
"2795903600461100105","20240613",2275.67260742188,5537.22590938112,8628.34173392187,"oligodendrocyte_progenitor_2",NA,NA,NA,"male","M5",1,"0613_M5_C"
"2707737900020100052","20240415",2091.45361328125,10200.3258865799,8086.41271807021,"astrocyte_1",NA,NA,NA,"female","F1",3,"0415_F1_S"
"2946331700000004413","20240415",1986.52807617188,8002.08814604004,1176.63698392094,"DH_in_Npy2r",1,"inhibitory",9,"female","F2",1,"0415_F2_C"
"2796212800141100067","20240613",2580.50024414062,6385.9432607498,1120.35235894623,"oligodendrocyte_2",NA,NA,NA,"female","F5",3,"0613_F5_S"
"2726543700098100127","20240422",3323.865234375,923.698449667965,4540.6212583743,"MV_in_Gabra1",4,"inhibitory",16,"male","M3",1,"0422_M3_C"
"2787445900291100123","20240503",2521.78491210938,9164.30267855222,2099.33015644451,"oligodendrocyte_2",NA,NA,NA,"female","F4",1,"0503_F4_C"
"2946331700000022128","20240415",1678.865234375,10920.8105677331,4186.66969568901,"DH_ex_Nmu/Tac2",1,"excitatory",8,"female","F2",2,"0415_F2_L"
"2795103300127100179","20240610",474.2822265625,6591.0153263543,982.348416296067,"alpha_motoneuron",NA,NA,22,"male","M4",2,"0610_M4_L"
"2707604700338100110","20240415",5499.59619140625,2484.40131100523,9315.41539503069,"astrocyte_1",NA,NA,NA,"male","M2",1,"0415_M2_C"
"2795584800102100067","20240610",3368.22534179688,8560.4420975828,4364.43211005867,"oligodendrocyte_2",NA,NA,NA,"female","F3",3,"0610_F3_S"
"2795103300064100040","20240610",2693.51831054688,8378.23948438338,219.029312378028,"alpha_motoneuron",NA,NA,22,"male","M4",3,"0610_M4_S"
"2787445900330200031","20240503",1757.92565917969,9558.13361517421,2386.68354125816,"DH_ex_Grpr",1,"excitatory",2,"female","F4",1,"0503_F4_C"
"2946331700000004525","20240415",2341.2119140625,8142.06480895824,1305.3737801094,"DH_in_Cdh3",1,"inhibitory",10,"female","F2",1,"0415_F2_C"
"2787889600513100073","20240503",470.709014892578,4872.71115905338,9755.4066024176,"beta_motoneuron",NA,NA,22,"male","M4",2,"0503_M4_L"
"2707604700060100058","20240415",2274.24243164062,5383.82986367721,5750.94869958889,"endothelial",NA,NA,NA,"male","M2",2,"0415_M2_L"
"2795103300108100038","20240610",3932.6875,1122.15910673885,771.605585457582,"endothelial",NA,NA,NA,"male","M4",1,"0610_M4_C"
"2787445900400100018","20240503",5165.9150390625,8563.76673379331,2710.3014131026,"alpha_motoneuron",NA,NA,22,"female","F4",1,"0503_F4_C"
"2787445900395100073","20240503",356.944213867188,7056.59569649259,2754.93124484815,"beta_motoneuron",NA,NA,22,"female","F4",1,"0503_F4_C"
"2787889600451100166","20240503",1210.728515625,7681.73998064874,9363.45731746123,"astrocyte_1",NA,NA,NA,"male","M4",4,"0503_M4_T"
"2795584800371100068","20240610",3439.134765625,3246.94456971186,6700.16703731516,"oligodendrocyte_2",NA,NA,NA,"female","F4",1,"0610_F4_C"
"2656144900477100034","20240328",4070.41821289062,8560.98257629656,5018.00453692052,"oligodendrocyte_2",NA,NA,NA,"male","M2",2,"0328_M2_L"
"2787445900232100111","20240503",3602.4912109375,2789.0207292476,1741.39644104318,"astrocyte_1",NA,NA,NA,"female","F5",2,"0503_F5_L"
"2795903600057100096","20240613",4826.08837890625,1361.08728585588,4422.43702294934,"oligodendrocyte_progenitor_2",NA,NA,NA,"male","M5",3,"0613_M5_S"
"2707604800403100177","20240415",1268.67358398438,1205.1606841131,8429.30073280248,"MV_ex_Syt2",4,"excitatory",14,"male","M1",1,"0415_M1_C"
"2796212800454200071","20240613",5964.97265625,4354.4906678861,3974.46982765209,"oligodendrocyte_1",NA,NA,NA,"female","F3",2,"0613_F3_L"
"2707604000124100196","20240415",1880.46606445312,5554.54602018786,9813.35681652002,"oligodendrocyte_1",NA,NA,NA,"male","M3",4,"0415_M3_T"
"2707604800362100014","20240415",2682.35888671875,1534.21938093717,7704.84988092608,"endothelial",NA,NA,NA,"male","M1",1,"0415_M1_C"
"2795103300196100110","20240610",2889.85034179688,6221.64003955066,1379.05895155045,"oligodendrocyte_2",NA,NA,NA,"male","M4",2,"0610_M4_L"
"2795584800424100151","20240610",4032.79809570312,8038.52890702221,6993.69902777803,"oligodendrocyte_2",NA,NA,NA,"female","F4",3,"0610_F4_S"
"2795584800137100097","20240610",2218.412109375,8366.51414694201,4669.0136134291,"MV_in_Esrrb",4,"inhibitory",14,"female","F3",3,"0610_F3_S"
"2795584800451100007","20240610",6066.5400390625,5374.05382660998,7118.67803507285,"microglia",NA,NA,NA,"female","F4",4,"0610_F4_T"
"2707604700094100060","20240415",2254.6103515625,8034.10745893948,6027.12116048508,"endothelial",NA,NA,NA,"male","M3",3,"0415_M3_S"
"2707604800162100101","20240415",1942.53405761719,4324.34734106273,5052.10550800292,"oligodendrocyte_progenitor_2",NA,NA,NA,"male","M1",2,"0415_M1_L"
"2787445900390100101","20240503",3932.09594726562,5667.58570104965,2816.90989970454,"oligodendrocyte_progenitor_2",NA,NA,NA,"female","F4",4,"0503_F4_T"
"2787445900550100258","20240503",1976.6845703125,8964.98731519002,4033.66956266997,"astrocyte_1",NA,NA,NA,"female","F3",1,"0503_F3_C"
"2726544600053100085","20240422",1915.78100585938,430.731866799833,7002.29042885592,"astrocyte_1",NA,NA,NA,"female","F1",1,"0422_F1_C"
"2796212800398100158","20240613",4125.298828125,6767.45413358789,3403.01994169841,"DH_ex_Nmu/Tac2",1,"excitatory",8,"female","F4",2,"0613_F4_L"
"2656144900615100280","20240328",2434.82983398438,10572.3895720757,6621.00649858398,"microglia",NA,NA,NA,"male","M1",2,"0328_M1_L"
"2796212800715100151","20240613",1286.39343261719,5702.98272068147,6293.20389951521,"DM_ex_Zfhx3",2,"excitatory",11,"female","F3",4,"0613_F3_T"
"2707604700058100151","20240415",3757.05493164062,4739.56610364431,5941.28799006878,"oligodendrocyte_progenitor_2",NA,NA,NA,"male","M2",2,"0415_M2_L"
"2795903600211100265","20240613",3300.20434570312,1037.43964447732,6227.20897064547,"M_ex_Vsx2/Shox2",3,"excitatory",20,"male","M4",3,"0613_M4_S"
"2787445900723100091","20240503",3548.62890625,5811.53014392836,5340.6337298982,"oligodendrocyte_progenitor_2",NA,NA,NA,"female","F3",4,"0503_F3_T"
"2796212800759100078","20240613",1713.91174316406,9286.21676008962,6388.36858659249,"DH_in_Pdyn",1,"inhibitory",2,"female","F4",1,"0613_F4_C"
"2656144900138100112","20240328",4291.4931640625,8072.6878563326,1404.05161416449,"astrocyte_1",NA,NA,NA,"male","M1",1,"0328_M1_C"
"2796212800822100044","20240613",1366.89343261719,8875.34025128931,6929.45689568319,"MV_in_Gm26673",4,"inhibitory",19,"female","F4",1,"0613_F4_C"
"2946331700000013478","20240415",7327.98046875,12596.0080724809,2228.79714676517,"DH_in_Pdyn/Gal",1,"inhibitory",5,"female","F2",3,"0415_F2_S"
"2656143800028100205","20240328",3047.60668945312,1845.72017179776,2831.40848868689,"MV_in_Gabra1",4,"inhibitory",16,"male","M3",1,"0328_M3_C"
"2787889600128100154","20240503",3317.94921875,7888.24120237445,6803.67927523507,"endothelial",NA,NA,NA,"male","M5",1,"0503_M5_C"
"2656144900615100019","20240328",3658.70751953125,10566.6716051323,6365.50792893938,"MV_in_Gabra1",4,"inhibitory",16,"male","M1",2,"0328_M1_L"
"2796212801042100136","20240613",3576.70263671875,7806.85337929614,8998.04502695252,"oligodendrocyte_progenitor_2",NA,NA,NA,"female","F3",1,"0613_F3_C"
"2787445900695100023","20240503",3482.7607421875,8255.18733526859,4985.55266035617,"astrocyte_2",NA,NA,NA,"female","F3",1,"0503_F3_C"
"2945606900000028641","20240328",1839.92761230469,5276.60582284356,9935.32083394278,"MV_in_Sema5b",4,"inhibitory",15,"female","F1",3,"0328_F1_S"
"2656144300163100237","20240328",2820.13549804688,8459.70151281869,12394.5871005643,"endothelial",NA,NA,NA,"female","F2",2,"0328_F2_L"
"2656143800215100172","20240328",1697.10974121094,5170.42455077532,4735.13473188959,"DM_ex_Zfhx3",2,"excitatory",11,"male","M3",4,"0328_M3_T"
"2946331700000008207","20240415",3096.4951171875,8900.19855696417,1718.62400650181,"astrocyte_2",NA,NA,NA,"female","F2",1,"0415_F2_C"
"2707604700107100149","20240415",2256.54321289062,5161.94651300734,6437.96791299316,"MV_in_Sema5b",4,"inhibitory",15,"male","M2",2,"0415_M2_L"
"2787445900210100014","20240503",5774.9462890625,7216.75474780833,1327.99743092878,"astrocyte_2",NA,NA,NA,"female","F5",1,"0503_F5_C"
"2795584800383100039","20240610",4446.3994140625,6691.50746756839,6599.70558238438,"oligodendrocyte_2",NA,NA,NA,"female","F4",2,"0610_F4_L"
"2795903600346100134","20240613",1727.67114257812,2410.44087967611,7537.46359724685,"MV_in_Chrna2",4,"inhibitory",19,"male","M4",2,"0613_M4_L"
"2726543700370100185","20240422",876.559204101562,5370.76764273195,6889.35859507433,"alpha_motoneuron",NA,NA,22,"male","M3",2,"0422_M3_L"
"2795903600668100212","20240613",4016.865234375,5218.98169057435,10957.3294894487,"MV_in_Gabra1",4,"inhibitory",16,"male","M4",1,"0613_M4_C"
"2787889600481100234","20240503",3807.30102539062,5837.46858401049,9645.50092859611,"alpha_motoneuron",NA,NA,22,"male","M4",2,"0503_M4_L"
"2787445900621100235","20240503",2173.26953125,8128.10711962846,4564.0393770262,"endothelial",NA,NA,NA,"female","F3",1,"0503_F3_C"
"2726544600410100062","20240422",1638.26379394531,5620.26001502413,10644.1667589925,"DH_in_Klhl14",1,"inhibitory",10,"female","F1",3,"0422_F1_S"
"2787445900089100059","20240503",2038.29968261719,4269.34957924375,517.429407014657,"DH_ex_Maf/Slc17a8",1,"excitatory",10,"female","F5",4,"0503_F5_T"
"2707604000124100020","20240415",2875.58813476562,5676.51979444055,9620.76140144657,"astrocyte_1",NA,NA,NA,"male","M3",4,"0415_M3_T"
"2787445900434100081","20240503",4601.0205078125,7649.40333264659,3121.94219778097,"oligodendrocyte_precursor_cell",NA,NA,NA,"female","F4",1,"0503_F4_C"
"2707604700342100107","20240415",1917.78625488281,3546.08011339577,9167.45488343132,"endothelial",NA,NA,NA,"male","M2",1,"0415_M2_C"
"2787445900770100037","20240503",1308.80139160156,8560.50447747996,5716.56484964598,"astrocyte_1",NA,NA,NA,"male","M5",1,"0503_M5_C"
"2787889600396100087","20240503",2486.255859375,2343.99454028808,8897.81865094585,"MV_in_Sema5b",4,"inhibitory",15,"male","M5",3,"0503_M5_S"
"2796212800110100094","20240613",2339.65698242188,6679.39443540946,802.072462528944,"DH_in_Npy2r",1,"inhibitory",9,"female","F5",3,"0613_F5_S"
"2656144900315100160","20240328",2495.6669921875,6635.04821370126,3472.07053824954,"DH_ex_Nmu/Tac2",1,"excitatory",8,"male","M2",1,"0328_M2_C"
"2726544200037200045","20240422",1933.322265625,6266.4032142916,874.315866331686,"oligodendrocyte_1",NA,NA,NA,"male","M1",1,"0422_M1_C"
"2787889600230100129","20240503",2698.5234375,6124.33848130482,7517.63813526052,"pericyte",NA,NA,NA,"male","M5",4,"0503_M5_T"
"2787889600378100136","20240503",5302.67919921875,7484.91739558592,8799.21379071579,"DM_ex_Zfhx3",2,"excitatory",11,"male","M4",4,"0503_M4_T"
"2945606900000016668","20240328",1376.83996582031,2535.74310243866,7322.1839487789,"DH_in_Npy",1,"inhibitory",4,"female","F1",4,"0328_F1_T"
"2796212800364100254","20240613",1392.88781738281,5977.62970349658,3187.22707161342,"astrocyte_1",NA,NA,NA,"female","F4",2,"0613_F4_L"
"2796212800849100208","20240613",4262.64697265625,7563.15743179806,7345.55881513137,"DH_in_Klhl14",1,"inhibitory",10,"female","F3",1,"0613_F3_C"
"2796212800242100209","20240613",2673.31860351562,7852.24337611347,2123.69917350879,"astrocyte_1",NA,NA,NA,"female","F5",2,"0613_F5_L"
"2796212800330100077","20240613",5877.16748046875,5510.21011940017,2826.95994959737,"oligodendrocyte_2",NA,NA,NA,"female","F4",2,"0613_F4_L"
"2707604700249100076","20240415",837.785827636719,4419.11457088134,7994.78821682755,"MV_in_Sema5b",4,"inhibitory",15,"male","M2",4,"0415_M2_T"
"2945606900000016917","20240328",2038.81567382812,2950.2275454216,7345.28349828187,"oligodendrocyte_1",NA,NA,NA,"female","F1",4,"0328_F1_T"
"2795103300446100249","20240610",1697.71594238281,7498.80337383167,3486.98302644592,"DH_in_Cdh3",1,"inhibitory",10,"male","M5",2,"0610_M5_L"
"2656144300148100178","20240328",2003.62512207031,10834.1068983409,12037.3847997572,"astrocyte_1",NA,NA,NA,"female","F2",4,"0328_F2_T"
"2787445900053200095","20240503",4215.71337890625,4449.14189642417,445.033338943962,"astrocyte_1",NA,NA,NA,"female","F5",4,"0503_F5_T"
"2787445900716100170","20240503",2343.8427734375,3791.4043992415,5419.19059476543,"MV_in_Gabra1",4,"inhibitory",16,"female","F3",2,"0503_F3_L"
"2795903600268100291","20240613",4932.01416015625,2271.24483713611,6838.74652846879,"oligodendrocyte_progenitor_2",NA,NA,NA,"male","M4",2,"0613_M4_L"
"2656144900112100151","20240328",753.793273925781,8311.98470753935,1176.57336553247,"MV_in_Gabra1",4,"inhibitory",16,"male","M1",1,"0328_M1_C"
"2787445900363100046","20240503",941.640808105469,8609.33056550694,2468.6435244343,"MV_in_Gabra1",4,"inhibitory",16,"female","F4",1,"0503_F4_C"
"2796212800978100048","20240613",1649.13146972656,7786.542725835,8334.09861245696,"MV_in_Gabra1",4,"inhibitory",16,"female","F3",1,"0613_F3_C"
"2707604000069100158","20240415",3269.30932617188,7026.3629364321,8713.89336069699,"oligodendrocyte_progenitor_2",NA,NA,NA,"male","M3",2,"0415_M3_L"
"2795584800454100158","20240610",2922.93676757812,6198.8780596552,7341.23534524701,"DH_ex_Nmu/Tac2",1,"excitatory",8,"female","F4",2,"0610_F4_L"
"2796212800441100176","20240613",2765.93798828125,9759.78418533877,3731.99129413872,"DH_ex_Grpr",1,"excitatory",2,"female","F5",4,"0613_F5_T"
"2787889600406100092","20240503",1454.76000976562,5250.79705051123,8880.48957357623,"DH_in_Npy2r",1,"inhibitory",9,"male","M4",2,"0503_M4_L"
"2787445900545200035","20240503",1164.53332519531,7598.32112775813,3869.58189312188,"astrocyte_2",NA,NA,NA,"female","F3",1,"0503_F3_C"
"2795584800711100172","20240610",1841.95812988281,7569.52587902598,9261.76219102995,"oligodendrocyte_progenitor_2",NA,NA,NA,"female","F5",2,"0610_F5_L"
"2656144900397100106","20240328",2328.98364257812,7786.66289360863,4318.40438225328,"endothelial",NA,NA,NA,"male","M2",4,"0328_M2_T"
"2707737900034100121","20240415",3701.08740234375,10457.1828950524,8496.46366785583,"astrocyte_2",NA,NA,NA,"female","F1",2,"0415_F1_L"
"2795584800136100096","20240610",3681.7138671875,8034.66785930499,4707.32742538032,"oligodendrocyte_progenitor_2",NA,NA,NA,"female","F3",3,"0610_F3_S"
"2726543700099100133","20240422",2724.96435546875,1310.45222151888,4511.18819039798,"oligodendrocyte_progenitor_2",NA,NA,NA,"male","M3",1,"0422_M3_C"
"2796212800714200091","20240613",1535.45056152344,5367.76178803295,6271.12489155593,"gamma_motoneuron",NA,NA,22,"female","F3",4,"0613_F3_T"
"2707737900101100037","20240415",2846.3935546875,11165.2342967721,9760.75725020247,"astrocyte_1",NA,NA,NA,"female","F1",2,"0415_F1_L"
"2787445900137100055","20240503",1727.47229003906,7303.26549960149,901.438311242324,"astrocyte_2",NA,NA,NA,"female","F5",1,"0503_F5_C"
"2787889600415100032","20240503",4869.3232421875,7794.0102747716,8845.39449330265,"oligodendrocyte_precursor_cell",NA,NA,NA,"male","M4",4,"0503_M4_T"
"2656144900541100067","20240328",2847.6279296875,11756.9575832558,5567.2291536408,"oligodendrocyte_progenitor_2",NA,NA,NA,"male","M1",3,"0328_M1_S"
"2726543700402100134","20240422",2747.5810546875,5502.57478773256,7099.50362619155,"MV_in_Gabra1",4,"inhibitory",16,"male","M3",2,"0422_M3_L"
"2787445900289100088","20240503",1557.56713867188,8617.23867381806,1927.62914844294,"oligodendrocyte_progenitor_2",NA,NA,NA,"female","F4",1,"0503_F4_C"
"2787445900326100037","20240503",5494.5234375,8486.64682213508,2182.55153829796,"endothelial",NA,NA,NA,"female","F4",1,"0503_F4_C"
"2787889600517100093","20240503",4531.8876953125,5836.8699115467,9779.58890404808,"oligodendrocyte_progenitor_2",NA,NA,NA,"male","M4",2,"0503_M4_L"
"2726544600056100123","20240422",791.600769042969,1048.32817434333,7068.97676947434,"oligodendrocyte_1",NA,NA,NA,"female","F1",1,"0422_F1_C"
"2787889600396200029","20240503",5177.44189453125,2243.56067819621,8857.06825664302,"oligodendrocyte_progenitor_2",NA,NA,NA,"male","M5",3,"0503_M5_S"
"2707737900073100016","20240415",1394.70202636719,10624.4183438967,9177.11842852226,"M_in_Tfap2b",3,"inhibitory",12,"female","F1",2,"0415_F1_L"
"2787889600163100092","20240503",3368.06469726562,7742.80398096587,7018.16282125015,"pericyte",NA,NA,NA,"male","M5",1,"0503_M5_C"
"2787889600232100154","20240503",1734.51013183594,6954.06660268141,7648.29922595798,"oligodendrocyte_progenitor_1",NA,NA,NA,"male","M5",4,"0503_M5_T"
"2795903600670100187","20240613",3731.0322265625,5582.31037272673,10947.9450035321,"oligodendrocyte_progenitor_2",NA,NA,NA,"male","M4",1,"0613_M4_C"
"2787445900585100050","20240503",2972.25927734375,8591.20281430555,4145.94274425149,"oligodendrocyte_1",NA,NA,NA,"female","F3",1,"0503_F3_C"
"2795584800378200068","20240610",6742.5947265625,5269.624033425,6825.49832630936,"astrocyte_2",NA,NA,NA,"female","F4",4,"0610_F4_T"
"2796212800109100174","20240613",4212.033203125,6234.22227008827,935.339538887027,"oligodendrocyte_2",NA,NA,NA,"female","F5",3,"0613_F5_S"
"2707604700091100246","20240415",1552.64892578125,7412.88996607534,6231.61772425356,"oligodendrocyte_progenitor_2",NA,NA,NA,"male","M3",3,"0415_M3_S"
"2796212801010100023","20240613",4178.9794921875,7839.08283387497,8596.72659738958,"oligodendrocyte_2",NA,NA,NA,"female","F3",1,"0613_F3_C"
"2707604800220100013","20240415",4288.1923828125,2827.01175144553,5776.28704932099,"oligodendrocyte_2",NA,NA,NA,"male","M1",4,"0415_M1_T"
"2787889600056100182","20240503",2980.66357421875,7958.05303073605,6222.04269533462,"oligodendrocyte_progenitor_2",NA,NA,NA,"male","M5",1,"0503_M5_C"
"2946331700000012285","20240415",1497.95153808594,9727.57537911151,2293.55782249552,"DH_ex_Nmu/Tac2",1,"excitatory",8,"female","F2",4,"0415_F2_T"
"2946331700000003104","20240415",3518.50463867188,8643.27608356776,876.746692996123,"MV_in_Gm26673",4,"inhibitory",19,"female","F2",1,"0415_F2_C"
"2796212800487200120","20240613",1935.36071777344,4609.19045635452,4320.94490238489,"oligodendrocyte_1",NA,NA,NA,"female","F3",2,"0613_F3_L"
"2795584800639100111","20240610",2784.09521484375,7706.16463719105,8628.81309514091,"oligodendrocyte_1",NA,NA,NA,"female","F5",2,"0610_F5_L"
"2795584800434100185","20240610",2471.02954101562,825.095680644132,7331.45940100349,"DH_ex_Reln/Nmur2",1,"excitatory",3,"female","F4",1,"0610_F4_C"
"2787445900805100115","20240503",741.5751953125,7821.79430575634,5871.97714104962,"DH_ex_Sox5/Tac1",1,"excitatory",5,"male","M5",1,"0503_M5_C"
"2707604800362100074","20240415",1169.00012207031,1542.76078604243,7777.03662746702,"astrocyte_1",NA,NA,NA,"male","M1",1,"0415_M1_C"
"2787445900199100058","20240503",2625.62133789062,3886.95716742449,1395.0337628572,"astrocyte_1",NA,NA,NA,"female","F5",4,"0503_F5_T"
"2787445900762100013","20240503",2016.19873046875,6254.57262959133,5505.82862717414,"DM_ex_Zfhx3",2,"excitatory",11,"female","F3",4,"0503_F3_T"
"2707604000083100070","20240415",5221.41748046875,6689.40205087696,8876.49361279357,"astrocyte_2",NA,NA,NA,"male","M3",2,"0415_M3_L"
"2656144900541100148","20240328",2327.36645507812,11913.38815295,5639.85904648526,"astrocyte_1",NA,NA,NA,"male","M1",3,"0328_M1_S"
"2787889600546100149","20240503",3387.66943359375,3919.96530220122,10041.1826190321,"astrocyte_1",NA,NA,NA,"male","M4",3,"0503_M4_S"
"2726562700098100027","20240422",2776.11572265625,12693.8147721564,8887.35330975801,"oligodendrocyte_1",NA,NA,NA,"female","F2",1,"0422_F2_C"
"2787889600360100223","20240503",2421.7236328125,2352.29777793827,8796.36087053591,"endothelial",NA,NA,NA,"male","M5",3,"0503_M5_S"
"2656144900289100044","20240328",2670.8330078125,6657.5778272224,3017.95200125358,"endothelial",NA,NA,NA,"male","M2",1,"0328_M2_C"
"2787445900206100028","20240503",2754.78564453125,5861.67948390276,1309.56699469924,"oligodendrocyte_progenitor_2",NA,NA,NA,"female","F5",1,"0503_F5_C"
"2796212801050100054","20240613",2222.31030273438,10054.7822207268,8929.00809136956,"DM_ex_Zfhx3",2,"excitatory",11,"female","F4",1,"0613_F4_C"
"2795903600436100267","20240613",4396.49560546875,5613.87947295312,8505.15282675641,"MV_in_Gm26673",4,"inhibitory",19,"male","M5",1,"0613_M5_C"
"2946331700000006799","20240415",4080.00146484375,9244.83972669957,1536.05748147168,"DH_ex_Sox5/Tac1",1,"excitatory",5,"female","F2",1,"0415_F2_C"
"2796212800387100075","20240613",663.212768554688,3476.27989153471,3298.68146963383,"MV_in_Gm26673",4,"inhibitory",19,"female","F3",3,"0613_F3_S"
"2787445900361100142","20240503",3129.44799804688,7894.68646130897,2515.59993596244,"oligodendrocyte_progenitor_2",NA,NA,NA,"female","F4",1,"0503_F4_C"
"2796212800297100043","20240613",4731.35791015625,5182.06089180335,2440.53480422776,"DH_in_Cdh3",1,"inhibitory",10,"female","F4",3,"0613_F4_S"
"2707604700085100254","20240415",2665.77661132812,5620.74521191948,6268.08553903026,"oligodendrocyte_2",NA,NA,NA,"male","M2",2,"0415_M2_L"
"2707604000083100153","20240415",3932.69409179688,6865.26561268821,9024.71671327784,"oligodendrocyte_2",NA,NA,NA,"male","M3",2,"0415_M3_L"
"2795103300178100151","20240610",1929.72802734375,1150.97700012341,1494.77246835339,"oligodendrocyte_1",NA,NA,NA,"male","M4",1,"0610_M4_C"
"2656143800079100226","20240328",4363.890625,2229.59093885498,3438.61626429617,"MV_ex_Syt2",4,"excitatory",14,"male","M3",1,"0328_M3_C"
"2787889600583100050","20240503",4363.38916015625,4274.51754458452,10289.1818431189,"oligodendrocyte_progenitor_2",NA,NA,NA,"male","M4",3,"0503_M4_S"
"2795903600455100139","20240613",1430.20288085938,3768.98775529466,8719.26964840949,"DH_ex_Prkcg/Cck",1,"excitatory",8,"male","M4",4,"0613_M4_T"
"2796212800559100014","20240613",4801.18701171875,6988.52019966673,4660.44835225248,"astrocyte_2",NA,NA,NA,"female","F4",4,"0613_F4_T"
"2787445900050100090","20240503",2611.63452148438,3843.09004150011,239.878684795578,"oligodendrocyte_progenitor_2",NA,NA,NA,"female","F5",4,"0503_F5_T"
"2795584800413100085","20240610",4226.9287109375,5006.34496035572,6924.17431117455,"oligodendrocyte_progenitor_2",NA,NA,NA,"female","F4",4,"0610_F4_T"
"2707604800364100115","20240415",2691.33447265625,1957.52496423072,7817.3437495192,"DH_in_Npy",1,"inhibitory",4,"male","M1",1,"0415_M1_C"
"2787889600132100020","20240503",1933.83422851562,8926.25533406576,6580.24893373201,"astrocyte_1",NA,NA,NA,"male","M5",1,"0503_M5_C"
"2795903600302100050","20240613",2884.54858398438,4635.94264789758,7104.15089576741,"meninges_1",NA,NA,NA,"male","M5",4,"0613_M5_T"
"2787889600487100105","20240503",4933.9111328125,7680.20104373293,9612.51523174661,"oligodendrocyte_precursor_cell",NA,NA,NA,"male","M4",4,"0503_M4_T"
"2796212800080100019","20240613",1468.41101074219,7161.00659958087,463.495676621562,"oligodendrocyte_precursor_cell",NA,NA,NA,"female","F5",3,"0613_F5_S"
"2656143800218100032","20240328",3375.96655273438,6061.62321395939,4688.21428713581,"astrocyte_2",NA,NA,NA,"male","M3",4,"0328_M3_T"
"2795584800137100267","20240610",2060.94287109375,8224.09798784321,4848.63864604439,"oligodendrocyte_2",NA,NA,NA,"female","F3",3,"0610_F3_S"
"2707604700365100187","20240415",1144.88830566406,3250.13547491918,9519.380366105,"M_ex_Neurod2",3,"excitatory",13,"male","M2",1,"0415_M2_C"
"2795584800638100109","20240610",5191.72412109375,7564.86223026057,8664.94730175346,"endothelial",NA,NA,NA,"female","F5",2,"0610_F5_L"
"2656144900395100146","20240328",3298.673828125,7375.55593298913,4319.98652645334,"DH_ex_Maf/Cck",1,"excitatory",10,"male","M2",4,"0328_M2_T"
"2707604000124200185","20240415",1008.74774169922,5624.8382027753,9838.76975532361,"oligodendrocyte_progenitor_2",NA,NA,NA,"male","M3",4,"0415_M3_T"
"2787445900788100056","20240503",768.02392578125,3296.33914687077,5877.13945138358,"alpha_motoneuron",NA,NA,22,"female","F3",2,"0503_F3_L"
"2796212800913100090","20240613",3612.779296875,7398.42792713456,7825.6698750974,"astrocyte_1",NA,NA,NA,"female","F3",1,"0613_F3_C"
"2795584800086100217","20240610",4481.4482421875,4003.89353762797,4552.72337414729,"DH_ex_Nmu/Tac2",1,"excitatory",8,"female","F3",4,"0610_F3_T"
"2656144900446100022","20240328",1171.92492675781,7164.47854967228,4687.9171373951,"DH_in_Npy",1,"inhibitory",4,"male","M2",4,"0328_M2_T"
"2656144300102100167","20240328",1729.44885253906,10871.5119787538,11536.9318209808,"DH_in_Pdyn",1,"inhibitory",2,"female","F2",4,"0328_F2_T"
"2787445900162200068","20240503",4839.66943359375,3944.28802785615,1130.50251150707,"MV_ex_Syt2",4,"excitatory",14,"female","F5",4,"0503_F5_T"
"2796212800586100041","20240613",1250.76013183594,5576.35090737045,4965.20849127055,"DH_in_Rorb",1,"inhibitory",7,"female","F3",2,"0613_F3_L"
"2787445900658100034","20240503",2946.15649414062,8231.64527305111,4682.59925362474,"oligodendrocyte_1",NA,NA,NA,"female","F3",1,"0503_F3_C"
"2795103300145100096","20240610",556.391174316406,1794.04833227988,1075.09255136375,"DM_ex_Zfhx3",2,"excitatory",11,"male","M4",1,"0610_M4_C"
"2796212800954100107","20240613",3180.3623046875,9918.92904436216,8126.239635923,"oligodendrocyte_precursor_cell",NA,NA,NA,"female","F4",1,"0613_F4_C"
"2795584800472100167","20240610",1540.43994140625,1198.11612566101,7522.74666928967,"meninges_3",NA,NA,NA,"female","F4",1,"0610_F4_C"
"2726544200026100065","20240422",1400.83264160156,6308.07984287575,615.814130321567,"oligodendrocyte_progenitor_2",NA,NA,NA,"male","M1",1,"0422_M1_C"
"2795584800624100037","20240610",3956.9404296875,3445.98088607754,8554.57959732336,"endothelial",NA,NA,NA,"female","F5",1,"0610_F5_C"
"2656143800241100171","20240328",3128.99877929688,5474.07118694059,5043.26547297317,"astrocyte_1",NA,NA,NA,"male","M3",4,"0328_M3_T"
"2795903600615100158","20240613",4340.30712890625,4899.03808638392,10375.3960501564,"MV_in_Gm26673",4,"inhibitory",19,"male","M4",1,"0613_M4_C"
"2795584800175100109","20240610",2465.59252929688,8797.4494032081,5001.7339352518,"microglia",NA,NA,NA,"female","F3",3,"0610_F3_S"
"2787889600481100103","20240503",2569.17456054688,6105.75510885892,9477.2149878612,"astrocyte_1",NA,NA,NA,"male","M4",2,"0503_M4_L"
"2707604800382100086","20240415",1624.24926757812,1272.5826239681,8069.8494935378,"endothelial",NA,NA,NA,"male","M1",1,"0415_M1_C"
"2707604000110100022","20240415",1538.95129394531,5992.89283457327,9343.09751344155,"DH_ex_Reln",1,"excitatory",6,"male","M3",4,"0415_M3_T"
"2656144900422100081","20240328",1967.99731445312,7552.35297343898,4474.19363531539,"oligodendrocyte_progenitor_2",NA,NA,NA,"male","M2",4,"0328_M2_T"
"2656144900183100082","20240328",2172.35107421875,6273.71946999347,2144.8837050721,"DH_in_Klhl14",1,"inhibitory",10,"male","M2",1,"0328_M2_C"
"2787445900250100157","20240503",4553.14404296875,7823.60523361922,1792.7290843809,"oligodendrocyte_2",NA,NA,NA,"female","F4",1,"0503_F4_C"
"2796212801042100021","20240613",3647.16650390625,7688.25647091307,8869.05632108237,"oligodendrocyte_progenitor_2",NA,NA,NA,"female","F3",1,"0613_F3_C"
"2726543700228100181","20240422",2631.53466796875,1534.43891003235,5748.71968473226,"DH_ex_Nmu/Tac2",1,"excitatory",8,"male","M3",1,"0422_M3_C"
"2787445900229100131","20240503",1193.08508300781,2110.09226651947,1762.32647649074,"DH_in_Cdh3",1,"inhibitory",10,"female","F5",2,"0503_F5_L"
"2796212800595100100","20240613",3617.89819335938,8064.58642344549,5081.64943306602,"DM_ex_Zfhx3",2,"excitatory",11,"female","F4",4,"0613_F4_T"
"2795584800167100132","20240610",2534.8896484375,6646.63839063718,5041.3226714484,"oligodendrocyte_1",NA,NA,NA,"female","F3",2,"0610_F3_L"
"2787445900051100093","20240503",2227.22387695312,4071.99938972527,257.96259885974,"oligodendrocyte_progenitor_2",NA,NA,NA,"female","F5",4,"0503_F5_T"
"2707737900102100032","20240415",1190.20959472656,11311.7671489099,9769.60406951245,"DH_in_Npy",1,"inhibitory",4,"female","F1",2,"0415_F1_L"
"2795903600266100201","20240613",2656.6494140625,1838.4489310635,6816.09632799419,"MV_in_Gm26673",4,"inhibitory",19,"male","M4",2,"0613_M4_L"
"2656143800129100064","20240328",1429.74963378906,2232.96056520991,3791.68732458859,"oligodendrocyte_1",NA,NA,NA,"male","M3",1,"0328_M3_C"
"2787889600095100179","20240503",2012.70166015625,8825.91948390519,6506.82254354079,"oligodendrocyte_progenitor_2",NA,NA,NA,"male","M5",1,"0503_M5_C"
"2787445900734100041","20240503",2262.41748046875,8835.25382237846,5290.11277969401,"oligodendrocyte_2",NA,NA,NA,"female","F3",1,"0503_F3_C"
"2796212800394100051","20240613",1751.50744628906,5626.73178919777,3289.59552009299,"gamma_motoneuron",NA,NA,22,"female","F4",2,"0613_F4_L"
"2656144900288100266","20240328",2940.80688476562,6598.2268972437,3262.33313312975,"MV_ex_Syt2",4,"excitatory",14,"male","M2",1,"0328_M2_C"
"2787445900324100115","20240503",741.601318359375,7855.24197713064,2235.28331924902,"MV_ex_Syt2",4,"excitatory",14,"female","F4",1,"0503_F4_C"
"2796212800398100198","20240613",1249.14086914062,6677.0624498371,3437.06056897622,"DH_ex_Sox5/Tac1",1,"excitatory",5,"female","F4",2,"0613_F4_L"
"2656144900510100004","20240328",3985.57348632812,10360.3274858991,5235.50657445531,"oligodendrocyte_progenitor_1",NA,NA,NA,"male","M1",2,"0328_M1_L"
"2656144900585100020","20240328",4749.55517578125,9448.26010972957,6100.05894271675,"astrocyte_1",NA,NA,NA,"male","M2",2,"0328_M2_L"
"2787445900134100239","20240503",3906.57690429688,6604.10387421492,963.28695987488,"M_in_Tfap2b",3,"inhibitory",12,"female","F5",1,"0503_F5_C"
"2795903600454100235","20240613",3640.71142578125,3527.83621322748,8803.23709228799,"astrocyte_1",NA,NA,NA,"male","M4",4,"0613_M4_T"
"2707604700060100196","20240415",1752.41577148438,5366.42715440813,5913.05847216002,"oligodendrocyte_1",NA,NA,NA,"male","M2",2,"0415_M2_L"
"2945606900000003671","20240328",2304.98413085938,1753.6373917915,5397.51046135952,"oligodendrocyte_progenitor_1",NA,NA,NA,"female","F1",1,"0328_F1_C"
"2796212800554100278","20240613",3243.85131835938,5564.12512615975,4933.15419987496,"oligodendrocyte_precursor_cell",NA,NA,NA,"female","F3",2,"0613_F3_L"
"2787889600485200069","20240503",2429.4267578125,7078.52014738775,9523.55017742983,"oligodendrocyte_2",NA,NA,NA,"male","M4",4,"0503_M4_T"
"2656144300103100189","20240328",1218.43334960938,10902.5236253388,11565.5373287378,"DH_ex_Tac2",1,"excitatory",8,"female","F2",4,"0328_F2_T"
"2707604700343100079","20240415",4233.28662109375,3908.5440044046,9133.01663756266,"DH_ex_Maf/Slc17a8",1,"excitatory",10,"male","M2",1,"0415_M2_C"
"2946331700000002954","20240415",2862.99560546875,8496.41943819472,944.809202342469,"MV_ex_Syt2",4,"excitatory",14,"female","F2",1,"0415_F2_C"
"2945606900000014812","20240328",1735.78393554688,3127.12202080438,7138.9000823806,"oligodendrocyte_progenitor_2",NA,NA,NA,"female","F1",4,"0328_F1_T"
"2787889600479100155","20240503",3394.05786132812,5364.905322287,9568.30705529291,"oligodendrocyte_2",NA,NA,NA,"male","M4",2,"0503_M4_L"
"2946331700000017402","20240415",4249.5771484375,10692.2326903202,3252.91466585145,"oligodendrocyte_1",NA,NA,NA,"female","F2",2,"0415_F2_L"
"2787889600057100060","20240503",2833.45874023438,8182.09482376021,6094.69489602273,"oligodendrocyte_2",NA,NA,NA,"male","M5",1,"0503_M5_C"
"2707604700069100115","20240415",3367.96923828125,7852.38827335087,5847.17629768373,"astrocyte_1",NA,NA,NA,"male","M3",3,"0415_M3_S"
"2707604700132100321","20240415",2580.2548828125,5336.89899416728,6821.26047143957,"astrocyte_2",NA,NA,NA,"male","M2",2,"0415_M2_L"
"2656144300102100198","20240328",2479.54614257812,10716.3962446732,11563.62423138,"DH_in_Cdh3",1,"inhibitory",10,"female","F2",4,"0328_F2_T"
"2946331700000001926","20240415",3571.81201171875,9044.28288069059,617.036559637228,"oligodendrocyte_progenitor_2",NA,NA,NA,"female","F2",1,"0415_F2_C"
"2707604700364100164","20240415",2123.15185546875,3188.62297945864,9498.87570272037,"M_ex_Neurod2",3,"excitatory",13,"male","M2",1,"0415_M2_C"
"2787445900617200024","20240503",3113.52783203125,6954.53350161714,4445.13974438547,"Schwann_cell",NA,NA,NA,"female","F3",1,"0503_F3_C"
"2707604700248100055","20240415",3014.75903320312,4135.00858450175,7987.97333257197,"astrocyte_1",NA,NA,NA,"male","M2",4,"0415_M2_T"
"2656143800215100150","20240328",1155.68200683594,5286.69655756705,4718.68067661289,"MV_in_Gm26673",4,"inhibitory",19,"male","M3",4,"0328_M3_T"
"2787445900620100226","20240503",3184.09692382812,8069.72701707564,4634.95801377256,"oligodendrocyte_progenitor_2",NA,NA,NA,"female","F3",1,"0503_F3_C"
"2656144900641100169","20240328",1422.53845214844,10614.9581121679,6771.19882312364,"DH_ex_Prkcg/Nts",1,"excitatory",8,"male","M1",2,"0328_M1_L"
"2795903600620100053","20240613",2504.6689453125,6397.72653542564,10304.9554786911,"Schwann_cell",NA,NA,NA,"male","M5",1,"0613_M5_C"
"2787889600197100027","20240503",3472.91967773438,7043.0519066035,7185.59326760483,"oligodendrocyte_progenitor_2",NA,NA,NA,"male","M5",4,"0503_M5_T"
"2795903600461100149","20240613",3258.01391601562,5473.51529354916,8675.06206446585,"astrocyte_1",NA,NA,NA,"male","M5",1,"0613_M5_C"
"2787889600326100171","20240503",2779.74267578125,2744.31933341963,8421.58145048324,"astrocyte_1",NA,NA,NA,"male","M5",3,"0503_M5_S"
"2787889600312100022","20240503",2695.67016601562,8964.78312800406,7983.6806489212,"meninges_1",NA,NA,NA,"male","M4",1,"0503_M4_C"
"2656144900110100032","20240328",1418.23901367188,7719.18857365,1045.70017158074,"DH_ex_Reln",1,"excitatory",6,"male","M1",1,"0328_M1_C"
"2787889600447100088","20240503",2584.72607421875,6432.15482295665,9181.39768093017,"oligodendrocyte_2",NA,NA,NA,"male","M4",2,"0503_M4_L"
"2946331700000006248","20240415",1901.10864257812,8755.51995860675,1383.06376975513,"DH_ex_Maf/Cck",1,"excitatory",10,"female","F2",1,"0415_F2_C"
"2795584800237100094","20240610",3183.48095703125,5961.33226963016,5497.01997638211,"DM_ex_Zfhx3",2,"excitatory",11,"female","F3",2,"0610_F3_L"
"2795903600115100030","20240613",2442.2294921875,3098.36567458019,4880.62493145847,"oligodendrocyte_progenitor_2",NA,NA,NA,"male","M5",2,"0613_M5_L"
"2656143800443100154","20240328",3869.18627929688,6262.04693193623,7264.11796735646,"astrocyte_1",NA,NA,NA,"male","M3",2,"0328_M3_L"
"2787445900284100252","20240503",3795.66674804688,7215.32435494009,2117.60352195753,"oligodendrocyte_progenitor_2",NA,NA,NA,"female","F4",1,"0503_F4_C"
"2796212800880100059","20240613",1328.02062988281,7083.94210440479,7525.62367627234,"alpha_motoneuron",NA,NA,22,"female","F3",1,"0613_F3_C"
"2656144900085100083","20240328",1029.38000488281,7775.52246864671,812.103559426323,"DH_ex_Nmu/Tac2",1,"excitatory",8,"male","M1",1,"0328_M1_C"
"2796212800365100110","20240613",2852.89916992188,6284.87956689112,3055.16647785215,"oligodendrocyte_progenitor_2",NA,NA,NA,"female","F4",2,"0613_F4_L"
"2787445900200100182","20240503",2912.47314453125,4221.80148536141,1522.93378920195,"oligodendrocyte_2",NA,NA,NA,"female","F5",4,"0503_F5_T"
"2946331700000003100","20240415",2057.591796875,8740.78557303641,865.938304568583,"endothelial",NA,NA,NA,"female","F2",1,"0415_F2_C"
"2946331700000021324","20240415",2087.17700195312,10980.7076229877,4022.18673197563,"MV_in_Esrrb",4,"inhibitory",14,"female","F2",2,"0415_F2_L"
"2795584800512100034","20240610",4260.0673828125,2311.16074175313,7767.55313591177,"oligodendrocyte_progenitor_2",NA,NA,NA,"female","F4",1,"0610_F4_C"
"2796212800461100233","20240613",5424.33349609375,6414.21014718432,4048.80245641188,"beta_motoneuron",NA,NA,22,"female","F4",2,"0613_F4_L"
"2787889600231100134","20240503",1590.28515625,6633.22632774152,7517.25718853841,"astrocyte_1",NA,NA,NA,"male","M5",4,"0503_M5_T"
"2795584800749100172","20240610",1274.01501464844,8292.46982845181,9369.05940312719,"DH_in_Npy",1,"inhibitory",4,"female","F5",3,"0610_F5_S"
"2795584800696100019","20240610",3591.90771484375,3555.2908071987,9092.19989283431,"DH_ex_Maf/Cck",1,"excitatory",10,"female","F5",1,"0610_F5_C"
"2946331700000020112","20240415",3883.42602539062,11001.9588702399,3690.85257359478,"astrocyte_1",NA,NA,NA,"female","F2",2,"0415_F2_L"
"2656144300168100024","20240328",1798.833984375,9904.9241181893,12322.3043177351,"astrocyte_2",NA,NA,NA,"female","F2",2,"0328_F2_L"
"2796212800746100242","20240613",4340.92919921875,5601.30931917485,6604.89864703175,"DM_ex_Zfhx3",2,"excitatory",11,"female","F3",4,"0613_F3_T"
"2787445900328100174","20240503",2736.640625,9062.15674134786,2405.5827731647,"oligodendrocyte_progenitor_2",NA,NA,NA,"female","F4",1,"0503_F4_C"
"2787889600409100150","20240503",1243.91845703125,5876.02326797554,8930.17513140605,"DH_in_Cdh3",1,"inhibitory",10,"male","M4",2,"0503_M4_L"
"2656143800052200067","20240328",3821.75830078125,1681.14787358377,2956.57787052379,"DH_in_Cdh3",1,"inhibitory",10,"male","M3",1,"0328_M3_C"
"2946331700000014829","20240415",3039.89990234375,12123.296823437,2613.29699956669,"oligodendrocyte_progenitor_2",NA,NA,NA,"female","F2",3,"0415_F2_S"
"2795903600267200054","20240613",4659.798828125,2131.02005873773,6642.87773639927,"M_ex_Vsx2/Shox2",3,"excitatory",20,"male","M4",2,"0613_M4_L"
"2787445900133100029","20240503",2217.78735351562,6140.13504260837,786.789737132465,"oligodendrocyte_2",NA,NA,NA,"female","F5",1,"0503_F5_C"
"2946331700000012811","20240415",1919.4306640625,10278.6314383964,2462.73136416118,"DH_in_Pdyn",1,"inhibitory",2,"female","F2",4,"0415_F2_T"
"2787889600546100297","20240503",3470.0126953125,4047.17669987131,10195.6486996258,"endothelial",NA,NA,NA,"male","M4",3,"0503_M4_S"
"2787445900717100055","20240503",2040.01110839844,4059.66186639149,5266.65728877202,"astrocyte_1",NA,NA,NA,"female","F3",2,"0503_F3_L"
"2787445900210100079","20240503",3704.31005859375,6998.75376155355,1513.19878783912,"oligodendrocyte_1",NA,NA,NA,"female","F5",1,"0503_F5_C"
"2796212800456100223","20240613",1489.52746582031,4884.4929944938,3970.74874170218,"oligodendrocyte_progenitor_2",NA,NA,NA,"female","F3",2,"0613_F3_L"
"2787445900325100219","20240503",1611.41955566406,8283.89432877267,2347.59806415861,"oligodendrocyte_precursor_cell",NA,NA,NA,"female","F4",1,"0503_F4_C"
"2795584800450100058","20240610",3929.498046875,5133.53039272618,7190.44420541341,"endothelial",NA,NA,NA,"female","F4",4,"0610_F4_T"
"2795903600516100119","20240613",2557.9404296875,6252.08646358858,9175.5209771392,"MV_ex_Syt2",4,"excitatory",14,"male","M5",1,"0613_M5_C"
"2795584800184100020","20240610",2550.978515625,1263.00100842863,5157.00222133889,"oligodendrocyte_progenitor_2",NA,NA,NA,"female","F3",1,"0610_F3_C"
"2795903600696100056","20240613",2217.84033203125,5807.03655568318,11090.1727103577,"DH_ex_Cpne4",1,"excitatory",3,"male","M4",1,"0613_M4_C"
"2795584800139100144","20240610",800.823669433594,8767.93165421457,4779.08241217487,"microglia",NA,NA,NA,"female","F3",3,"0610_F3_S"
"2795103300346100239","20240610",3421.71899414062,8973.92447860527,2618.29137385185,"astrocyte_1",NA,NA,NA,"male","M5",3,"0610_M5_S"
"2787445900622100118","20240503",3714.91870117188,8364.89040190552,4510.52103425625,"MV_ex_Syt2",4,"excitatory",14,"female","F3",1,"0503_F3_C"
"2795903600194100088","20240613",2378.21630859375,3439.28869448241,5791.85667982386,"oligodendrocyte_progenitor_2",NA,NA,NA,"male","M5",2,"0613_M5_L"
"2796212800595100035","20240613",1977.40112304688,7903.19144020788,5007.52447239752,"DH_ex_Reln/Nmur2",1,"excitatory",3,"female","F4",4,"0613_F4_T"
"2707604700201100067","20240415",2198.85107421875,4440.70180094703,7503.21426544059,"alpha_motoneuron",NA,NA,22,"male","M2",4,"0415_M2_T"
"2946331700000004296","20240415",1702.11938476562,7984.92914369199,1260.50349739339,"DH_in_Npy2r",1,"inhibitory",9,"female","F2",1,"0415_F2_C"
"2787889600231100234","20240503",837.810913085938,6519.70313566877,7590.94166286389,"microglia",NA,NA,NA,"male","M5",4,"0503_M5_T"
"2787445900225100143","20240503",2372.37841796875,1024.30500840534,1728.95692358908,"endothelial",NA,NA,NA,"female","F5",3,"0503_F5_S"
"2656144900542100245","20240328",1602.22155761719,12154.472005031,5716.5222860631,"DH_ex_Gpr83",1,"excitatory",2,"male","M1",3,"0328_M1_S"
"2796212800659100083","20240613",3106.95336914062,7992.2348036021,5672.9899695699,"astrocyte_2",NA,NA,NA,"female","F4",4,"0613_F4_T"
"2796212800783100090","20240613",2076.791015625,6892.5119762402,6773.05113944382,"meninges_2",NA,NA,NA,"female","F3",1,"0613_F3_C"
"2946331700000014421","20240415",4096.85498046875,11211.7008845764,2595.2774342937,"oligodendrocyte_2",NA,NA,NA,"female","F2",2,"0415_F2_L"
"2787445900391100109","20240503",2902.06396484375,6034.78657707525,2899.64412068951,"peripheral_glia",NA,NA,NA,"female","F4",4,"0503_F4_T"
"2787445900752100181","20240503",1154.61254882812,3410.40266425948,5770.39902537977,"MV_in_Gm26673",4,"inhibitory",19,"female","F3",2,"0503_F3_L"
"2787445900750100094","20240503",3544.92749023438,2889.16516321554,5748.0961918698,"oligodendrocyte_2",NA,NA,NA,"female","F3",2,"0503_F3_L"
"2656143800190100124","20240328",2446.81176757812,5312.11276822031,4466.42142972985,"oligodendrocyte_progenitor_2",NA,NA,NA,"male","M3",4,"0328_M3_T"
"2787445900170100231","20240503",2442.72338867188,6156.79360853916,1262.29450856001,"MV_in_Esrrb",4,"inhibitory",14,"female","F5",1,"0503_F5_C"
"2656144900617100113","20240328",2351.97900390625,11150.1064695642,6535.18102168485,"MV_in_Gm26673",4,"inhibitory",19,"male","M1",2,"0328_M1_L"
"2707604800280100011","20240415",1822.29272460938,2161.53089689935,6583.61758283922,"Schwann_cell",NA,NA,NA,"male","M1",4,"0415_M1_T"
"2795584800202100134","20240610",3789.77490234375,6425.06140674168,5289.63704366962,"MV_in_Esrrb",4,"inhibitory",14,"female","F3",2,"0610_F3_L"
"2945606900000001942","20240328",1877.18688964844,1497.67258307076,5048.4164783555,"pericyte",NA,NA,NA,"female","F1",1,"0328_F1_C"
"2945606900000008074","20240328",420.720275878906,859.358819821224,6246.97721456594,"meninges_1",NA,NA,NA,"female","F1",1,"0328_F1_C"
"2707737900063100045","20240415",3008.6181640625,11348.1126432983,8942.66547005717,"DH_ex_Prkcg/Cck",1,"excitatory",8,"female","F1",2,"0415_F1_L"
"2787889600351100169","20240503",2395.62622070312,9860.06026976462,8387.67355722724,"pericyte",NA,NA,NA,"male","M4",1,"0503_M4_C"
"2787889600481100084","20240503",4801.125,6065.91118108365,9463.88239783536,"MV_in_Gm26673",4,"inhibitory",19,"male","M4",2,"0503_M4_L"
"2796212800953100013","20240613",3256.6025390625,9733.76981517114,8028.2082194617,"oligodendrocyte_progenitor_2",NA,NA,NA,"female","F4",1,"0613_F4_C"
"2795584800696100219","20240610",2695.26635742188,3374.40225931242,9255.3347656739,"oligodendrocyte_progenitor_2",NA,NA,NA,"female","F5",1,"0610_F5_C"
"2796212800716100181","20240613",2714.82470703125,6076.52938703727,6221.42822334165,"DH_ex_Prkcg/Nts",1,"excitatory",8,"female","F3",4,"0613_F3_T"
"2787889600163100026","20240503",2899.26098632812,7607.49336633622,6892.47003188654,"gamma_motoneuron",NA,NA,22,"male","M5",1,"0503_M5_C"
"2787445900550100185","20240503",4655.5986328125,9055.440729719,3973.75505867595,"DH_ex_Prkcg/Nts",1,"excitatory",8,"female","F3",1,"0503_F3_C"
"2795903600438100042","20240613",2060.71923828125,6228.32164153401,8264.06627029802,"DH_ex_Sox5",1,"excitatory",5,"male","M5",1,"0613_M5_C"
"2656143800028200185","20240328",4052.4658203125,2050.73790933678,2891.07287396869,"DH_ex_Sox5/Tac1",1,"excitatory",5,"male","M3",1,"0328_M3_C"
"2787445900298100030","20240503",3171.45971679688,776.404470149908,2162.49433273976,"MV_in_Sema5b",4,"inhibitory",15,"female","F5",3,"0503_F5_S"
"2795903600167100157","20240613",2793.59204101562,3252.99188373951,5599.5346214544,"astrocyte_1",NA,NA,NA,"male","M5",2,"0613_M5_L"
"2707604800013100163","20240415",1800.61938476562,3684.30735741823,3193.93093433045,"astrocyte_1",NA,NA,NA,"male","M1",3,"0415_M1_S"
"2656144900086100088","20240328",2671.15649414062,8098.42415575168,874.764955422288,"MV_ex_Syt2",4,"excitatory",14,"male","M1",1,"0328_M1_C"
"2707604700037100127","20240415",1878,5601.26037859486,5595.15459487983,"alpha_motoneuron",NA,NA,22,"male","M2",2,"0415_M2_L"
"2795903600463100205","20240613",4594.7822265625,5977.04305203952,8758.53735154461,"pericyte",NA,NA,NA,"male","M5",1,"0613_M5_C"
"2787889600382100037","20240503",1994.85974121094,8562.40726853232,8701.29848767261,"meninges_1",NA,NA,NA,"male","M4",1,"0503_M4_C"
"2656144900351100279","20240328",2983.00610351562,9703.98472921643,3753.08374449174,"MV_ex_Shox2",4,"excitatory",18,"male","M1",4,"0328_M1_T"
"2787445900761100024","20240503",3441.89111328125,6036.35058821831,5520.29435687138,"astrocyte_2",NA,NA,NA,"female","F3",4,"0503_F3_T"
"2796212800715100169","20240613",3211.9970703125,5833.34587037843,6316.40531900112,"endothelial",NA,NA,NA,"female","F3",4,"0613_F3_T"
"2796212800879100121","20240613",4354.43701171875,6878.18278337922,7569.6511938133,"beta_motoneuron",NA,NA,22,"female","F3",1,"0613_F3_C"
"2787889600433100116","20240503",3057.7138671875,2587.3589598728,9245.67826005101,"Schwann_cell",NA,NA,NA,"male","M5",3,"0503_M5_S"
"2787889600617100185","20240503",2387.99438476562,3771.07271235465,10710.6869413053,"oligodendrocyte_1",NA,NA,NA,"male","M4",3,"0503_M4_S"
"2787445900262100065","20240503",1933.22314453125,936.558441508198,1926.90710644145,"DM_ex_Zfhx3",2,"excitatory",11,"female","F5",3,"0503_F5_S"
"2796212800461100225","20240613",4841.17626953125,6240.14100575168,4043.59255964437,"oligodendrocyte_progenitor_2",NA,NA,NA,"female","F4",2,"0613_F4_L"
"2707604700106100129","20240415",1122.07885742188,4811.9676150108,6457.57290765946,"alpha_motoneuron",NA,NA,22,"male","M2",2,"0415_M2_L"
"2787445900360100123","20240503",2317.64624023438,7749.41507196834,2574.50435442559,"MV_in_Gabra1",4,"inhibitory",16,"female","F4",1,"0503_F4_C"
"2795903600481100068","20240613",3902.53247070312,3713.59763698332,8870.55841973855,"astrocyte_1",NA,NA,NA,"male","M4",4,"0613_M4_T"
"2795103300344100210","20240610",4079.12109375,8486.06386572687,2648.92063815659,"oligodendrocyte_progenitor_2",NA,NA,NA,"male","M5",3,"0610_M5_S"
"2707604000054100131","20240415",3773.7373046875,7136.42027974501,8357.00833288183,"oligodendrocyte_progenitor_1",NA,NA,NA,"male","M3",2,"0415_M3_L"
"2796212800562100106","20240613",1808.17297363281,7665.2151564341,4745.8325623658,"DH_in_Cdh3",1,"inhibitory",10,"female","F4",4,"0613_F4_T"
"2795903600544200060","20240613",2277.724609375,6762.49191919179,9441.85426178355,"DH_ex_Grpr",1,"excitatory",2,"male","M5",1,"0613_M5_C"
"2795103300332100030","20240610",4299.23291015625,5181.54005624843,2439.78889848775,"astrocyte_1",NA,NA,NA,"male","M5",4,"0610_M5_T"
"2795584800589100125","20240610",3336.8818359375,3727.51747472672,8409.41522143898,"oligodendrocyte_progenitor_2",NA,NA,NA,"female","F5",1,"0610_F5_C"
"2656143800128100017","20240328",1776.49206542969,2007.93648739919,3752.60352127592,"MV_ex_Syt2",4,"excitatory",14,"male","M3",1,"0328_M3_C"
"2707604000110100203","20240415",1577.42065429688,5868.93600812847,9504.25133377405,"oligodendrocyte_precursor_cell",NA,NA,NA,"male","M3",4,"0415_M3_T"
"2707604700272100156","20240415",2166.7216796875,4191.15299208371,8389.74294769502,"endothelial",NA,NA,NA,"male","M2",4,"0415_M2_T"
"2795903600031100177","20240613",5972.57421875,1469.63961125107,4249.48991877976,"M_ex_Vsx2/Shox2",3,"excitatory",20,"male","M5",3,"0613_M5_S"
"2796212800664100186","20240613",3793.95874023438,9435.62543316744,5754.703285417,"MV_ex_Syt2",4,"excitatory",14,"female","F5",1,"0613_F5_C"
"2795584800588100034","20240610",3124.3505859375,3426.69976773331,8278.14979042789,"MV_in_Esrrb",4,"inhibitory",14,"female","F5",1,"0610_F5_C"
"2787889600277100054","20240503",894.50341796875,9274.34643491055,7790.48068351037,"meninges_2",NA,NA,NA,"male","M4",1,"0503_M4_C"
"2787889600095100121","20240503",3424.86840820312,8722.60622814484,6444.71514188003,"oligodendrocyte_progenitor_2",NA,NA,NA,"male","M5",1,"0503_M5_C"
"2945606900000029531","20240328",885.734985351562,5338.32630792848,9993.67251452301,"oligodendrocyte_1",NA,NA,NA,"female","F1",3,"0328_F1_S"
"2787889600450100232","20240503",2550.56005859375,7337.49563110387,9302.45822358265,"oligodendrocyte_progenitor_2",NA,NA,NA,"male","M4",4,"0503_M4_T"
"2707604700390100073","20240415",3295.97729492188,3529.62525155136,9739.16631082681,"oligodendrocyte_2",NA,NA,NA,"male","M2",1,"0415_M2_C"
"2787445900693100023","20240503",3052.35864257812,7647.23280537128,4954.26320703579,"MV_ex_Syt2",4,"excitatory",14,"female","F3",1,"0503_F3_C"
"2795103300233100072","20240610",3358.615234375,6662.60779091832,1632.33010957018,"oligodendrocyte_progenitor_2",NA,NA,NA,"male","M4",2,"0610_M4_L"
"2787445900400100148","20240503",1561.62780761719,8599.77593522868,2870.95527514024,"oligodendrocyte_1",NA,NA,NA,"female","F4",1,"0503_F4_C"
"2787445900226100033","20240503",3325.849609375,1223.74852523964,1604.6555081835,"endothelial",NA,NA,NA,"female","F5",3,"0503_F5_S"
"2795103300400100174","20240610",3697.92529296875,4608.04629269711,3099.60192764812,"DH_ex_Reln/Nmur2",1,"excitatory",3,"male","M5",4,"0610_M5_T"
"2707604700086100238","20240415",5862.08544921875,5914.96349209649,6172.11073770723,"oligodendrocyte_precursor_cell",NA,NA,NA,"male","M2",2,"0415_M2_L"
"2796212800494200034","20240613",5185.2412109375,6616.57169027999,4157.81565641658,"oligodendrocyte_1",NA,NA,NA,"female","F4",2,"0613_F4_L"
"2707604700044100127","20240415",2636.95947265625,7589.80094765942,5622.53120983788,"astrocyte_1",NA,NA,NA,"male","M3",3,"0415_M3_S"
"2707604700091100092","20240415",5107.72216796875,7255.8736440666,6087.90357705741,"DH_ex_Maf/Cck",1,"excitatory",10,"male","M3",3,"0415_M3_S"
"2707604700084200064","20240415",1624.52270507812,5280.13030712193,6048.40350915224,"ependymal",NA,NA,NA,"male","M2",2,"0415_M2_L"
"2707604700366100214","20240415",3935.3388671875,3640.47947608595,9596.51379561063,"oligodendrocyte_2",NA,NA,NA,"male","M2",1,"0415_M2_C"
"2787889600055100044","20240503",2661.53149414062,7647.60855833744,6233.67574681155,"oligodendrocyte_2",NA,NA,NA,"male","M5",1,"0503_M5_C"
"2707604800143100337","20240415",982.771423339844,4844.85898966948,4898.18449803675,"DH_ex_Reln",1,"excitatory",6,"male","M1",2,"0415_M1_L"
"2726544600028100160","20240422",1439.1025390625,756.026114120461,6874.66288137482,"oligodendrocyte_precursor_cell",NA,NA,NA,"female","F1",1,"0422_F1_C"
"2796212800422100057","20240613",3777.12866210938,4440.96696008695,3698.96328407945,"oligodendrocyte_progenitor_2",NA,NA,NA,"female","F3",2,"0613_F3_L"
"2787445900502100020","20240503",3664.37646484375,5889.90803777764,3549.97874879176,"oligodendrocyte_progenitor_2",NA,NA,NA,"female","F4",4,"0503_F4_T"
"2796212800756200038","20240613",3098.60791015625,8444.62512075529,6445.20251222816,"oligodendrocyte_2",NA,NA,NA,"female","F4",1,"0613_F4_C"
"2796212800238100207","20240613",4342.7666015625,6487.82317613717,2063.38006283657,"alpha_motoneuron",NA,NA,22,"female","F5",2,"0613_F5_L"
"2787445900358100094","20240503",1354.38354492188,7149.28429230081,2581.37051956294,"oligodendrocyte_progenitor_1",NA,NA,NA,"female","F4",1,"0503_F4_C"
"2795584800391100090","20240610",3598.07250976562,8903.50731271924,6703.08238442329,"gamma_motoneuron",NA,NA,22,"female","F4",3,"0610_F4_S"
"2796212800418100022","20240613",1999.87353515625,3365.34937907616,3538.20371297759,"MV_in_Sema5b",4,"inhibitory",15,"female","F3",3,"0613_F3_S"
"2707604700155100038","20240415",1698.59143066406,5027.83335685769,6863.20118916116,"endothelial",NA,NA,NA,"male","M2",2,"0415_M2_L"
"2795584800353100199","20240610",1599.41845703125,8321.13130885898,6543.93679682337,"oligodendrocyte_progenitor_2",NA,NA,NA,"female","F4",3,"0610_F4_S"
"2707604700133100099","20240415",3182.43774414062,5601.1204573143,6655.29170545645,"astrocyte_2",NA,NA,NA,"male","M2",2,"0415_M2_L"
"2795103300233100258","20240610",2572.31079101562,6782.23099512211,1776.18439211103,"DH_ex_Grpr",1,"excitatory",2,"male","M4",2,"0610_M4_L"
"2795903600438100298","20240613",1483.40698242188,6300.00947991034,8466.81266750619,"DH_ex_Reln",1,"excitatory",6,"male","M5",1,"0613_M5_C"
"2726544600431100063","20240422",2471.12866210938,4368.57092490388,10948.8193971871,"MV_ex_Syt2",4,"excitatory",14,"female","F1",2,"0422_F1_L"
"2795903600454100196","20240613",3298.19018554688,3477.45712543864,8760.98669003633,"oligodendrocyte_2",NA,NA,NA,"male","M4",4,"0613_M4_T"
"2795584800416100124","20240610",4211.58984375,5866.66152630548,7012.46671246289,"endothelial",NA,NA,NA,"female","F4",2,"0610_F4_L"
"2656144900113100206","20240328",2010.60876464844,8432.35338166579,1287.90154605071,"MV_ex_Shox2",4,"excitatory",18,"male","M1",1,"0328_M1_C"
"2795903600115100122","20240613",4401.7998046875,3129.31640065838,4982.10445882232,"M_in_Tfap2b",3,"inhibitory",12,"male","M5",2,"0613_M5_L"
"2796212800667100273","20240613",2703.8935546875,10376.2044646405,5752.47320617083,"oligodendrocyte_1",NA,NA,NA,"female","F5",1,"0613_F5_C"
"2707604800383100170","20240415",4306.7822265625,1419.91828245251,8168.66302331083,"MV_in_Gabra1",4,"inhibitory",16,"male","M1",1,"0415_M1_C"
"2795903600669100297","20240613",4137.81591796875,5481.87064132118,11043.7202905181,"MV_ex_Shox2",4,"excitatory",18,"male","M4",1,"0613_M4_C"
"2726543700464100188","20240422",3476.7255859375,4995.73592244426,7634.48906295639,"astrocyte_1",NA,NA,NA,"male","M3",2,"0422_M3_L"
"2787445900688100093","20240503",4112.818359375,6285.93413177168,5204.79003330074,"oligodendrocyte_2",NA,NA,NA,"female","F3",4,"0503_F3_T"
"2787889600412100086","20240503",1593.12524414062,6743.08331583685,8904.03193560339,"DH_ex_Sox5/Tac1",1,"excitatory",5,"male","M4",4,"0503_M4_T"
"2707604800034100286","20240415",1441.70581054688,3749.83185720094,3485.72332007252,"MV_in_Esrrb",4,"inhibitory",14,"male","M1",3,"0415_M1_S"
"2787445900581200027","20240503",1375.44860839844,7327.90421687637,4119.04208839801,"DH_ex_Reln/Nmur2",1,"excitatory",3,"female","F3",1,"0503_F3_C"
"2707604700068100243","20240415",2477.015625,7670.95211035246,5947.28774372442,"astrocyte_1",NA,NA,NA,"male","M3",3,"0415_M3_S"
"2787445900357100080","20240503",2991.06103515625,6785.99590714253,2621.34187550368,"oligodendrocyte_2",NA,NA,NA,"female","F4",1,"0503_F4_C"
"2945606900000005334","20240328",1698.98596191406,1435.80194615935,5710.19288602605,"oligodendrocyte_1",NA,NA,NA,"female","F1",1,"0328_F1_C"
"2656144300186100045","20240328",2713.0185546875,8616.36606367289,12491.8522142377,"oligodendrocyte_progenitor_2",NA,NA,NA,"female","F2",2,"0328_F2_L"
"2795903600570100068","20240613",1817.53894042969,6762.77856250951,9731.9133956476,"Schwann_cell",NA,NA,NA,"male","M5",1,"0613_M5_C"
"2787889600413100137","20240503",4043.56665039062,6956.28961005807,8990.13425527321,"MV_ex_Syt2",4,"excitatory",14,"male","M4",4,"0503_M4_T"
"2787889600057100160","20240503",3173.81005859375,8205.69599339645,6227.72708926632,"MV_in_Esrrb",4,"inhibitory",14,"male","M5",1,"0503_M5_C"
"2796212801008100053","20240613",3734.8916015625,7126.97460042126,8669.63519397355,"oligodendrocyte_2",NA,NA,NA,"female","F3",1,"0613_F3_C"
"2795584800173100264","20240610",3339.96020507812,8157.16069861979,5086.0141546845,"DH_ex_Cpne4",1,"excitatory",3,"female","F3",3,"0610_F3_S"
"2796212800980100248","20240613",2783.69995117188,8204.54595689848,8505.92890049177,"endothelial",NA,NA,NA,"female","F3",1,"0613_F3_C"
"2795903600401100113","20240613",986.391784667969,3242.49520583333,8084.64741866697,"DH_in_Npy2r",1,"inhibitory",9,"male","M4",4,"0613_M4_T"
"2795903600353200105","20240613",3900.31005859375,4280.28494170544,7523.02715039466,"microglia",NA,NA,NA,"male","M5",4,"0613_M5_T"
"2787445900204100050","20240503",3470.86962890625,5306.29296947981,1378.62543086745,"astrocyte_2",NA,NA,NA,"female","F5",1,"0503_F5_C"
"2795903600374100028","20240613",3628.89013671875,2926.45635449767,7701.51204865691,"oligodendrocyte_progenitor_2",NA,NA,NA,"male","M4",2,"0613_M4_L"
"2656144900563100121","20240328",2330.74658203125,10659.7922206855,5923.09588492331,"endothelial",NA,NA,NA,"male","M1",2,"0328_M1_L"
"2787445900337100027","20240503",3886.32788085938,1129.49122317617,2445.58602654326,"astrocyte_2",NA,NA,NA,"female","F5",3,"0503_F5_S"
"2946331700000020347","20240415",2369.85083007812,11332.4595902249,3814.38161625566,"oligodendrocyte_progenitor_2",NA,NA,NA,"female","F2",2,"0415_F2_L"
"2796212800439100064","20240613",1087.74597167969,9139.83536256105,3635.60192997928,"oligodendrocyte_progenitor_2",NA,NA,NA,"female","F5",4,"0613_F5_T"
"2796212801012100064","20240613",1194.72583007812,8375.89506865852,8623.35752051295,"DH_in_Pdyn",1,"inhibitory",2,"female","F3",1,"0613_F3_C"
"2787889600444100216","20240503",2195.294921875,5584.80220975855,9288.50641338399,"DM_ex_Zfhx3",2,"excitatory",11,"male","M4",2,"0503_M4_L"
"2656143800054100156","20240328",2453.3603515625,2295.30610792928,3060.5207258226,"MV_in_Esrrb",4,"inhibitory",14,"male","M3",1,"0328_M3_C"
"2787889600347100126","20240503",1485.25549316406,8697.19249340845,8446.16196502792,"oligodendrocyte_progenitor_2",NA,NA,NA,"male","M4",1,"0503_M4_C"
"2707604800219100172","20240415",1330.20239257812,2695.82637855876,6003.41364088422,"endothelial",NA,NA,NA,"male","M1",4,"0415_M1_T"
"2787445900695100107","20240503",3569.71728515625,8110.18810849695,5174.58726769144,"astrocyte_2",NA,NA,NA,"female","F3",1,"0503_F3_C"
"2656143800242100162","20240328",1118.27478027344,5792.12837690307,5124.28181443235,"DH_ex_Gpr83",1,"excitatory",2,"male","M3",4,"0328_M3_T"
"2656143800052100222","20240328",1864.521484375,1610.70927377307,3068.55689798674,"endothelial",NA,NA,NA,"male","M3",1,"0328_M3_C"
"2787889600373100086","20240503",2092.0537109375,5984.07537383551,8789.87368954715,"DH_in_Npy2r",1,"inhibitory",9,"male","M4",2,"0503_M4_L"
"2707604700250100319","20240415",2483.564453125,4822.74433613903,8232.92097719834,"meninges_1",NA,NA,NA,"male","M2",4,"0415_M2_T"
"2787445900164100094","20240503",3346.81982421875,4518.52364743879,1169.76825745974,"oligodendrocyte_progenitor_2",NA,NA,NA,"female","F5",4,"0503_F5_T"
"2707604800142100058","20240415",1533.25024414062,4600.97878997936,4675.86127982242,"endothelial",NA,NA,NA,"male","M1",2,"0415_M1_L"
"2796212800635100072","20240613",2134.05029296875,10281.0533934217,5332.07425120234,"DH_in_Rorb",1,"inhibitory",7,"female","F5",1,"0613_F5_C"
"2795903600194100139","20240613",3740.03564453125,3399.08696917135,5858.08862392095,"astrocyte_1",NA,NA,NA,"male","M5",2,"0613_M5_L"
"2787445900821100164","20240503",1381.92297363281,2008.89073958702,6342.36466935647,"DH_ex_Reln/Nmur2",1,"excitatory",3,"female","F3",3,"0503_F3_S"
"2656144300125100179","20240328",2358.56616210938,10621.0905881533,11701.4014177544,"endothelial",NA,NA,NA,"female","F2",4,"0328_F2_T"
"2656143800154100152","20240328",2266.55688476562,2255.7756986668,4183.3115521404,"oligodendrocyte_1",NA,NA,NA,"male","M3",1,"0328_M3_C"
"2787889600443100263","20240503",1495.87170410156,5446.44386176683,9366.14448219714,"endothelial",NA,NA,NA,"male","M4",2,"0503_M4_L"
"2787889600229100102","20240503",2727.17236328125,6041.76039112033,7491.66651088232,"MV_in_Chrna2",4,"inhibitory",19,"male","M5",4,"0503_M5_T"
"2656144300170100090","20240328",2034.50024414062,10560.6323683754,12237.431259289,"oligodendrocyte_2",NA,NA,NA,"female","F2",4,"0328_F2_T"
"2787445900387100064","20240503",895.048034667969,4799.30490302917,2818.13263482085,"DH_ex_Gpr83",1,"excitatory",2,"female","F4",4,"0503_F4_T"
"2787445900582100036","20240503",3057.4609375,7771.35002037347,4129.39256532236,"DH_in_Npy",1,"inhibitory",4,"female","F3",1,"0503_F3_C"
"2787889600456100029","20240503",1660.01220703125,9168.41214027861,9163.69619905978,"Schwann_cell",NA,NA,NA,"male","M4",1,"0503_M4_C"
"2795584800381100069","20240610",3338.42724609375,5965.94526588765,6608.67376960003,"oligodendrocyte_progenitor_2",NA,NA,NA,"female","F4",2,"0610_F4_L"
"2787445900353100101","20240503",1657.30163574219,5566.49270048097,2656.69245261158,"DH_ex_Gpr83",1,"excitatory",2,"female","F4",4,"0503_F4_T"
"2787889600245100078","20240503",2598.94555664062,10515.0250838508,7675.68740508435,"DH_in_Pdyn",1,"inhibitory",2,"male","M4",1,"0503_M4_C"
"2795584800125200038","20240610",2998.40283203125,4927.65508328151,4641.69254941703,"MV_in_Sema5b",4,"inhibitory",15,"female","F3",4,"0610_F3_T"
"2795103300163100231","20240610",2676.759765625,6724.35506044846,1285.96417350229,"astrocyte_1",NA,NA,NA,"male","M4",2,"0610_M4_L"
"2795903600517200076","20240613",7428.751953125,6490.1785892114,9179.42412392632,"M_in_Tfap2b",3,"inhibitory",12,"male","M5",1,"0613_M5_C"
"2795103300127100120","20240610",4035.513671875,6532.63707989966,920.275809344836,"oligodendrocyte_2",NA,NA,NA,"male","M4",2,"0610_M4_L"
"2787889600267100112","20240503",4747.20361328125,6445.91985720186,7865.27564661071,"oligodendrocyte_precursor_cell",NA,NA,NA,"male","M5",4,"0503_M5_T"
"2796212800632100120","20240613",1748.07592773438,9372.34554019384,5360.73715327028,"MV_in_Sema5b",4,"inhibitory",15,"female","F5",1,"0613_F5_C"
"2707604000136100065","20240415",4184.759765625,4942.26120240554,10070.1935945049,"oligodendrocyte_2",NA,NA,NA,"male","M3",4,"0415_M3_T"
"2787889600091100011","20240503",1235.96716308594,7784.68682285771,6302.35302543367,"oligodendrocyte_1",NA,NA,NA,"male","M5",1,"0503_M5_C"
"2707604700227100029","20240415",3507.96362304688,4947.76877035896,7735.46941910824,"oligodendrocyte_progenitor_2",NA,NA,NA,"male","M2",4,"0415_M2_T"
"2795903600455100171","20240613",821.259887695312,3772.43618767022,8758.80586313814,"astrocyte_1",NA,NA,NA,"male","M4",4,"0613_M4_T"
"2787445900620100253","20240503",2498.71752929688,7956.11022806657,4669.06724892541,"MV_in_Gabra1",4,"inhibitory",16,"female","F3",1,"0503_F3_C"
"2787889600166100141","20240503",2231.53100585938,8450.30481545557,7085.88627907186,"oligodendrocyte_precursor_cell",NA,NA,NA,"male","M5",1,"0503_M5_C"
"2796212800945100155","20240613",3617.69873046875,7375.50089961663,8171.31866923737,"astrocyte_1",NA,NA,NA,"female","F3",1,"0613_F3_C"
"2796212801050200059","20240613",2672.23876953125,9951.50029668957,8961.46470047976,"DH_ex_Reln/Nmur2",1,"excitatory",3,"female","F4",1,"0613_F4_C"
"2707604700091100170","20240415",1488.2509765625,7215.53338487374,6145.19393162522,"DH_in_Cdh3",1,"inhibitory",10,"male","M3",3,"0415_M3_S"
"2707604700036100158","20240415",1159.5888671875,5258.90838289951,5620.06864878768,"oligodendrocyte_progenitor_2",NA,NA,NA,"male","M2",2,"0415_M2_L"
"2707604000040100253","20240415",2653.31860351562,7422.4943405629,8191.94842586431,"endothelial",NA,NA,NA,"male","M3",2,"0415_M3_L"
"2656144300147100030","20240328",1607.71691894531,10583.9386671893,11863.5121145777,"oligodendrocyte_1",NA,NA,NA,"female","F2",4,"0328_F2_T"
"2796212800657200009","20240613",2456.8095703125,7487.09068837017,5504.82461553888,"alpha_motoneuron",NA,NA,22,"female","F4",4,"0613_F4_T"
"2787889600486100091","20240503",2786.86767578125,7477.97031284962,9506.05334537294,"oligodendrocyte_progenitor_1",NA,NA,NA,"male","M4",4,"0503_M4_T"
"2796212800650100010","20240613",3639.74145507812,5452.96032543108,5501.45581246889,"oligodendrocyte_2",NA,NA,NA,"female","F3",2,"0613_F3_L"
"2787445900351100038","20240503",2821.77172851562,4997.51191203803,2615.64238331921,"meninges_1",NA,NA,NA,"female","F4",4,"0503_F4_T"
"2656144900529100118","20240328",2786.86279296875,8402.70529374776,5614.33693670919,"oligodendrocyte_progenitor_1",NA,NA,NA,"male","M2",2,"0328_M2_L"
"2656144900186100123","20240328",4555.05078125,6914.26475757635,2072.9796748189,"oligodendrocyte_2",NA,NA,NA,"male","M2",1,"0328_M2_C"
"2787889600360100197","20240503",1083.90698242188,2245.9167044037,8757.89270332735,"oligodendrocyte_progenitor_2",NA,NA,NA,"male","M5",3,"0503_M5_S"
"2787445900207100059","20240503",696.229553222656,6367.25716943876,1347.7467778826,"oligodendrocyte_1",NA,NA,NA,"female","F5",1,"0503_F5_C"
"2795903600616100113","20240613",2612.53125,5027.41072991092,10352.2483134938,"oligodendrocyte_1",NA,NA,NA,"male","M4",1,"0613_M4_C"
"2787445900250100184","20240503",2770.3427734375,7939.15794823214,1846.00070530229,"oligodendrocyte_2",NA,NA,NA,"female","F4",1,"0503_F4_C"
"2787445900244100077","20240503",5589.86767578125,6145.91572631348,1699.73403760363,"oligodendrocyte_progenitor_2",NA,NA,NA,"female","F5",1,"0503_F5_C"
"2707737900134200082","20240415",1074.07897949219,9618.86288380236,10794.898208756,"astrocyte_2",NA,NA,NA,"female","F1",4,"0415_F1_T"
"2787445900760100097","20240503",4674.3505859375,5630.03219254862,5631.64637911231,"oligodendrocyte_progenitor_1",NA,NA,NA,"female","F3",4,"0503_F3_T"
"2795584800189100182","20240610",3830.10595703125,2736.76708283275,5365.99253461912,"M_in_Tfap2b",3,"inhibitory",12,"female","F3",1,"0610_F3_C"
"2656144900325100108","20240328",1907.18139648438,9508.40750817716,3385.14541930126,"astrocyte_1",NA,NA,NA,"male","M1",4,"0328_M1_T"
"2787445900659100056","20240503",2191.53442382812,8392.53583824006,4712.93323369414,"MV_ex_Syt2",4,"excitatory",14,"female","F3",1,"0503_F3_C"
"2795103300400100052","20240610",3166.37866210938,4543.87639720133,3014.49820979816,"astrocyte_1",NA,NA,NA,"male","M5",4,"0610_M5_T"
"2787445900770100020","20240503",2042.19873046875,8572.11510508368,5686.5561267834,"meninges_1",NA,NA,NA,"male","M5",1,"0503_M5_C"
"2787889600422100176","20240503",3513.59643554688,9668.88577229949,9040.3537928118,"oligodendrocyte_progenitor_2",NA,NA,NA,"male","M4",1,"0503_M4_C"
"2707604000085100209","20240415",1009.92657470703,7279.49451201016,9002.20930875337,"oligodendrocyte_2",NA,NA,NA,"male","M3",2,"0415_M3_L"
"2796212800882100083","20240613",1934.0888671875,7733.97019219212,7518.07265115849,"DH_ex_Cpne4",1,"excitatory",3,"female","F3",1,"0613_F3_C"
"2796212800882100105","20240613",1842.54162597656,7798.74857327342,7543.88654778071,"DH_in_Pdyn/Gal",1,"inhibitory",5,"female","F3",1,"0613_F3_C"
"2795903600267100238","20240613",1892.57348632812,2178.14587555882,6809.54354634337,"oligodendrocyte_progenitor_2",NA,NA,NA,"male","M4",2,"0613_M4_L"
"2795584800348100087","20240610",3976.15356445312,6805.2078757158,6392.94774211489,"astrocyte_2",NA,NA,NA,"female","F4",2,"0610_F4_L"
"2656143800469100187","20240328",1334.60888671875,6508.08837160375,7570.01835618673,"peripheral_glia",NA,NA,NA,"male","M3",2,"0328_M3_L"
"2656144300147100033","20240328",1243.32653808594,10378.5182982122,11865.4716794416,"DH_ex_Nmu/Tac2",1,"excitatory",8,"female","F2",4,"0328_F2_T"
"2707604800014100084","20240415",2280.47094726562,4027.64055186987,2991.42502455506,"endothelial",NA,NA,NA,"male","M1",3,"0415_M1_S"
"2946331700000008218","20240415",1926.41723632812,8902.0708269818,1674.67834587081,"DH_ex_Reln/Npff",1,"excitatory",1,"female","F2",1,"0415_F2_C"
"2707604000155100066","20240415",584.392028808594,5823.17084023749,10236.3564576271,"DH_in_Npy",1,"inhibitory",4,"male","M3",4,"0415_M3_T"
"2787889600314100176","20240503",1805.1943359375,9736.53576070792,8193.04067962311,"MV_in_Gabra1",4,"inhibitory",16,"male","M4",1,"0503_M4_C"
"2787445900301100029","20240503",983.725646972656,1390.99688808798,2156.40723835636,"DH_ex_Prkcg/Cck",1,"excitatory",8,"female","F5",3,"0503_F5_S"
"2787889600134100031","20240503",2238.98388671875,9562.00648529874,6607.6236634035,"oligodendrocyte_2",NA,NA,NA,"male","M5",1,"0503_M5_C"
"2795903600428100079","20240613",4687.34033203125,3464.32163005963,8364.31242983071,"oligodendrocyte_2",NA,NA,NA,"male","M4",4,"0613_M4_T"
"2707737900099100108","20240415",1848.95178222656,10470.5289732447,9835.63184180553,"endothelial",NA,NA,NA,"female","F1",2,"0415_F1_L"
"2787889600411100089","20240503",1240.412109375,6656.90196206723,9019.9069864006,"DH_in_Pdyn/Gal",1,"inhibitory",5,"male","M4",4,"0503_M4_T"
"2707737900132100020","20240415",779.498046875,8884.29684548388,10579.4971361614,"gamma_motoneuron",NA,NA,22,"female","F1",4,"0415_F1_T"
"2787889600581100124","20240503",3342.50048828125,3672.40094115748,10371.7442299134,"oligodendrocyte_progenitor_2",NA,NA,NA,"male","M4",3,"0503_M4_S"
"2787445900328100068","20240503",2964.55859375,9062.06314698025,2220.54573638857,"oligodendrocyte_progenitor_2",NA,NA,NA,"female","F4",1,"0503_F4_C"
"2726543700227100078","20240422",2898.75341796875,1166.26882657497,5577.88705641829,"oligodendrocyte_1",NA,NA,NA,"male","M3",1,"0422_M3_C"
"2787889600129100087","20240503",1609.58996582031,8280.30488433316,6655.70909960094,"astrocyte_1",NA,NA,NA,"male","M5",1,"0503_M5_C"
"2945606900000002040","20240328",999.977355957031,1801.84076072666,4927.39980543262,"meninges_1",NA,NA,NA,"female","F1",1,"0328_F1_C"
"2656144900564100021","20240328",2472.15161132812,11088.6393055929,5817.8655769543,"oligodendrocyte_2",NA,NA,NA,"male","M1",2,"0328_M1_L"
"2707604800103100083","20240415",2793.7744140625,5541.16719939013,4130.97455378994,"DH_ex_Sox5",1,"excitatory",5,"male","M1",2,"0415_M1_L"
"2946331700000008386","20240415",2229.6435546875,9466.93987511011,1904.87302086101,"meninges_1",NA,NA,NA,"female","F2",4,"0415_F2_T"
"2795903600454100124","20240613",1645.69030761719,3579.4104468251,8684.31758813272,"astrocyte_1",NA,NA,NA,"male","M4",4,"0613_M4_T"
"2787889600231100297","20240503",3605.87744140625,6454.97470434301,7653.11231331248,"MV_in_Gabra1",4,"inhibitory",16,"male","M5",4,"0503_M5_T"
"2796212800529100125","20240613",1485.07751464844,7372.98446020484,4521.95381203759,"DH_in_Npy",1,"inhibitory",4,"female","F4",4,"0613_F4_T"
"2796212800954100029","20240613",909.196899414062,10099.3105470147,8031.72587224364,"DH_in_Pdyn/Gal",1,"inhibitory",5,"female","F4",1,"0613_F4_C"
"2656143800003100123","20240328",2962.89306640625,1843.63211196184,2498.17808393232,"pericyte",NA,NA,NA,"male","M3",1,"0328_M3_C"
"2787889600313100176","20240503",3073.70703125,9317.94078268111,8189.49438551915,"astrocyte_1",NA,NA,NA,"male","M4",1,"0503_M4_C"
"2795903600613100078","20240613",4328.3994140625,4363.9599596773,10295.9498104414,"astrocyte_1",NA,NA,NA,"male","M4",1,"0613_M4_C"
"2787889600094100218","20240503",3012.88598632812,8416.77088362887,6479.17591678139,"MV_ex_Syt2",4,"excitatory",14,"male","M5",1,"0503_M5_C"
"2946331700000003590","20240415",856.652099609375,9281.59581591375,1081.91921674635,"oligodendrocyte_progenitor_2",NA,NA,NA,"female","F2",1,"0415_F2_C"
"2787889600486100113","20240503",2112.77758789062,7320.87109368388,9534.09600405386,"oligodendrocyte_progenitor_2",NA,NA,NA,"male","M4",4,"0503_M4_T"
"2656144900327200061","20240328",4184.63427734375,10017.5183911289,3483.49582275626,"astrocyte_1",NA,NA,NA,"male","M1",4,"0328_M1_T"
"2656144900535100189","20240328",1932.82409667969,10120.4030051171,5736.95178632732,"pericyte",NA,NA,NA,"male","M1",2,"0328_M1_L"
"2795903600220100034","20240613",4529.423828125,3454.23335353698,6023.70648324682,"astrocyte_1",NA,NA,NA,"male","M5",2,"0613_M5_L"
"2707604800382100113","20240415",2362.23828125,1221.57350145036,8104.36186267145,"MV_in_Sema5b",4,"inhibitory",15,"male","M1",1,"0415_M1_C"
"2795584800436100321","20240610",1265.41455078125,1177.97730659107,7395.54027241412,"DH_in_Pdyn/Gal",1,"inhibitory",5,"female","F4",1,"0610_F4_C"
"2656143800052100227","20240328",902.532287597656,1590.41907212162,3069.9181891153,"astrocyte_1",NA,NA,NA,"male","M3",1,"0328_M3_C"
"2795584800419100238","20240610",4340.50634765625,6700.71898793825,7033.87540848326,"oligodendrocyte_progenitor_2",NA,NA,NA,"female","F4",2,"0610_F4_L"
"2707737900112100028","20240415",3711.4345703125,10717.1642928344,10030.5415007622,"endothelial",NA,NA,NA,"female","F1",2,"0415_F1_L"
"2707604700067100194","20240415",1967.48205566406,7248.52578931925,5916.49428443005,"MV_ex_Shox2",4,"excitatory",18,"male","M3",3,"0415_M3_S"
"2707604700083100228","20240415",2246.16552734375,5152.6071650339,6193.34206917335,"oligodendrocyte_progenitor_2",NA,NA,NA,"male","M2",2,"0415_M2_L"
"2795584800089100218","20240610",2430.03295898438,4786.76513248699,4536.94271293364,"MV_in_Gabra1",4,"inhibitory",16,"female","F3",4,"0610_F3_T"
"2796212800537200010","20240613",3663.35815429688,9595.34279013053,4441.9507778124,"peripheral_glia",NA,NA,NA,"female","F5",1,"0613_F5_C"
"2796212800408200068","20240613",5217.6962890625,9331.91293964908,3357.54564887495,"oligodendrocyte_progenitor_2",NA,NA,NA,"female","F5",4,"0613_F5_T"
"2707604700227100068","20240415",2479.63110351562,5064.08827241161,7790.64779236633,"astrocyte_2",NA,NA,NA,"male","M2",4,"0415_M2_T"
"2726544600435100028","20240422",3879.69702148438,5491.71285463602,10886.0199693115,"endothelial",NA,NA,NA,"female","F1",3,"0422_F1_S"
"2795584800485100054","20240610",1801.603515625,5034.84845317865,7432.99312077009,"DH_ex_Sox5",1,"excitatory",5,"female","F4",4,"0610_F4_T"
"2795584800130100205","20240610",3395.556640625,6174.93630757579,4852.26618169629,"gamma_motoneuron",NA,NA,22,"female","F3",2,"0610_F3_L"
"2795103300198100171","20240610",5444.12548828125,6730.54676287458,1554.08552838064,"DH_in_Klhl14",1,"inhibitory",10,"male","M4",2,"0610_M4_L"
"2707737900063100163","20240415",2962.2333984375,11409.0689426234,9170.65817042231,"astrocyte_2",NA,NA,NA,"female","F1",2,"0415_F1_L"
"2787445900585100216","20240503",1480.63305664062,8600.7303514774,4357.91426749696,"oligodendrocyte_progenitor_2",NA,NA,NA,"female","F3",1,"0503_F3_C"
"2787889600193100015","20240503",1809.76843261719,6005.49017745024,7204.69003954472,"DH_ex_Grp",1,"excitatory",6,"male","M5",4,"0503_M5_T"
"2656144900370100176","20240328",2927.79272460938,7706.03602928914,4102.57850632492,"endothelial",NA,NA,NA,"male","M2",4,"0328_M2_T"
"2707604000072100079","20240415",4064.80737304688,8010.18945610535,8691.70949724526,"oligodendrocyte_2",NA,NA,NA,"male","M3",2,"0415_M3_L"
"2787889600281100092","20240503",4798.6806640625,10420.925355939,7767.490476131,"DH_in_Cdh3",1,"inhibitory",10,"male","M4",1,"0503_M4_C"
"2787445900338100016","20240503",3541.11401367188,1565.3912116914,2424.44092503769,"Schwann_cell",NA,NA,NA,"female","F5",2,"0503_F5_L"
"2945606900000007957","20240328",1905.2197265625,1067.55845223293,6164.99032173841,"DH_in_Pdyn",1,"inhibitory",2,"female","F1",1,"0328_F1_C"
"2707604700412100039","20240415",1570.20654296875,3123.0496862088,9933.40907125294,"oligodendrocyte_progenitor_2",NA,NA,NA,"male","M2",1,"0415_M2_C"
"2945606900000008245","20240328",1694.91918945312,1075.50087525311,6267.78393284514,"DH_ex_Tac2",1,"excitatory",8,"female","F1",1,"0328_F1_C"
"2795584800237100106","20240610",2422.45751953125,6114.99690352468,5508.16726059344,"endothelial",NA,NA,NA,"female","F3",2,"0610_F3_L"
"2787889600422100062","20240503",3311.11401367188,9694.60150272097,8886.68831828254,"oligodendrocyte_2",NA,NA,NA,"male","M4",1,"0503_M4_C"
"2787445900550100068","20240503",2325.02099609375,9110.42064741673,3885.97185992016,"oligodendrocyte_progenitor_2",NA,NA,NA,"female","F3",1,"0503_F3_C"
"2796212800944100093","20240613",3039.73828125,7325.99816690385,8087.08902469804,"oligodendrocyte_progenitor_2",NA,NA,NA,"female","F3",1,"0613_F3_C"
"2787445900403100045","20240503",3382.91015625,9256.04116837867,2764.1085243437,"meninges_1",NA,NA,NA,"female","F4",1,"0503_F4_C"
"2796212800914100178","20240613",2999.6103515625,7635.66745868511,7879.38501498749,"oligodendrocyte_precursor_cell",NA,NA,NA,"female","F3",1,"0613_F3_C"
"2787445900897100148","20240503",803.804992675781,2604.76944092842,6819.3057920748,"gamma_motoneuron",NA,NA,22,"female","F3",3,"0503_F3_S"
"2787445900098100150","20240503",1847.39208984375,6782.5649346665,619.872378214408,"DH_in_Rorb",1,"inhibitory",7,"female","F5",1,"0503_F5_C"
"2707604800219100061","20240415",1485.57373046875,2625.82356050116,5858.86286967993,"endothelial",NA,NA,NA,"male","M1",4,"0415_M1_T"
"2787445900463100100","20240503",5057.51953125,5372.90383461106,3416.35216576984,"oligodendrocyte_2",NA,NA,NA,"female","F4",4,"0503_F4_T"
"2656144900136100106","20240328",1818.40844726562,7696.66560690039,1444.20090380995,"astrocyte_2",NA,NA,NA,"male","M1",1,"0328_M1_C"
"2707604700226100107","20240415",3226.82836914062,4869.66228678073,7804.31876707834,"endothelial",NA,NA,NA,"male","M2",4,"0415_M2_T"
"2787445900803100037","20240503",1964.78588867188,7514.64098983293,5970.39124837056,"meninges_1",NA,NA,NA,"male","M5",1,"0503_M5_C"
"2795903600354100060","20240613",1881.89099121094,4518.56438742951,7434.1573669705,"DH_in_Npy",1,"inhibitory",4,"male","M5",4,"0613_M5_T"
"2795103300415100059","20240610",1622.84790039062,8685.82115224225,3004.28649960645,"oligodendrocyte_precursor_cell",NA,NA,NA,"male","M5",3,"0610_M5_S"
"2946331700000002594","20240415",1123.50122070312,7831.70107129234,978.366976852296,"oligodendrocyte_progenitor_2",NA,NA,NA,"female","F2",1,"0415_F2_C"
"2787445900511100010","20240503",2431.07104492188,8444.25780989137,3728.24772921656,"oligodendrocyte_progenitor_2",NA,NA,NA,"female","F3",1,"0503_F3_C"
"2787445900326100040","20240503",2359.81811523438,8378.80455930694,2180.03164071043,"M_in_Tfap2b",3,"inhibitory",12,"female","F4",1,"0503_F4_C"
"2796212800080100043","20240613",1986.033203125,7116.96678360552,497.029995290097,"astrocyte_1",NA,NA,NA,"female","F5",3,"0613_F5_S"
"2796212800521100134","20240613",3068.09057617188,5335.2848888943,4586.61073897313,"MV_ex_Syt2",4,"excitatory",14,"female","F3",2,"0613_F3_L"
"2707737900008100185","20240415",2578.33227539062,10684.8523026778,7990.25687031751,"oligodendrocyte_progenitor_2",NA,NA,NA,"female","F1",3,"0415_F1_S"
"2656144900536100103","20240328",2763.34838867188,10369.1578853408,5688.38962630343,"endothelial",NA,NA,NA,"male","M1",2,"0328_M1_L"
"2707737900147100172","20240415",2071.39819335938,9472.44813855118,10930.40995522,"DH_in_Klhl14",1,"inhibitory",10,"female","F1",4,"0415_F1_T"
"2787445900301100035","20240503",341.299743652344,1399.95562396321,2162.44841976109,"oligodendrocyte_progenitor_2",NA,NA,NA,"female","F5",3,"0503_F5_S"
"2796212800371200067","20240613",4947.25341796875,8030.86432799883,3107.39531650883,"Schwann_cell",NA,NA,NA,"female","F5",2,"0613_F5_L"
"2796212800537100211","20240613",3532.32006835938,9833.49608580209,4620.4851062987,"DH_ex_Reln",1,"excitatory",6,"female","F5",1,"0613_F5_C"
"2796212800598100156","20240613",2364.40161132812,8963.95676617324,5145.67206259887,"MV_in_Sema5b",4,"inhibitory",15,"female","F5",1,"0613_F5_C"
"2787889600443100212","20240503",1507.29248046875,5267.50550845428,9319.5895576156,"astrocyte_1",NA,NA,NA,"male","M4",2,"0503_M4_L"
"2656143800153100155","20240328",2168.388671875,2004.69992267272,4186.81599119812,"oligodendrocyte_progenitor_2",NA,NA,NA,"male","M3",1,"0328_M3_C"
"2946331700000016068","20240415",2924.64721679688,11408.8777512702,2839.84842808484,"oligodendrocyte_2",NA,NA,NA,"female","F2",2,"0415_F2_L"
"2787889600230100066","20240503",3676.521484375,6333.72284578928,7464.40991831454,"DH_ex_Sox5/Tac1",1,"excitatory",5,"male","M5",4,"0503_M5_T"
"2656144300108100177","20240328",2945.87646484375,12491.2344304111,11542.9374686053,"oligodendrocyte_2",NA,NA,NA,"female","F2",1,"0328_F2_C"
"2787889600444100215","20240503",3168.22827148438,5702.61923676287,9288.64290717612,"oligodendrocyte_progenitor_2",NA,NA,NA,"male","M4",2,"0503_M4_L"
"2796212800483100024","20240613",4064.69897460938,3539.01672210568,4108.26893585734,"oligodendrocyte_progenitor_2",NA,NA,NA,"female","F3",3,"0613_F3_S"
"2707737900147100189","20240415",1598.16772460938,9607.53191449975,10945.3781694166,"meninges_2",NA,NA,NA,"female","F1",4,"0415_F1_T"
"2787445900859100202","20240503",3370.3681640625,2453.57836177418,6547.24312069103,"DH_in_Klhl14",1,"inhibitory",10,"female","F3",3,"0503_F3_S"
"2795584800240100053","20240610",3974.28564453125,6978.04207183589,5475.22188962332,"DM_ex_Zfhx3",2,"excitatory",11,"female","F3",2,"0610_F3_L"
"2656144900504100163","20240328",533.063415527344,8751.73031850992,5456.48653281508,"astrocyte_1",NA,NA,NA,"male","M2",2,"0328_M2_L"
"2787445900717100078","20240503",753.883544921875,4029.36038199964,5299.43673907407,"M_ex_Neurod2",3,"excitatory",13,"female","F3",2,"0503_F3_L"
"2707604800141100034","20240415",1094.76452636719,4374.41503366746,4623.30633723503,"oligodendrocyte_progenitor_1",NA,NA,NA,"male","M1",2,"0415_M1_L"
"2787889600058100074","20240503",687.497253417969,8631.78235558025,6094.6636351276,"oligodendrocyte_1",NA,NA,NA,"male","M5",1,"0503_M5_C"
"2787445900682100128","20240503",1342.90673828125,4673.40354539431,5067.07332882057,"oligodendrocyte_2",NA,NA,NA,"female","F3",2,"0503_F3_L"
"2796212800429100114","20240613",5012.67333984375,6472.09861921705,3617.1188424587,"oligodendrocyte_progenitor_2",NA,NA,NA,"female","F4",2,"0613_F4_L"
"2795584800412100278","20240610",1344.38427734375,4514.79463176316,7063.72768174272,"M_in_Tfap2b",3,"inhibitory",12,"female","F4",4,"0610_F4_T"
"2707604800283100024","20240415",2681.6357421875,3027.11367038975,6635.17549023242,"DH_ex_Prkcg/Nts",1,"excitatory",8,"male","M1",4,"0415_M1_T"
"2795584800456100094","20240610",2588.3251953125,6902.03074762126,7231.46189378455,"oligodendrocyte_progenitor_2",NA,NA,NA,"female","F4",2,"0610_F4_L"
"2787445900731100026","20240503",3830.84326171875,7908.67758776271,5248.27784011354,"oligodendrocyte_progenitor_1",NA,NA,NA,"female","F3",1,"0503_F3_C"
"2656144900476200071","20240328",4423.55126953125,8261.70046428252,5158.98122707348,"meninges_1",NA,NA,NA,"male","M2",2,"0328_M2_L"
"2796212800759100295","20240613",2098.11059570312,9089.07334700786,6608.40735942003,"oligodendrocyte_1",NA,NA,NA,"female","F4",1,"0613_F4_C"
"2787889600277100226","20240503",1630.57397460938,9410.0116432996,7939.62895869257,"DH_ex_Sox5",1,"excitatory",5,"male","M4",1,"0503_M4_C"
"2796212800461100222","20240613",2573.92236328125,6404.80326715671,4034.65655775857,"MV_in_Gm26673",4,"inhibitory",19,"female","F4",2,"0613_F4_L"
"2795584800203100322","20240610",3175.02075195312,6483.80806483235,5418.29154030606,"oligodendrocyte_progenitor_2",NA,NA,NA,"female","F3",2,"0610_F3_L"
"2707604800118100027","20240415",3368.4541015625,3871.05359617015,4422.4580396018,"astrocyte_2",NA,NA,NA,"male","M1",2,"0415_M1_L"
"2726542200026100134","20240422",1787.17248535156,10717.9875619415,4513.22385384154,"oligodendrocyte_1",NA,NA,NA,"male","M1",3,"0422_M1_S"
"2796212801011100022","20240613",3336.755859375,7915.58493088931,8587.9891663524,"oligodendrocyte_progenitor_2",NA,NA,NA,"female","F3",1,"0613_F3_C"
"2787445900800100075","20240503",4908.85107421875,6630.66558629286,5924.77537499613,"oligodendrocyte_2",NA,NA,NA,"female","F3",4,"0503_F3_T"
"2795903600299100132","20240613",2593.107421875,3652.99304980697,7062.13672877962,"oligodendrocyte_2",NA,NA,NA,"male","M5",4,"0613_M5_T"
"2787445900301100016","20240503",1037.0849609375,1449.54801587504,2141.64549077029,"endothelial",NA,NA,NA,"female","F5",3,"0503_F5_S"
"2796212800919100095","20240613",2491.56420898438,9198.30988749862,7867.13463663872,"oligodendrocyte_1",NA,NA,NA,"female","F4",1,"0613_F4_C"
"2726562800203100120","20240422",2940.01000976562,7846.90868216415,4814.61666155388,"oligodendrocyte_2",NA,NA,NA,"male","M2",2,"0422_M2_L"
"2707604700062100194","20240415",1365.96447753906,5955.62294671062,5927.88649082894,"DH_in_Cdh3",1,"inhibitory",10,"male","M2",2,"0415_M2_L"
"2796212800913100297","20240613",2322.51489257812,7363.32109897397,8022.91205573783,"oligodendrocyte_progenitor_2",NA,NA,NA,"female","F3",1,"0613_F3_C"
"2795903600374100128","20240613",2809.951171875,2966.55352905455,7810.99770814671,"astrocyte_2",NA,NA,NA,"male","M4",2,"0613_M4_L"
"2795903600006100051","20240613",1484.1962890625,1676.72699290603,3945.22576621445,"DH_ex_Maf/Cck",1,"excitatory",10,"male","M5",3,"0613_M5_S"
"2707604700364100125","20240415",2486.26708984375,3200.89878618146,9454.63087160181,"DM_ex_Zfhx3",2,"excitatory",11,"male","M2",1,"0415_M2_C"
"2707604000153100083","20240415",3321.2060546875,5512.78427932256,10252.8727815447,"endothelial",NA,NA,NA,"male","M3",4,"0415_M3_T"
"2787445900287200061","20240503",4664.736328125,7822.61571948265,2053.68927257907,"astrocyte_2",NA,NA,NA,"female","F4",1,"0503_F4_C"
"2787445900545100074","20240503",907.621520996094,7740.36905318778,3887.70543733606,"DH_ex_Prkcg/Rxfp1",1,"excitatory",6,"female","F3",1,"0503_F3_C"
"2656144900583100192","20240328",1106.05200195312,8888.63092999182,6273.43210254353,"oligodendrocyte_1",NA,NA,NA,"male","M2",2,"0328_M2_L"
"2787889600486100089","20240503",1319.14050292969,7469.93580925115,9498.87624369853,"oligodendrocyte_precursor_cell",NA,NA,NA,"male","M4",4,"0503_M4_T"
"2707604700250100313","20240415",1529.27917480469,4618.81721855408,8224.26980073866,"DH_ex_Prkcg/Cck",1,"excitatory",8,"male","M2",4,"0415_M2_T"
"2945606900000002902","20240328",2346.806640625,664.443400181728,5310.91923287918,"astrocyte_1",NA,NA,NA,"female","F1",1,"0328_F1_C"
"2796212800918100117","20240613",3437.3056640625,8921.10393989086,7938.22974495118,"astrocyte_1",NA,NA,NA,"female","F4",1,"0613_F4_C"
"2707604000110100144","20240415",2071.82666015625,5930.23778239483,9455.25190123007,"DM_ex_Zfhx3",2,"excitatory",11,"male","M3",4,"0415_M3_T"
"2795584800201100136","20240610",2384.8349609375,5882.12501336785,5376.29122491486,"DH_ex_Reln/Npff",1,"excitatory",1,"female","F3",2,"0610_F3_L"
"2795584800448100039","20240610",3347.69140625,4582.77662896254,7147.07356674041,"endothelial",NA,NA,NA,"female","F4",4,"0610_F4_T"
"2795584800476100046","20240610",3175.61669921875,2468.46346187909,7416.4326613936,"oligodendrocyte_progenitor_2",NA,NA,NA,"female","F4",1,"0610_F4_C"
"2795903600242100166","20240613",2085.88842773438,2330.85379619291,6408.84916626939,"oligodendrocyte_progenitor_2",NA,NA,NA,"male","M4",2,"0613_M4_L"
"2795103300145100291","20240610",1463.87548828125,1729.01474441096,1224.76777402929,"M_in_Tfap2b",3,"inhibitory",12,"male","M4",1,"0610_M4_C"
"2796212800342100080","20240613",2056.18212890625,8934.01198768057,2901.56863261748,"gamma_motoneuron",NA,NA,22,"female","F5",4,"0613_F5_T"
"2796212800951100085","20240613",833.566040039062,9055.39537164383,8068.35733149416,"alpha_motoneuron",NA,NA,22,"female","F4",1,"0613_F4_C"
"2795584800447100260","20240610",1072.90673828125,4426.15063237253,7367.7430604582,"DH_in_Pdyn",1,"inhibitory",2,"female","F4",4,"0610_F4_T"
"2795103300312100041","20240610",2999.72534179688,9159.62340829743,2228.73542196694,"oligodendrocyte_2",NA,NA,NA,"male","M5",3,"0610_M5_S"
"2796212800890100143","20240613",3547.25927734375,9878.75903804414,7653.06192966335,"DH_ex_Cpne4",1,"excitatory",3,"female","F4",1,"0613_F4_C"
"2787445900170100133","20240503",1813.33227539062,6178.06785459921,1174.08987698943,"MV_in_Gabra1",4,"inhibitory",16,"female","F5",1,"0503_F5_C"
"2787889600097100036","20240503",3365.14794921875,9405.38655869779,6357.05341244125,"oligodendrocyte_2",NA,NA,NA,"male","M5",1,"0503_M5_C"
"2707604700388100220","20240415",2351.99829101562,3033.93821503824,9897.88294897877,"DH_in_Npy",1,"inhibitory",4,"male","M2",1,"0415_M2_C"
"2796212800747100097","20240613",1818.14416503906,5888.242947652,6407.87370227231,"oligodendrocyte_1",NA,NA,NA,"female","F3",4,"0613_F3_T"
"2707737900074100169","20240415",3105.93798828125,10882.4644319637,9346.03669219767,"M_in_Tfap2b",3,"inhibitory",12,"female","F1",2,"0415_F1_L"
"2796212800553100031","20240613",2759.98364257812,5220.44004802033,4661.95912193169,"endothelial",NA,NA,NA,"female","F3",2,"0613_F3_L"
"2946331700000014009","20240415",3131.283203125,9934.66975427815,2536.07535832608,"oligodendrocyte_progenitor_2",NA,NA,NA,"female","F2",4,"0415_F2_T"
"2796212800593200044","20240613",2726.6806640625,7443.79400342517,4990.08599929383,"astrocyte_1",NA,NA,NA,"female","F4",4,"0613_F4_T"
"2945606900000006622","20240328",2277.72875976562,1607.4996059674,6014.49461725395,"endothelial",NA,NA,NA,"female","F1",1,"0328_F1_C"
"2656144900541100206","20240328",2476.40380859375,11904.7639123897,5704.46395102014,"oligodendrocyte_1",NA,NA,NA,"male","M1",3,"0328_M1_S"
"2656143800055100113","20240328",3236.43774414062,2420.20861122593,3017.85657502495,"oligodendrocyte_progenitor_2",NA,NA,NA,"male","M3",1,"0328_M3_C"
"2795903600516100102","20240613",3654.24853515625,6315.69862746034,9165.61077047361,"oligodendrocyte_progenitor_2",NA,NA,NA,"male","M5",1,"0613_M5_C"
"2787889600379100132","20240503",1441.22045898438,7594.0867672828,8748.17638092075,"DH_in_Cdh3",1,"inhibitory",10,"male","M4",4,"0503_M4_T"
"2707604800082100030","20240415",1560.53137207031,5482.42295065487,3797.54689969122,"DH_ex_Nmu/Tac2",1,"excitatory",8,"male","M1",2,"0415_M1_L"
"2787445900512100017","20240503",602.637756347656,8735.95204559527,3747.50169929519,"astrocyte_2",NA,NA,NA,"female","F3",1,"0503_F3_C"
"2787445900352100148","20240503",1956.57678222656,5549.20483557845,2661.27456788343,"DH_ex_Prkcg/Nts",1,"excitatory",8,"female","F4",4,"0503_F4_T"
"2656144900557100254","20240328",3258.83935546875,8898.24107201003,6055.8139896724,"MV_ex_Syt2",4,"excitatory",14,"male","M2",2,"0328_M2_L"
"2946331700000020169","20240415",1798.84619140625,10978.6361320561,3787.2783106541,"M_in_Tfap2b",3,"inhibitory",12,"female","F2",2,"0415_F2_L"
"2795584800124100180","20240610",1651.80297851562,4658.43037059146,4754.96933139159,"oligodendrocyte_1",NA,NA,NA,"female","F3",4,"0610_F3_T"
"2656144900263100219","20240328",1548.74816894531,6807.92251482363,2888.14674861013,"endothelial",NA,NA,NA,"male","M2",1,"0328_M2_C"
"2707604700128100030","20240415",2364.22875976562,4264.07423945681,6623.97957128484,"oligodendrocyte_progenitor_2",NA,NA,NA,"male","M2",2,"0415_M2_L"
"2946331700000001579","20240415",3074.70703125,8370.60643358578,533.247022538155,"astrocyte_1",NA,NA,NA,"female","F2",1,"0415_F2_C"
"2787445900597100052","20240503",6953.97314453125,1598.20003993149,4465.92479147931,"astrocyte_1",NA,NA,NA,"female","F4",3,"0503_F4_S"
"2787889600349100073","20240503",3572.98266601562,9323.35188344959,8336.553633209,"MV_in_Gabra1",4,"inhibitory",16,"male","M4",1,"0503_M4_C"
"2795584800426100121","20240610",2658.4384765625,8453.85354275053,7076.52115003749,"DM_ex_Zfhx3",2,"excitatory",11,"female","F4",3,"0610_F4_S"
"2795903600355200166","20240613",2621.23388671875,4965.6229766997,7654.34328314982,"Schwann_cell",NA,NA,NA,"male","M5",4,"0613_M5_T"
"2795903600114100170","20240613",3638.22583007812,2872.01982619014,5032.24722486065,"MV_in_Sema5b",4,"inhibitory",15,"male","M5",2,"0613_M5_L"
"2946331700000001833","20240415",2408.93530273438,8578.18319102487,730.633763455728,"astrocyte_1",NA,NA,NA,"female","F2",1,"0415_F2_C"
"2707737900060200124","20240415",3527.40698242188,10613.0759747119,9111.00716449344,"oligodendrocyte_progenitor_2",NA,NA,NA,"female","F1",2,"0415_F1_L"
"2946331700000014057","20240415",1547.00524902344,10185.4492440174,2511.22738499765,"DH_ex_Reln/Npff",1,"excitatory",1,"female","F2",4,"0415_F2_T"
"2795103300129100178","20240610",5127.001953125,7110.49087494792,926.494322613173,"MV_in_Gm26673",4,"inhibitory",19,"male","M4",2,"0610_M4_L"
"2795103300153100110","20240610",3558.56713867188,4079.7182955941,1168.99260834808,"oligodendrocyte_progenitor_2",NA,NA,NA,"male","M4",4,"0610_M4_T"
"2787889600414100093","20240503",2328.076171875,7358.34929009434,8919.70945626315,"oligodendrocyte_progenitor_2",NA,NA,NA,"male","M4",4,"0503_M4_T"
"2795584800670100085","20240610",3788.09765625,6333.03243290773,8917.67680238209,"MV_in_Sema5b",4,"inhibitory",15,"female","F5",2,"0610_F5_L"
"2787889600317100090","20240503",2473.67651367188,10461.3106301869,8091.43731795152,"astrocyte_1",NA,NA,NA,"male","M4",1,"0503_M4_C"
"2707604000140100089","20240415",1745.16369628906,6020.0643214767,9987.78587005099,"DH_ex_Sox5/Tac1",1,"excitatory",5,"male","M3",4,"0415_M3_T"
"2787889600348200081","20240503",5284.1884765625,9065.1928518645,8460.87094318666,"astrocyte_1",NA,NA,NA,"male","M4",1,"0503_M4_C"
"2946331700000008641","20240415",2331.876953125,9980.84496086929,1852.69451069547,"endothelial",NA,NA,NA,"female","F2",4,"0415_F2_T"
"2787889600485100104","20240503",3588.20068359375,7149.5455728909,9534.16325132828,"gamma_motoneuron",NA,NA,22,"male","M4",4,"0503_M4_T"
"2945606900000001437","20240328",1610.89147949219,578.218691113761,5054.59055515632,"astrocyte_2",NA,NA,NA,"female","F1",1,"0328_F1_C"
"2946331700000001544","20240415",2397.76538085938,8153.74286449573,741.455434081028,"oligodendrocyte_precursor_cell",NA,NA,NA,"female","F2",1,"0415_F2_C"
"2796212800424100103","20240613",2526.95434570312,4910.10337354336,3798.59754058975,"oligodendrocyte_progenitor_2",NA,NA,NA,"female","F3",2,"0613_F3_L"
"2787445900695100045","20240503",4347.330078125,8328.52591132466,5038.597374504,"astrocyte_2",NA,NA,NA,"female","F3",1,"0503_F3_C"
"2795903600427100147","20240613",4079.1982421875,3171.28938999661,8394.84652441682,"astrocyte_1",NA,NA,NA,"male","M4",4,"0613_M4_T"
"2656144300109100140","20240328",2753.7841796875,12788.6539465199,11532.1061784041,"oligodendrocyte_2",NA,NA,NA,"female","F2",1,"0328_F2_C"
"2946331700000012282","20240415",3083.93579101562,9706.96109668614,2290.95420986635,"astrocyte_1",NA,NA,NA,"female","F2",4,"0415_F2_T"
"2787889600370100102","20240503",2236.21484375,5036.65285579639,8750.9058932646,"meninges_2",NA,NA,NA,"male","M4",2,"0503_M4_L"
"2787889600131100210","20240503",916.81494140625,8685.89809118188,6825.80144752626,"alpha_motoneuron",NA,NA,22,"male","M5",1,"0503_M5_C"
"2656144900138100115","20240328",3038.07202148438,8039.43634652988,1404.34909488106,"DM_ex_Zfhx3",2,"excitatory",11,"male","M1",1,"0328_M1_C"
"2787445900131100032","20240503",2685.87841796875,5690.10191973788,750.592911333399,"astrocyte_1",NA,NA,NA,"female","F5",1,"0503_F5_C"
"2787445900426100052","20240503",1449.79382324219,5482.9862047378,3028.70260398043,"astrocyte_1",NA,NA,NA,"female","F4",4,"0503_F4_T"
"2707604000056100216","20240415",1978.72509765625,7520.06152301081,8401.82543452305,"M_in_Tfap2b",3,"inhibitory",12,"male","M3",2,"0415_M3_L"
"2656144900641100094","20240328",1588.982421875,10719.7360753749,6714.93772233406,"MV_ex_Syt2",4,"excitatory",14,"male","M1",2,"0328_M1_L"
"2795584800491100106","20240610",3366.89306640625,6545.9635161052,7505.99863134598,"astrocyte_2",NA,NA,NA,"female","F4",2,"0610_F4_L"
"2707737900046100132","20240415",2238.5703125,10444.7488074284,8847.8305218257,"astrocyte_1",NA,NA,NA,"female","F1",2,"0415_F1_L"
"2795103300309100085","20240610",4305.92138671875,8385.54936643731,2389.56482449302,"oligodendrocyte_2",NA,NA,NA,"male","M5",3,"0610_M5_S"
"2787889600281100069","20240503",3059.05712890625,10439.5840795587,7740.41999493891,"DH_ex_Prkcg/Rxfp1",1,"excitatory",6,"male","M4",1,"0503_M4_C"
"2656144900165100138","20240328",1087.09204101562,8551.02070020385,1712.24115439437,"MV_in_Sema5b",4,"inhibitory",15,"male","M1",1,"0328_M1_C"
"2656144900555100187","20240328",3218.07446289062,8410.20372375734,6067.33702817473,"astrocyte_2",NA,NA,NA,"male","M2",2,"0328_M2_L"
"2787445900761100221","20240503",2654.73828125,6047.11825076106,5682.54574891969,"oligodendrocyte_progenitor_2",NA,NA,NA,"female","F3",4,"0503_F3_T"
"2787889600515100014","20240503",3565.36059570312,5365.90498119371,9669.50511582408,"oligodendrocyte_1",NA,NA,NA,"male","M4",2,"0503_M4_L"
"2656144900530100130","20240328",2251.02001953125,8823.19945713007,5639.75972553289,"endothelial",NA,NA,NA,"male","M2",2,"0328_M2_L"
"2796212800431100204","20240613",3529.94946289062,6860.42710795626,3692.43209123868,"DH_in_Cdh3",1,"inhibitory",10,"female","F4",2,"0613_F4_L"
"2787445900548100095","20240503",2128.89013671875,8606.0917077855,3933.74938882483,"DH_in_Npy2r",1,"inhibitory",9,"female","F3",1,"0503_F3_C"
"2787889600093100265","20240503",3165.79077148438,8194.52747195447,6513.78790717549,"M_ex_Vsx2/Shox2",3,"excitatory",20,"male","M5",1,"0503_M5_C"
"2945606900000020380","20240328",3457.892578125,3650.24953090271,7903.35945248419,"astrocyte_2",NA,NA,NA,"female","F1",4,"0328_F1_T"
"2787889600354100121","20240503",1637.59948730469,10872.5412868205,8464.06500697217,"oligodendrocyte_2",NA,NA,NA,"male","M4",1,"0503_M4_C"
"2796212800231100142","20240613",616.681823730469,4570.85156635754,2030.67892611737,"gamma_motoneuron",NA,NA,22,"female","F4",3,"0613_F4_S"
"2795903600435100165","20240613",6621.74853515625,5402.26439019971,8404.80823586378,"alpha_motoneuron",NA,NA,22,"male","M5",1,"0613_M5_C"
"2795903600246100041","20240613",3324.35400390625,3423.17742326239,6315.59483803491,"oligodendrocyte_2",NA,NA,NA,"male","M5",2,"0613_M5_L"
"2787445900726100019","20240503",1679.96850585938,6414.50015799771,5238.30989079575,"astrocyte_2",NA,NA,NA,"female","F3",4,"0503_F3_T"
"2707604000136100037","20240415",3248.34252929688,4911.10144702499,9976.20786210174,"astrocyte_2",NA,NA,NA,"male","M3",4,"0415_M3_T"
"2795903600355100216","20240613",4160.025390625,4847.54335492229,7632.42582403148,"DH_ex_Prkcg/Nts",1,"excitatory",8,"male","M5",4,"0613_M5_T"
"2796212800424100035","20240613",1170.13732910156,4840.30752908904,3718.25383031147,"DH_ex_Sox5",1,"excitatory",5,"female","F3",2,"0613_F3_L"
"2787445900661100019","20240503",5297.49951171875,9144.8442863744,4691.65595113944,"oligodendrocyte_2",NA,NA,NA,"female","F3",1,"0503_F3_C"
"2795584800411100047","20240610",1974.36193847656,4442.16164892534,6870.1379585594,"endothelial",NA,NA,NA,"female","F4",4,"0610_F4_T"
"2795103300297100029","20240610",3373.73901367188,4978.4777667865,2174.64974215976,"oligodendrocyte_2",NA,NA,NA,"male","M5",4,"0610_M5_T"
"2787445900194100031","20240503",375.504211425781,2668.08664637298,1413.97987433145,"DH_in_Rorb",1,"inhibitory",7,"female","F5",2,"0503_F5_L"
"2787445900762100106","20240503",1860.10339355469,6119.77826765191,5612.52773149715,"MV_in_Gabra1",4,"inhibitory",16,"female","F3",4,"0503_F3_T"
"2787889600410100296","20240503",3633.66040039062,6187.45439750969,9083.98491495123,"oligodendrocyte_progenitor_2",NA,NA,NA,"male","M4",2,"0503_M4_L"
"2795903600489100060","20240613",2062.11743164062,5851.51941656409,8871.94355499213,"astrocyte_1",NA,NA,NA,"male","M5",1,"0613_M5_C"
"2796212800601100080","20240613",3148.685546875,9635.23372363672,4995.77899101691,"MV_in_Sema5b",4,"inhibitory",15,"female","F5",1,"0613_F5_C"
"2795903600242100254","20240613",2646.02587890625,2278.18439344519,6513.28575481416,"astrocyte_1",NA,NA,NA,"male","M4",2,"0613_M4_L"
"2796212800592100058","20240613",3368.26440429688,7320.32740736753,4990.10921294754,"oligodendrocyte_progenitor_2",NA,NA,NA,"female","F4",4,"0613_F4_T"
"2796212800946100286","20240613",2982.2900390625,7879.59835891239,8288.67011954487,"DM_ex_Zfhx3",2,"excitatory",11,"female","F3",1,"0613_F3_C"
"2726562700257100091","20240422",3687.02294921875,10283.1242366614,11216.1167508103,"oligodendrocyte_1",NA,NA,NA,"female","F2",2,"0422_F2_L"
"2787445900859100192","20240503",2113.20092773438,2255.98371854555,6536.06572685601,"astrocyte_1",NA,NA,NA,"female","F3",3,"0503_F3_S"
"2946331700000018293","20240415",4709.09716796875,10491.7544484814,3439.63550009928,"DM_ex_Zfhx3",2,"excitatory",11,"female","F2",2,"0415_F2_L"
"2787445900290100090","20240503",1290.6142578125,8750.48318692006,1935.1163470287,"oligodendrocyte_progenitor_2",NA,NA,NA,"female","F4",1,"0503_F4_C"
"2946331700000017216","20240415",3389.03491210938,10402.9066642246,3088.19775433661,"astrocyte_2",NA,NA,NA,"female","F2",2,"0415_F2_L"
"2707604000101200039","20240415",3331.6435546875,7765.98656758692,9068.65800387207,"oligodendrocyte_progenitor_2",NA,NA,NA,"male","M3",2,"0415_M3_L"
"2707737900085100037","20240415",2745.28540039062,10429.9034906871,9476.62087718467,"oligodendrocyte_2",NA,NA,NA,"female","F1",2,"0415_F1_L"
"2787889600280100284","20240503",2282.35083007812,10292.0458901257,7928.65929249031,"MV_ex_Syt2",4,"excitatory",14,"male","M4",1,"0503_M4_C"
"2787445900433100141","20240503",3539.11474609375,7397.0803065832,3204.92579873433,"oligodendrocyte_2",NA,NA,NA,"female","F4",1,"0503_F4_C"
"2796212800295100265","20240613",2002.95031738281,4797.97430980392,2626.17251074896,"MV_in_Esrrb",4,"inhibitory",14,"female","F4",3,"0613_F4_S"
"2945606900000006860","20240328",2916.88232421875,1919.68405627139,5814.70085629594,"oligodendrocyte_progenitor_2",NA,NA,NA,"female","F1",1,"0328_F1_C"
"2795103300125100241","20240610",3347.2421875,5908.73745889292,970.441220635606,"oligodendrocyte_1",NA,NA,NA,"male","M4",2,"0610_M4_L"
"2787445900288100227","20240503",4306.53271484375,8097.7653034532,2109.99018350404,"oligodendrocyte_progenitor_2",NA,NA,NA,"female","F4",1,"0503_F4_C"
"2787445900587100114","20240503",2938.3857421875,9187.6717143401,4346.30480836787,"oligodendrocyte_2",NA,NA,NA,"female","F3",1,"0503_F3_C"
"2787889600023100289","20240503",2662.99853515625,8777.72782804398,5962.75974209912,"oligodendrocyte_progenitor_2",NA,NA,NA,"male","M5",1,"0503_M5_C"
"2707604800100100027","20240415",2483.87670898438,4579.45904494741,4059.75193699123,"astrocyte_2",NA,NA,NA,"male","M1",2,"0415_M1_L"
"2656143800214100013","20240328",3490.41772460938,4926.6840284174,4714.14460588206,"DH_in_Npy",1,"inhibitory",4,"male","M3",4,"0328_M3_T"
"2796212800079100090","20240613",2747.26171875,6798.71719888691,634.179398381966,"oligodendrocyte_1",NA,NA,NA,"female","F5",3,"0613_F5_S"
"2795584800139100104","20240610",3763.79809570312,8960.99067314202,4722.8518817217,"astrocyte_2",NA,NA,NA,"female","F3",3,"0610_F3_S"
"2656144900217100140","20240328",1405.88256835938,8535.66033805565,2237.75072410313,"DH_in_Kcnip2",1,"inhibitory",9,"male","M1",1,"0328_M1_C"
"2795903600570200068","20240613",3102.60766601562,6715.74030694505,9857.56571927835,"peripheral_glia",NA,NA,NA,"male","M5",1,"0613_M5_C"
"2707604000100100216","20240415",1760.2578125,7302.98700106249,9242.83255007709,"Schwann_cell",NA,NA,NA,"male","M3",2,"0415_M3_L"
"2656144900191100167","20240328",1319.97253417969,8369.64643135635,2032.98949155345,"astrocyte_1",NA,NA,NA,"male","M1",1,"0328_M1_C"
"2787445900397100130","20240503",742.023193359375,7689.7147962302,2828.98936274691,"gamma_motoneuron",NA,NA,22,"female","F4",1,"0503_F4_C"
"2707604800035200013","20240415",1624.3359375,4041.27823323244,3212.42750019161,"pericyte",NA,NA,NA,"male","M1",3,"0415_M1_S"
"2795584800399100146","20240610",4239.24365234375,913.671917230255,7084.82849135243,"DH_in_Npy2r",1,"inhibitory",9,"female","F4",1,"0610_F4_C"
"2796212800946100053","20240613",3701.01611328125,7693.48868745938,8047.41187134132,"endothelial",NA,NA,NA,"female","F3",1,"0613_F3_C"
"2787445900322100033","20240503",1532.34167480469,7361.40484295867,2160.47077861644,"astrocyte_1",NA,NA,NA,"female","F4",1,"0503_F4_C"
"2656144900246100049","20240328",1852.55834960938,9347.42139381543,2464.60267216654,"DH_ex_Grpr",1,"excitatory",2,"male","M1",1,"0328_M1_C"
"2656144900298100114","20240328",3498.30151367188,9343.92540991012,3173.62891556858,"oligodendrocyte_progenitor_2",NA,NA,NA,"male","M1",4,"0328_M1_T"
"2656143800217200104","20240328",3387.32104492188,5841.66966852872,4781.24078765966,"oligodendrocyte_progenitor_2",NA,NA,NA,"male","M3",4,"0328_M3_T"
"2787445900200100108","20240503",3520.69287109375,4264.05903446377,1403.07530024866,"gamma_motoneuron",NA,NA,22,"female","F5",4,"0503_F5_T"
"2795584800241100289","20240610",1035.9052734375,7092.2508140807,5713.16674242404,"DH_ex_Sox5",1,"excitatory",5,"female","F3",2,"0610_F3_L"
"2787445900932100014","20240503",6047.31787109375,1926.10159541143,6927.91729278329,"oligodendrocyte_2",NA,NA,NA,"female","F3",3,"0503_F3_S"
"2795584800102100178","20240610",2483.80200195312,8632.37107086106,4520.04776386279,"MV_in_Gm26673",4,"inhibitory",19,"female","F3",3,"0610_F3_S"
"2787889600350100053","20240503",3345.0595703125,9687.01260528015,8289.49399057054,"MV_ex_Syt2",4,"excitatory",14,"male","M4",1,"0503_M4_C"
"2707604800078100044","20240415",3233.2255859375,4375.76235319057,3877.43105408037,"oligodendrocyte_2",NA,NA,NA,"male","M1",2,"0415_M1_L"
"2787445900545100298","20240503",1364.47875976562,7684.79924467311,4048.81746257143,"DH_ex_Maf/Slc17a8",1,"excitatory",10,"female","F3",1,"0503_F3_C"
"2787889600167100034","20240503",3128.01440429688,8808.58044006,6898.57717490013,"oligodendrocyte_2",NA,NA,NA,"male","M5",1,"0503_M5_C"
"2795103300368100254","20240610",1615.18444824219,5365.21931019833,2943.59099963066,"meninges_3",NA,NA,NA,"male","M5",4,"0610_M5_T"
"2945606900000001401","20240328",2237.51831054688,689.930514569176,5015.63507057974,"astrocyte_1",NA,NA,NA,"female","F1",1,"0328_F1_C"
"2946331700000019031","20240415",2339.97314453125,11559.1960294283,3473.83263131039,"oligodendrocyte_precursor_cell",NA,NA,NA,"female","F2",2,"0415_F2_L"
"2795584800434100164","20240610",2211.62377929688,762.719830661204,7301.95720662375,"DH_ex_Prkcg/Rxfp1",1,"excitatory",6,"female","F4",1,"0610_F4_C"
"2796212800913100146","20240613",2201.50146484375,7508.21198190376,7872.62607738195,"oligodendrocyte_1",NA,NA,NA,"female","F3",1,"0613_F3_C"
"2707604800140100112","20240415",2398.59545898438,4082.25378903467,4794.06383301131,"oligodendrocyte_2",NA,NA,NA,"male","M1",2,"0415_M1_L"
"2656143800053100114","20240328",2225.53662109375,2044.12637111111,3012.06006293319,"M_in_Tfap2b",3,"inhibitory",12,"male","M3",1,"0328_M3_C"
"2796212800919100175","20240613",975.521362304688,9116.37251524441,8013.27274288426,"alpha_motoneuron",NA,NA,22,"female","F4",1,"0613_F4_C"
"2707604700133100125","20240415",2121.212890625,5470.54647480507,6737.56904236693,"meninges_1",NA,NA,NA,"male","M2",2,"0415_M2_L"
"2796212800947100062","20240613",3414.12939453125,8061.92592930607,8108.98028439051,"oligodendrocyte_2",NA,NA,NA,"female","F3",1,"0613_F3_C"
"2795903600402100076","20240613",5477.2919921875,3500.44565814338,8233.90644378985,"oligodendrocyte_2",NA,NA,NA,"male","M4",4,"0613_M4_T"
"2946331700000018655","20240415",2432.03393554688,10998.1086211483,3391.70201052478,"astrocyte_1",NA,NA,NA,"female","F2",2,"0415_F2_L"
"2787445900320100024","20240503",1756.16821289062,6752.29885603872,2159.61921368563,"meninges_1",NA,NA,NA,"female","F4",1,"0503_F4_C"
"2795584800492100116","20240610",5085.07666015625,6978.96286206925,7575.66924239062,"oligodendrocyte_2",NA,NA,NA,"female","F4",2,"0610_F4_L"
"2795584800671100252","20240610",3462.25048828125,6536.83521056978,9074.29528984055,"oligodendrocyte_1",NA,NA,NA,"female","F5",2,"0610_F5_L"
"2795903600243100106","20240613",1315.64929199219,2541.82175334073,6426.55078735016,"DH_in_Npy2r",1,"inhibitory",9,"male","M4",2,"0613_M4_L"
"2795584800398100141","20240610",2617.55932617188,597.277395725574,7071.98944163528,"meninges_3",NA,NA,NA,"female","F4",1,"0610_F4_C"
"2946331700000018987","20240415",2909.97412109375,11480.7023117185,3372.30290789349,"oligodendrocyte_progenitor_2",NA,NA,NA,"female","F2",2,"0415_F2_L"
"2726562700256100271","20240422",4224.56103515625,9894.60337986152,11362.0310762776,"MV_in_Gabra1",4,"inhibitory",16,"female","F2",2,"0422_F2_L"
"2787445900357100069","20240503",2601.591796875,6747.15424458194,2584.73569925263,"oligodendrocyte_2",NA,NA,NA,"female","F4",1,"0503_F4_C"
"2787889600132100155","20240503",4630.1435546875,8998.31824180996,6740.44757184578,"endothelial",NA,NA,NA,"male","M5",1,"0503_M5_C"
"2787889600480100136","20240503",2735.32373046875,5703.27937214496,9538.83857264492,"astrocyte_1",NA,NA,NA,"male","M4",2,"0503_M4_L"
"2945606900000021324","20240328",2467.59130859375,3341.90689629706,8140.30574045623,"oligodendrocyte_progenitor_2",NA,NA,NA,"female","F1",4,"0328_F1_T"
"2787889600350100152","20240503",2314.2373046875,9631.15699629905,8391.89305107296,"M_ex_Vsx2",3,"excitatory",20,"male","M4",1,"0503_M4_C"
"2787445900587100057","20240503",3846.60107421875,9137.21757691854,4204.17441675341,"oligodendrocyte_2",NA,NA,NA,"female","F3",1,"0503_F3_C"
"2656144900635100108","20240328",3230.18383789062,9019.00593730589,6728.12233769131,"oligodendrocyte_2",NA,NA,NA,"male","M2",2,"0328_M2_L"
"2945606900000003088","20240328",3111.1572265625,582.197896187514,5389.39635772354,"DH_in_Npy",1,"inhibitory",4,"female","F1",1,"0328_F1_C"
"2946331700000010505","20240415",2033.58142089844,9518.76560345641,2082.18522920436,"Schwann_cell",NA,NA,NA,"female","F2",4,"0415_F2_T"
"2787445900756100108","20240503",1657.99267578125,4567.1745539027,5643.6209672455,"MV_in_Sema5b",4,"inhibitory",15,"female","F3",2,"0503_F3_L"
"2656144900194100116","20240328",1765.31518554688,9396.67593230025,2027.77369513223,"meninges_1",NA,NA,NA,"male","M1",1,"0328_M1_C"
"2656144300163100179","20240328",1625.3681640625,8462.99470818117,12301.0849628024,"DH_ex_Reln/Nmur2",1,"excitatory",3,"female","F2",2,"0328_F2_L"
"2795584800101100203","20240610",3717.08349609375,8133.06095895614,4512.00950544281,"MV_in_Esrrb",4,"inhibitory",14,"female","F3",3,"0610_F3_S"
"2787889600347100035","20240503",1255.83923339844,8667.64419543743,8305.759470508,"meninges_2",NA,NA,NA,"male","M4",1,"0503_M4_C"
"2787445900289100205","20240503",4785.26220703125,8455.3370431579,2050.16605558383,"MV_in_Gabra1",4,"inhibitory",16,"female","F4",1,"0503_F4_C"
"2795103300331100081","20240610",4408.01806640625,4868.18180290816,2501.56192567581,"oligodendrocyte_1",NA,NA,NA,"male","M5",4,"0610_M5_T"
"2707604800282100069","20240415",2177.68115234375,2548.1026410645,6751.44176323293,"astrocyte_2",NA,NA,NA,"male","M1",4,"0415_M1_T"
"2796212801018100120","20240613",3587.20092773438,9969.91697600111,8771.08325245336,"DH_ex_Nmu/Tac2",1,"excitatory",8,"female","F4",1,"0613_F4_C"
"2707737900133100117","20240415",2464.11108398438,9163.83515182087,10736.0711855859,"astrocyte_1",NA,NA,NA,"female","F1",4,"0415_F1_T"
"2787889600390100077","20240503",2597.484375,10740.036690807,8626.86993134316,"oligodendrocyte_progenitor_2",NA,NA,NA,"male","M4",1,"0503_M4_C"
"2656143800191100094","20240328",2259.556640625,5476.77684193925,4451.39698316623,"DM_ex_Zfhx3",2,"excitatory",11,"male","M3",4,"0328_M3_T"
"2795103300049100018","20240610",4313.6767578125,4279.90112767249,269.793349897838,"astrocyte_2",NA,NA,NA,"male","M4",4,"0610_M4_T"
"2707604000041100154","20240415",3348.98876953125,7531.87842690671,8111.7615782135,"MV_in_Esrrb",4,"inhibitory",14,"male","M3",2,"0415_M3_L"
"2656143800052100258","20240328",886.520812988281,1711.09650881045,3093.36088026018,"DH_ex_Prkcg/Nts",1,"excitatory",8,"male","M3",1,"0328_M3_C"
"2787445900761100241","20240503",2435.15869140625,6013.4624550693,5695.66477845819,"endothelial",NA,NA,NA,"female","F3",4,"0503_F3_T"
"2796212800779100235","20240613",3414.22241210938,5808.01110895351,6815.70842401992,"oligodendrocyte_progenitor_2",NA,NA,NA,"female","F3",4,"0613_F3_T"
"2795903600693100176","20240613",1878.3984375,4986.17765497262,11223.6839912016,"oligodendrocyte_progenitor_2",NA,NA,NA,"male","M4",1,"0613_M4_C"
"2707604700271100244","20240415",1232.31213378906,3984.19689677763,8445.08042267303,"astrocyte_1",NA,NA,NA,"male","M2",4,"0415_M2_T"
"2707604700069100073","20240415",2855.53247070312,7901.5706034661,5795.5410036312,"MV_ex_Syt2",4,"excitatory",14,"male","M3",3,"0415_M3_S"
"2795584800472100061","20240610",3853.59228515625,1221.79843438882,7427.03872975701,"DH_ex_Grpr",1,"excitatory",2,"female","F4",1,"0610_F4_C"
"2795903600595100184","20240613",1322.31335449219,6589.37155287329,10143.8430287292,"meninges_3",NA,NA,NA,"male","M5",1,"0613_M5_C"
"2707604700317100101","20240415",4379.5341796875,3443.16572590134,8932.36287905584,"MV_in_Esrrb",4,"inhibitory",14,"male","M2",1,"0415_M2_C"
"2707604000099100034","20240415",4567.666015625,7193.74568288113,9100.46705039177,"oligodendrocyte_2",NA,NA,NA,"male","M3",2,"0415_M3_L"
"2796212800462100059","20240613",2654.92700195312,6639.81898707245,3871.92194390332,"oligodendrocyte_progenitor_2",NA,NA,NA,"female","F4",2,"0613_F4_L"
"2795903600667100156","20240613",2693.03784179688,4923.07648291194,10927.1642549385,"astrocyte_1",NA,NA,NA,"male","M4",1,"0613_M4_C"
"2787445900195100041","20240503",1373.71411132812,2906.64114048192,1485.10777760166,"oligodendrocyte_2",NA,NA,NA,"female","F5",2,"0503_F5_L"
"2656143800103100072","20240328",2187.74682617188,1834.12694605062,3539.66267089261,"oligodendrocyte_2",NA,NA,NA,"male","M3",1,"0328_M3_C"
"2707604800343100193","20240415",868.911560058594,1955.62656378292,7645.95117852022,"DH_in_Pdyn",1,"inhibitory",2,"male","M1",1,"0415_M1_C"
"2796212800080100061","20240613",955.13720703125,7225.00463992357,515.491751345107,"DH_in_Rorb",1,"inhibitory",7,"female","F5",3,"0613_F5_S"
"2795903600411100094","20240613",1988.5556640625,5999.34851981691,8101.45354328236,"DH_ex_Reln/Nmur2",1,"excitatory",3,"male","M5",1,"0613_M5_C"
"2795584800389100153","20240610",3218.68969726562,8290.19951068587,6673.1955438398,"oligodendrocyte_progenitor_2",NA,NA,NA,"female","F4",3,"0610_F4_S"
"2796212800951100097","20240613",2210.58276367188,9088.02137539908,8079.49988527439,"oligodendrocyte_1",NA,NA,NA,"female","F4",1,"0613_F4_C"
"2796212800240100232","20240613",1763.92028808594,7219.79049666412,2062.11648719956,"oligodendrocyte_precursor_cell",NA,NA,NA,"female","F5",2,"0613_F5_L"
"2787889600024100097","20240503",2285.63061523438,9150.52584006474,5816.81970715488,"microglia",NA,NA,NA,"male","M5",1,"0503_M5_C"
"2707604000070100047","20240415",1564.81665039062,7422.28779778982,8515.6435137629,"astrocyte_1",NA,NA,NA,"male","M3",2,"0415_M3_L"
"2787889600314100043","20240503",1491.12939453125,9565.77758992999,8021.48306811301,"oligodendrocyte_progenitor_2",NA,NA,NA,"male","M4",1,"0503_M4_C"
"2656144900561100046","20240328",1300.05920410156,10173.4268078848,5835.28169880914,"DH_ex_Cpne4",1,"excitatory",3,"male","M1",2,"0328_M1_L"
"2795584800204100229","20240610",2974.76513671875,6904.81362052693,5348.87188125603,"MV_in_Esrrb",4,"inhibitory",14,"female","F3",2,"0610_F3_L"
"2787445900365100030","20240503",1857.03161621094,9096.36425120663,2451.70743483704,"astrocyte_2",NA,NA,NA,"female","F4",1,"0503_F4_C"
"2787445900098100223","20240503",2520.15234375,6767.18774951866,695.392945307627,"DH_ex_Maf/Slc17a8",1,"excitatory",10,"female","F5",1,"0503_F5_C"
"2707737900047100034","20240415",3423.63916015625,10464.1376447486,8660.89728812361,"endothelial",NA,NA,NA,"female","F1",2,"0415_F1_L"
"2945606900000000746","20240328",2606.6650390625,768.545850630151,4797.06718959947,"astrocyte_2",NA,NA,NA,"female","F1",1,"0328_F1_C"
"2787889600409100126","20240503",2282.66723632812,5905.85612743848,8900.21083642126,"DH_in_Cdh3",1,"inhibitory",10,"male","M4",2,"0503_M4_L"
"2787445900499100076","20240503",2018.05249023438,5029.51348885742,3617.50997430086,"DH_ex_Sox5/Tac1",1,"excitatory",5,"female","F4",4,"0503_F4_T"
"2946331700000010497","20240415",1174.84338378906,9493.36087119766,2070.66926187795,"Schwann_cell",NA,NA,NA,"female","F2",4,"0415_F2_T"
"2656143800214100151","20240328",2341.62646484375,4903.48523735942,4863.92928333039,"astrocyte_2",NA,NA,NA,"male","M3",4,"0328_M3_T"
"2787445900584100125","20240503",3011.08081054688,8101.29910658312,4287.90059972504,"oligodendrocyte_progenitor_2",NA,NA,NA,"female","F3",1,"0503_F3_C"
"2656144900116100134","20240328",1739.29174804688,9154.06615581433,1223.55072958331,"oligodendrocyte_2",NA,NA,NA,"male","M1",1,"0328_M1_C"
"2795903600269100080","20240613",2855.72509765625,2653.95461534568,6612.97474706752,"DH_in_Cdh3",1,"inhibitory",10,"male","M4",2,"0613_M4_L"
"2787445900130100076","20240503",1726.18591308594,5412.01581248338,864.619002111314,"meninges_1",NA,NA,NA,"female","F5",1,"0503_F5_C"
"2707604700094100104","20240415",1897.15698242188,8147.59117003906,6070.52993086993,"DH_ex_Reln",1,"excitatory",6,"male","M3",3,"0415_M3_S"
"2656143800052100087","20240328",1652.95166015625,1786.23041543529,2964.32920535142,"astrocyte_1",NA,NA,NA,"male","M3",1,"0328_M3_C"
"2795903600186100133","20240613",605.9912109375,1276.20187509024,5894.25230556563,"DH_in_Pdyn",1,"inhibitory",2,"male","M4",3,"0613_M4_S"
"2707604700250100117","20240415",2518.28637695312,4842.50483823656,8060.61168881931,"astrocyte_1",NA,NA,NA,"male","M2",4,"0415_M2_T"
"2787889600410100063","20240503",4059.33862304688,6166.04195785336,8857.77598876893,"DH_ex_Sox5",1,"excitatory",5,"male","M4",2,"0503_M4_L"
"2795103300382100212","20240610",2046.78625488281,9304.17622452456,2893.66450553419,"DH_ex_Cpne4",1,"excitatory",3,"male","M5",3,"0610_M5_S"
"2796212800922100150","20240613",1400.59533691406,10100.0350731909,7864.02981045516,"DH_in_Pdyn",1,"inhibitory",2,"female","F4",1,"0613_F4_C"
"2946331700000003541","20240415",1554.43957519531,9235.94136194966,1023.66651605046,"endothelial",NA,NA,NA,"female","F2",1,"0415_F2_C"
"2795103300230100111","20240610",1757.82885742188,5940.56849875383,1639.69361216034,"endothelial",NA,NA,NA,"male","M4",2,"0610_M4_L"
"2707737900087100135","20240415",411.847351074219,10824.503117881,9579.31833645154,"MV_in_Sema5b",4,"inhibitory",15,"female","F1",2,"0415_F1_L"
"2787889600448100030","20240503",1739.33251953125,6698.89620549849,9131.46221768865,"oligodendrocyte_progenitor_2",NA,NA,NA,"male","M4",4,"0503_M4_T"
"2656144300188100239","20240328",3092.94750976562,9057.98284784085,12688.2797986693,"astrocyte_1",NA,NA,NA,"female","F2",2,"0328_F2_L"
"2795103300380100106","20240610",4506.90380859375,8593.55569002044,2785.39048618791,"astrocyte_1",NA,NA,NA,"male","M5",3,"0610_M5_S"
"2796212800460100017","20240613",6359.751953125,6122.12031627912,3826.63900687394,"oligodendrocyte_2",NA,NA,NA,"female","F4",2,"0613_F4_L"
"2787889600544100149","20240503",396.936614990234,3478.05282954569,10206.4213494889,"DH_ex_Reln/Npff",1,"excitatory",1,"male","M4",3,"0503_M4_S"
"2707604700248100072","20240415",2074.65600585938,4255.67618009802,8005.5750845141,"astrocyte_1",NA,NA,NA,"male","M2",4,"0415_M2_T"
"2707604700060100131","20240415",1782.28942871094,5247.83552156101,5841.83322697482,"endothelial",NA,NA,NA,"male","M2",2,"0415_M2_L"
"2795903600323100066","20240613",2141.8779296875,3072.02040922387,7291.54955485839,"astrocyte_2",NA,NA,NA,"male","M4",2,"0613_M4_L"
"2656144900111100321","20240328",1580.26879882812,7912.02470968984,1291.0475131101,"oligodendrocyte_progenitor_2",NA,NA,NA,"male","M1",1,"0328_M1_C"
"2707604800242100223","20240415",3027.64892578125,3313.2462014592,6194.59226014279,"oligodendrocyte_progenitor_2",NA,NA,NA,"male","M1",4,"0415_M1_T"
"2787445900130100144","20240503",1908.68420410156,5546.55217415944,974.237930230855,"oligodendrocyte_2",NA,NA,NA,"female","F5",1,"0503_F5_C"
"2787889600444100168","20240503",2229.51586914062,5689.62160251196,9243.9169267094,"oligodendrocyte_progenitor_2",NA,NA,NA,"male","M4",2,"0503_M4_L"
"2656144900192100014","20240328",1882.55859375,8821.42335260269,1867.47064228315,"endothelial",NA,NA,NA,"male","M1",1,"0328_M1_C"
"2726544600410100154","20240422",4082.13232421875,5572.55789879512,10796.2542386935,"DM_ex_Zfhx3",2,"excitatory",11,"female","F1",3,"0422_F1_S"
"2787889600584100018","20240503",2181.0302734375,4493.07259017153,10236.9456143453,"pericyte",NA,NA,NA,"male","M4",3,"0503_M4_S"
"2795584800435100084","20240610",3171.45947265625,866.268481260391,7194.63786572026,"DH_ex_Sox5/Tac1",1,"excitatory",5,"female","F4",1,"0610_F4_C"
"2787445900655100067","20240503",3561.134765625,7459.25036527205,4780.93615464732,"astrocyte_1",NA,NA,NA,"female","F3",1,"0503_F3_C"
"2787445900618100152","20240503",4568.0703125,7363.55258739449,4649.10863544773,"oligodendrocyte_2",NA,NA,NA,"female","F3",1,"0503_F3_C"
"2796212800922100039","20240613",1641.36328125,9964.20262794942,7760.18541277695,"DH_in_Npy2r",1,"inhibitory",9,"female","F4",1,"0613_F4_C"
